target,first_transit_time,mean_detrended_flux,std_detrended_flux,kernel_size,prominence,data_dir,num_peaks,quality_flag,estimated_period_days,final_ranking_score,period_stability_cv,period_stability_flag,review_status,review_reason,mean_transit_depth,median_transit_depth,max_transit_depth,median_transit_duration,snr_flag,period_agreement,run_id,fetched_at_utc,source_url,local_path,bls_period_days,bls_duration_days,bls_depth,bls_power,flux_noise,transit_snr,depth_consistency_cv,valid_fraction,observation_baseline_days,ml_probability,ml_model_status,ml_review_status
kplr004665989-2009166043257_llc.fits,131.63491255541157,0.9773098875945068,0.07050917071838757,101,0.0002,/Users/adarsh/Documents/MyCodeProjects/Exoplanet_Transit_Research/kepler_llc_downloads,33,high_confidence,1.1238953143292747,100.0,0.2608545276726637,moderate,review_now,very high score with acceptable stability/confidence,0.22173641109882108,0.19512204084800744,0.30204103799066484,5.899655778377252,strong,0.00430270017388425,90fcd581-cda7-44e8-aa50-55d5073b700c,2026-08-12T23:00:36.850610+00:00,https://archive.stsci.edu/pub/kepler/lightcurves/0046/004665989/kplr004665989-2009166043257_llc.fits,/Users/adarsh/Documents/MyCodeProjects/Exoplanet_Transit_Research/kepler_llc_downloads/kplr004665989-2009166043257_llc.fits,1.1190595297648824,0.212,0.1294297709346505,2.5798181030461995,0.07050917071838757,15.89709219313541,0.4098420964444539,0.9908480780964003,33.47167419131438,0.025144719,active,low_priority
kplr004725292-2009166043257_llc.fits,132.02389424209105,1.001174851411191,0.029790032524944533,101,0.0002,/Users/adarsh/Documents/MyCodeProjects/Exoplanet_Transit_Research/kepler_llc_downloads,67,high_confidence,0.5721583480953996,100.0,0.3105326900867971,moderate,review_now,very high score with acceptable stability/confidence,0.03305782628926203,0.04057730177586749,0.05053069015379141,13.903050028682742,strong,0.003720640419689181,90fcd581-cda7-44e8-aa50-55d5073b700c,2026-08-12T23:00:36.850610+00:00,https://archive.stsci.edu/pub/kepler/lightcurves/0047/004725292/kplr004725292-2009166043257_llc.fits,/Users/adarsh/Documents/MyCodeProjects/Exoplanet_Transit_Research/kepler_llc_downloads/kplr004725292-2009166043257_llc.fits,0.5742871435717859,0.156,0.034320538605660075,0.2632605092358119,0.029790032524944533,11.149351021623978,0.6842007273859712,0.9908480780964003,33.47133090651187,0.06478388,active,low_priority
kplr005196851-2009131105131_llc.fits,120.55936341305642,1.0005767008377118,0.003756798944634423,101,0.0002,/Users/adarsh/Documents/MyCodeProjects/Exoplanet_Transit_Research/kepler_llc_downloads,123,high_confidence,0.08173828495637281,98.0,0.18111631384711285,stable,review_now,very high score with acceptable stability/confidence,0.0033302655043609096,0.0033109774154138627,0.0076544712686591465,1.9629195761746132,moderate,41.470743602270524,90fcd581-cda7-44e8-aa50-55d5073b700c,2026-08-12T23:00:36.850610+00:00,https://archive.stsci.edu/pub/kepler/lightcurves/0051/005196851/kplr005196851-2009131105131_llc.fits,/Users/adarsh/Documents/MyCodeProjects/Exoplanet_Transit_Research/kepler_llc_downloads/kplr005196851-2009131105131_llc.fits,3.4714857428714354,0.04,0.0064733180065464704,0.0001257115380416363,0.003756798944634423,9.774416049064836,0.553974819523648,0.9852941176470589,9.706422362905869,0.37731233,active,low_priority
kplr004645174-2009166043257_llc.fits,131.57402820246352,1.000018911860877,0.00027707445492093684,101,0.0002,/Users/adarsh/Documents/MyCodeProjects/Exoplanet_Transit_Research/kepler_llc_downloads,389,high_confidence,0.08173728308611317,93.0,0.4730649040234958,moderate,review_now,very high score with acceptable stability/confidence,0.0002698532717990179,0.0002666999916091095,0.0008190834871018016,1.6831258497188628,strong,98.42602812160348,90fcd581-cda7-44e8-aa50-55d5073b700c,2026-08-12T23:00:36.850610+00:00,https://archive.stsci.edu/pub/kepler/lightcurves/0046/004645174/kplr004645174-2009166043257_llc.fits,/Users/adarsh/Documents/MyCodeProjects/Exoplanet_Transit_Research/kepler_llc_downloads/kplr004645174-2009166043257_llc.fits,8.126813406703352,0.068,0.00036601712137502613,9.377797319776244e-07,0.00027707445492093684,18.984594056695467,0.6511755042914321,0.9908480780964003,33.47150116706325,0.82193583,active,review_now
kplr009970396-2009131105131_llc.fits,120.68148572782957,1.0030153307886944,0.0120538899638573,101,0.0002,/Users/adarsh/Documents/MyCodeProjects/Exoplanet_Transit_Research/kepler_llc_downloads,46,high_confidence,0.1839098311975249,93.0,0.43059305292018096,moderate,review_now,very high score with acceptable stability/confidence,-0.0009508457533985051,0.00029474625366282536,0.001016985893577238,3.658997390216321,weak,3.73838571970076,90fcd581-cda7-44e8-aa50-55d5073b700c,2026-08-12T23:00:36.850610+00:00,https://archive.stsci.edu/pub/kepler/lightcurves/0099/009970396/kplr009970396-2009131105131_llc.fits,/Users/adarsh/Documents/MyCodeProjects/Exoplanet_Transit_Research/kepler_llc_downloads/kplr009970396-2009131105131_llc.fits,0.8714357178589294,0.3,0.004353760334627065,0.0015258959386354437,0.0120538899638573,0.1658440851563503,,0.9852941176470589,9.706349036561733,0.19954924,active,low_priority
kplr001718189-2009166043257_llc.fits,131.55357808604458,1.0000209714868509,0.00027217180393295415,101,0.0002,/Users/adarsh/Documents/MyCodeProjects/Exoplanet_Transit_Research/kepler_llc_downloads,385,high_confidence,0.08173770445137052,93.0,0.4816473437770175,moderate,review_now,very high score with acceptable stability/confidence,0.0002584578467797,0.000255711265757963,0.0008223142639571801,1.6323819311625698,strong,19.355745578197247,90fcd581-cda7-44e8-aa50-55d5073b700c,2026-08-12T23:00:36.850610+00:00,https://archive.stsci.edu/pub/kepler/lightcurves/0017/001718189/kplr001718189-2009166043257_llc.fits,/Users/adarsh/Documents/MyCodeProjects/Exoplanet_Transit_Research/kepler_llc_downloads/kplr001718189-2009166043257_llc.fits,1.6638319159579789,0.3,9.121413851170541e-05,1.2147227834071568e-06,0.00027217180393295415,18.434743317928177,0.7044337659009755,0.9908480780964003,33.47163451778761,0.79145175,active,review_now
kplr005683743-2009166043257_llc.fits,131.53342913524102,0.9999562331239354,0.0006307387837093165,101,0.0002,/Users/adarsh/Documents/MyCodeProjects/Exoplanet_Transit_Research/kepler_llc_downloads,374,high_confidence,0.08173709233960835,93.0,0.46456616075579976,moderate,review_now,very high score with acceptable stability/confidence,0.00034943265583553865,0.000290593519434279,0.004015129772267478,1.6971034366762012,moderate,49.65105592227317,90fcd581-cda7-44e8-aa50-55d5073b700c,2026-08-12T23:00:36.850610+00:00,https://archive.stsci.edu/pub/kepler/lightcurves/0056/005683743/kplr005683743-2009166043257_llc.fits,/Users/adarsh/Documents/MyCodeProjects/Exoplanet_Transit_Research/kepler_llc_downloads/kplr005683743-2009166043257_llc.fits,4.140070035017509,0.128,0.0027301560457485,0.00018634380085342717,0.0006307387837093165,8.909886866673249,1.5872132520874458,0.9908480780964003,33.47128434853221,0.6785214,active,review_with_caution
kplr010963242-2009166043257_llc.fits,131.53290113564435,1.0000197759110545,0.00031323886435242386,101,0.0002,/Users/adarsh/Documents/MyCodeProjects/Exoplanet_Transit_Research/kepler_llc_downloads,400,high_confidence,0.08173610234371154,93.0,0.48193217984185455,moderate,review_now,very high score with acceptable stability/confidence,0.0002814129850868313,0.0002745361187947437,0.0009667253837947198,1.6978283724851053,strong,24.203428545501165,90fcd581-cda7-44e8-aa50-55d5073b700c,2026-08-12T23:00:36.850610+00:00,https://archive.stsci.edu/pub/kepler/lightcurves/0109/010963242/kplr010963242-2009166043257_llc.fits,/Users/adarsh/Documents/MyCodeProjects/Exoplanet_Transit_Research/kepler_llc_downloads/kplr010963242-2009166043257_llc.fits,2.060030015007504,0.212,0.00012664791224705873,1.3152548814761725e-06,0.0003132388643524239,17.528866947101694,0.7677110092189072,0.9908480780964003,33.471112216837355,0.9337764,active,review_now
kplr008111919-2009166043257_llc.fits,131.5528437458779,1.0000128127933172,0.00021892387109467414,101,0.0002,/Users/adarsh/Documents/MyCodeProjects/Exoplanet_Transit_Research/kepler_llc_downloads,322,high_confidence,0.10217192808340769,93.0,0.4316084934330775,moderate,review_now,very high score with acceptable stability/confidence,0.0002046972082597656,0.00019122070346877518,0.0006196679079447653,1.73815306094491,strong,3.893712092736733,90fcd581-cda7-44e8-aa50-55d5073b700c,2026-08-12T23:00:36.850610+00:00,https://archive.stsci.edu/pub/kepler/lightcurves/0081/008111919/kplr008111919-2009166043257_llc.fits,/Users/adarsh/Documents/MyCodeProjects/Exoplanet_Transit_Research/kepler_llc_downloads/kplr008111919-2009166043257_llc.fits,0.5,0.3,3.443888511510132e-05,5.770069070779631e-07,0.00021892387109467417,15.673634985427364,0.5810877232724866,0.9908480780964003,33.471576288939104,0.45018208,active,review_with_caution
kplr005009743-2009166043257_llc.fits,131.5329683305681,1.0000098357244314,0.00019270190905176573,101,0.0002,/Users/adarsh/Documents/MyCodeProjects/Exoplanet_Transit_Research/kepler_llc_downloads,326,high_confidence,0.08173808978608577,93.0,0.4697414681929627,moderate,review_now,very high score with acceptable stability/confidence,0.00020868309754193932,0.00020733766351171967,0.0006265998171680609,1.804280495956121,strong,245.35476968988218,90fcd581-cda7-44e8-aa50-55d5073b700c,2026-08-12T23:00:36.850610+00:00,https://archive.stsci.edu/pub/kepler/lightcurves/0050/005009743/kplr005009743-2009166043257_llc.fits,/Users/adarsh/Documents/MyCodeProjects/Exoplanet_Transit_Research/kepler_llc_downloads/kplr005009743-2009166043257_llc.fits,20.13656828414207,0.3,0.00019852133838164576,5.911608268925985e-07,0.00019270190905176573,19.426787204684786,0.5887106580699907,0.9908480780964003,33.47156556976552,0.85494417,active,review_now
kplr003662635-2009166043257_llc.fits,131.55316652610054,0.9937182682315869,0.032489461535348506,101,0.0002,/Users/adarsh/Documents/MyCodeProjects/Exoplanet_Transit_Research/kepler_llc_downloads,110,high_confidence,0.32695323981170077,93.0,0.497311575430807,moderate,review_now,very high score with acceptable stability/confidence,0.048626528774468006,0.059910832383304524,0.11474923364392542,2.623336399730306,strong,1.8925324672585506,90fcd581-cda7-44e8-aa50-55d5073b700c,2026-08-12T23:00:36.850610+00:00,https://archive.stsci.edu/pub/kepler/lightcurves/0036/003662635/kplr003662635-2009166043257_llc.fits,/Users/adarsh/Documents/MyCodeProjects/Exoplanet_Transit_Research/kepler_llc_downloads/kplr003662635-2009166043257_llc.fits,0.9457228614307154,0.3,0.038694099396219504,0.3825431153255935,0.032489461535348506,19.340120807014358,1.1016168113131921,0.9908480780964003,33.47173061456124,0.015106637,active,low_priority
kplr003733628-2009131105131_llc.fits,120.68257670601452,1.0000643880261748,0.0003621275033897207,101,0.0002,/Users/adarsh/Documents/MyCodeProjects/Exoplanet_Transit_Research/kepler_llc_downloads,118,high_confidence,0.061303664748265874,93.0,0.46537330424450585,moderate,review_now,very high score with acceptable stability/confidence,0.00021497286493390012,0.00024551565583791346,0.0012389075978284092,1.4746600018190748,moderate,76.6320564900162,90fcd581-cda7-44e8-aa50-55d5073b700c,2026-08-12T23:00:36.850610+00:00,https://archive.stsci.edu/pub/kepler/lightcurves/0037/003733628/kplr003733628-2009131105131_llc.fits,/Users/adarsh/Documents/MyCodeProjects/Exoplanet_Transit_Research/kepler_llc_downloads/kplr003733628-2009131105131_llc.fits,4.759129564782391,0.128,0.0006055117186415927,2.5665110898860674e-06,0.0003621275033897207,7.364761448815205,1.3094968576775838,0.9852941176470589,9.706403893847892,0.69604677,active,review_with_caution
kplr007987749-2009166043257_llc.fits,131.5526372647364,0.9993510257962048,0.005726263204943441,101,0.0002,/Users/adarsh/Documents/MyCodeProjects/Exoplanet_Transit_Research/kepler_llc_downloads,382,high_confidence,0.08173793274181662,93.0,0.49019083227754995,moderate,review_now,very high score with acceptable stability/confidence,0.0008758288689724899,0.00026444666797215133,0.07683279083171823,1.6621952729453255,weak,207.18373652630345,90fcd581-cda7-44e8-aa50-55d5073b700c,2026-08-12T23:00:36.850610+00:00,https://archive.stsci.edu/pub/kepler/lightcurves/0079/007987749/kplr007987749-2009166043257_llc.fits,/Users/adarsh/Documents/MyCodeProjects/Exoplanet_Transit_Research/kepler_llc_downloads/kplr007987749-2009166043257_llc.fits,17.016508254127064,0.096,0.06199379841278843,0.019216155208227247,0.005726263204943441,0.9026065368779758,7.026567060318347,0.9908480780964003,33.471663910269854,0.24221985,active,low_priority
kplr004349442-2009166043257_llc.fits,131.57418449492252,1.0000164750875842,0.0006016609171926432,101,0.0002,/Users/adarsh/Documents/MyCodeProjects/Exoplanet_Transit_Research/kepler_llc_downloads,321,high_confidence,0.10217121591995237,93.0,0.4429159632296667,moderate,review_now,very high score with acceptable stability/confidence,0.0004634408490104977,0.00045235142554367336,0.001664694734427652,2.741317221507245,strong,218.38377802254982,90fcd581-cda7-44e8-aa50-55d5073b700c,2026-08-12T23:00:36.850610+00:00,https://archive.stsci.edu/pub/kepler/lightcurves/0043/004349442/kplr004349442-2009166043257_llc.fits,/Users/adarsh/Documents/MyCodeProjects/Exoplanet_Transit_Research/kepler_llc_downloads/kplr004349442-2009166043257_llc.fits,22.41470735367684,0.3,0.0010470518746434551,1.6444764422915606e-05,0.0006016609171926433,13.470281699523197,0.9484770987538707,0.9908480780964003,33.47143789661641,0.6505139,active,review_with_caution
kplr010155434-2009166043257_llc.fits,131.63443988027575,1.0000158796211438,0.00027510660560490775,101,0.0002,/Users/adarsh/Documents/MyCodeProjects/Exoplanet_Transit_Research/kepler_llc_downloads,397,high_confidence,0.08173729012560216,93.0,0.4696203316308198,moderate,review_now,very high score with acceptable stability/confidence,0.00027309420467307616,0.0002502556258047184,0.0011076932716259646,1.6368363532519652,strong,154.4719260625826,90fcd581-cda7-44e8-aa50-55d5073b700c,2026-08-12T23:00:36.850610+00:00,https://archive.stsci.edu/pub/kepler/lightcurves/0101/010155434/kplr010155434-2009166043257_llc.fits,/Users/adarsh/Documents/MyCodeProjects/Exoplanet_Transit_Research/kepler_llc_downloads/kplr010155434-2009166043257_llc.fits,12.707853926963482,0.068,0.0008238982215572425,2.3758289781981545e-06,0.00027510660560490775,18.125002881719475,0.6709550603193183,0.9908480780964003,33.47146641272411,0.90101457,active,review_now
kplr007120108-2009166043257_llc.fits,131.655376683113,1.0000124952152025,0.0002645561770669469,101,0.0002,/Users/adarsh/Documents/MyCodeProjects/Exoplanet_Transit_Research/kepler_llc_downloads,374,high_confidence,0.08173742958751973,93.0,0.48659385124729676,moderate,review_now,very high score with acceptable stability/confidence,0.00025909166375653376,0.0002472381761666198,0.0009799720794619882,1.6670307426546742,strong,122.96482657057624,90fcd581-cda7-44e8-aa50-55d5073b700c,2026-08-12T23:00:36.850610+00:00,https://archive.stsci.edu/pub/kepler/lightcurves/0071/007120108/kplr007120108-2009166043257_llc.fits,/Users/adarsh/Documents/MyCodeProjects/Exoplanet_Transit_Research/kepler_llc_downloads/kplr007120108-2009166043257_llc.fits,10.13256628314157,0.3,0.0002513151252456443,1.3895044278991457e-06,0.0002645561770669469,18.073132230333503,0.6181656007549199,0.9908480780964003,33.47151493631827,0.8682042,active,review_now
kplr007668663-2009131105131_llc.fits,120.62113988565397,1.000020033226453,0.0001234481989520383,101,0.0002,/Users/adarsh/Documents/MyCodeProjects/Exoplanet_Transit_Research/kepler_llc_downloads,66,high_confidence,0.12260661004984286,93.0,0.4559001022658097,moderate,review_now,very high score with acceptable stability/confidence,0.00013359767710947163,0.00012648818633431702,0.0005142812784364459,1.953458923744222,moderate,11.156728311939183,90fcd581-cda7-44e8-aa50-55d5073b700c,2026-08-12T23:00:36.850610+00:00,https://archive.stsci.edu/pub/kepler/lightcurves/0076/007668663/kplr007668663-2009131105131_llc.fits,/Users/adarsh/Documents/MyCodeProjects/Exoplanet_Transit_Research/kepler_llc_downloads/kplr007668663-2009131105131_llc.fits,1.4904952476238118,0.3,7.408218250456918e-05,2.387353847618529e-07,0.0001234481989520383,8.324097817838387,0.7088264601799517,0.9852941176470589,9.706342719575332,0.7960318,active,review_now
kplr008226050-2009166043257_llc.fits,131.6146272773767,1.0000279543103028,0.00037780822082190746,101,0.0002,/Users/adarsh/Documents/MyCodeProjects/Exoplanet_Transit_Research/kepler_llc_downloads,392,high_confidence,0.0817370877994108,93.0,0.43551503106490447,moderate,review_now,very high score with acceptable stability/confidence,0.000271087367631559,0.000253191548332643,0.0013015511549550052,1.7094023106630232,strong,83.58163747319142,90fcd581-cda7-44e8-aa50-55d5073b700c,2026-08-12T23:00:36.850610+00:00,https://archive.stsci.edu/pub/kepler/lightcurves/0082/008226050/kplr008226050-2009166043257_llc.fits,/Users/adarsh/Documents/MyCodeProjects/Exoplanet_Transit_Research/kepler_llc_downloads/kplr008226050-2009166043257_llc.fits,6.9134567283641815,0.128,0.0002926310054005104,1.32731003248656e-06,0.00037780822082190746,13.268469623340328,0.7185320222420118,0.9908480780964003,33.471371604609885,0.8794461,active,review_now
kplr011502172-2009166043257_llc.fits,131.61434969679976,0.9996099137026768,0.0036526112626269684,101,0.0002,/Users/adarsh/Documents/MyCodeProjects/Exoplanet_Transit_Research/kepler_llc_downloads,382,high_confidence,0.08173668185190763,93.0,0.4805815190132021,moderate,review_now,very high score with acceptable stability/confidence,0.0005711819400157897,0.00025544145479100555,0.05075924517110875,1.6539108169483825,weak,310.1909767148913,90fcd581-cda7-44e8-aa50-55d5073b700c,2026-08-12T23:00:36.850610+00:00,https://archive.stsci.edu/pub/kepler/lightcurves/0115/011502172/kplr011502172-2009166043257_llc.fits,/Users/adarsh/Documents/MyCodeProjects/Exoplanet_Transit_Research/kepler_llc_downloads/kplr011502172-2009166043257_llc.fits,25.435717858929465,0.128,0.03725414572283571,0.009021163927998808,0.0036526112626269684,1.3668460639348947,6.41067969966684,0.9908480780964003,33.47119132896478,0.36858603,active,low_priority
kplr007886329-2009131105131_llc.fits,120.64129542637966,0.9996358541314327,0.0018636077467993316,101,0.0002,/Users/adarsh/Documents/MyCodeProjects/Exoplanet_Transit_Research/kepler_llc_downloads,44,high_confidence,0.28608203233306995,93.0,0.3868878517872465,moderate,review_now,very high score with acceptable stability/confidence,0.003696217554578683,0.0032959524201896517,0.007521317906145852,1.9871465133944781,strong,2.9982305132109355,90fcd581-cda7-44e8-aa50-55d5073b700c,2026-08-12T23:00:36.850610+00:00,https://archive.stsci.edu/pub/kepler/lightcurves/0078/007886329/kplr007886329-2009131105131_llc.fits,/Users/adarsh/Documents/MyCodeProjects/Exoplanet_Transit_Research/kepler_llc_downloads/kplr007886329-2009131105131_llc.fits,1.1438219109554777,0.04,0.003992634134989047,0.00011955845501909801,0.0018636077467993318,11.731478926729256,0.7395902311604107,0.9852941176470589,9.706358797520807,0.03537481,active,low_priority
kplr003556742-2009166043257_llc.fits,131.55324755512265,0.9998967054941605,0.000616091004366405,101,0.0002,/Users/adarsh/Documents/MyCodeProjects/Exoplanet_Transit_Research/kepler_llc_downloads,309,high_confidence,0.10217231388378423,93.0,0.49419084548593106,moderate,review_now,very high score with acceptable stability/confidence,0.0004835342700205526,0.00021475403319615172,0.0023449748815342897,1.6833616855426499,moderate,7.044360788506958,90fcd581-cda7-44e8-aa50-55d5073b700c,2026-08-12T23:00:36.850610+00:00,https://archive.stsci.edu/pub/kepler/lightcurves/0035/003556742/kplr003556742-2009166043257_llc.fits,/Users/adarsh/Documents/MyCodeProjects/Exoplanet_Transit_Research/kepler_llc_downloads/kplr003556742-2009166043257_llc.fits,0.8219109554777388,0.096,0.001110484851573707,0.00011530201262123242,0.000616091004366405,6.12739250390612,1.4239605037580654,0.9908480780964003,33.47170134681801,0.043981355,active,low_priority
kplr007259298-2009166043257_llc.fits,131.5946603174816,1.0000046063580428,0.00018627955261370075,101,0.0002,/Users/adarsh/Documents/MyCodeProjects/Exoplanet_Transit_Research/kepler_llc_downloads,327,high_confidence,0.102170316313277,93.0,0.469223157906082,moderate,review_now,very high score with acceptable stability/confidence,0.000210619519586832,0.00020874532895709397,0.0006833167873883106,1.8540342185247027,strong,83.1467361514613,90fcd581-cda7-44e8-aa50-55d5073b700c,2026-08-12T23:00:36.850610+00:00,https://archive.stsci.edu/pub/kepler/lightcurves/0072/007259298/kplr007259298-2009166043257_llc.fits,/Users/adarsh/Documents/MyCodeProjects/Exoplanet_Transit_Research/kepler_llc_downloads/kplr007259298-2009166043257_llc.fits,8.597298649324662,0.096,0.00022185959043041222,4.6760593972652745e-07,0.00018627955261370075,20.26401304094946,0.576149885382236,0.9908480780964003,33.471222075415426,0.9227245,active,review_now
kplr012107008-2009166043257_llc.fits,131.59384384083387,1.000028029697233,0.00036656104461376803,101,0.0002,/Users/adarsh/Documents/MyCodeProjects/Exoplanet_Transit_Research/kepler_llc_downloads,393,high_confidence,0.08173642219117028,93.0,0.47359246309149156,moderate,review_now,very high score with acceptable stability/confidence,0.0002661635346732818,0.0002601725345254824,0.0008951034037318895,1.6784472115249685,strong,13.599937718653676,90fcd581-cda7-44e8-aa50-55d5073b700c,2026-08-12T23:00:36.850610+00:00,https://archive.stsci.edu/pub/kepler/lightcurves/0121/012107008/kplr012107008-2009166043257_llc.fits,/Users/adarsh/Documents/MyCodeProjects/Exoplanet_Transit_Research/kepler_llc_downloads/kplr012107008-2009166043257_llc.fits,1.1933466733366682,0.3,7.703610221292958e-05,1.2106504530088306e-06,0.0003665610446137679,14.070561004518474,0.6737687882206904,0.9908480780964003,33.471155800056295,0.6030629,active,review_with_caution
kplr010905746-2009131105131_llc.fits,120.55978351223894,1.000023501520401,0.0005770374965066198,101,0.0002,/Users/adarsh/Documents/MyCodeProjects/Exoplanet_Transit_Research/kepler_llc_downloads,146,high_confidence,0.06130268464767141,93.0,0.4728707138904972,moderate,review_now,very high score with acceptable stability/confidence,0.0003586141438904375,0.0003043665112801297,0.0024853779292950406,1.2342860859974678,moderate,108.14033106546773,90fcd581-cda7-44e8-aa50-55d5073b700c,2026-08-12T23:00:36.850610+00:00,https://archive.stsci.edu/pub/kepler/lightcurves/0109/010905746/kplr010905746-2009131105131_llc.fits,/Users/adarsh/Documents/MyCodeProjects/Exoplanet_Transit_Research/kepler_llc_downloads/kplr010905746-2009131105131_llc.fits,6.690595297648824,0.3,0.001448466932945783,1.5735423418780226e-05,0.0005770374965066198,6.373371870779645,1.4406900187490397,0.9852941176470589,9.706262524901831,0.5840757,active,review_with_caution
kplr006422155-2009166043257_llc.fits,131.5538063977947,1.0000115261012383,0.00042851993257474576,101,0.0002,/Users/adarsh/Documents/MyCodeProjects/Exoplanet_Transit_Research/kepler_llc_downloads,394,high_confidence,0.08173639279266354,93.0,0.4912402830192514,moderate,review_now,very high score with acceptable stability/confidence,0.0002804877527949129,0.0002577892371320445,0.0010167370626753547,1.5823907424280321,strong,77.22031906374441,90fcd581-cda7-44e8-aa50-55d5073b700c,2026-08-12T23:00:36.850610+00:00,https://archive.stsci.edu/pub/kepler/lightcurves/0064/006422155/kplr006422155-2009166043257_llc.fits,/Users/adarsh/Documents/MyCodeProjects/Exoplanet_Transit_Research/kepler_llc_downloads/kplr006422155-2009166043257_llc.fits,6.393446723361681,0.128,0.00047548349780101613,3.6173529068974224e-06,0.00042851993257474576,11.94103205894692,0.7952226305377067,0.9908480780964003,33.47126424209273,0.8835824,active,review_now
kplr010549023-2009166043257_llc.fits,131.57309929504117,1.000017132553664,0.0003218644897386392,101,0.0002,/Users/adarsh/Documents/MyCodeProjects/Exoplanet_Transit_Research/kepler_llc_downloads,400,high_confidence,0.08173723843356129,93.0,0.48474497475419176,moderate,review_now,very high score with acceptable stability/confidence,0.00027431916732984505,0.00026709186156281817,0.0010770380029949678,1.4726913939401243,strong,14.50864503379116,90fcd581-cda7-44e8-aa50-55d5073b700c,2026-08-12T23:00:36.850610+00:00,https://archive.stsci.edu/pub/kepler/lightcurves/0105/010549023/kplr010549023-2009166043257_llc.fits,/Users/adarsh/Documents/MyCodeProjects/Exoplanet_Transit_Research/kepler_llc_downloads/kplr010549023-2009166043257_llc.fits,1.2676338169084542,0.3,0.00013572200989601742,3.6012007061769644e-06,0.0003218644897386392,16.596541095894267,0.8736912333222419,0.9908480780964003,33.471448628013604,0.8112479,active,review_now
kplr010965008-2009166043257_llc.fits,131.5532731766216,1.0000154078324084,0.0002631804645530531,101,0.0002,/Users/adarsh/Documents/MyCodeProjects/Exoplanet_Transit_Research/kepler_llc_downloads,390,high_confidence,0.08173641154280631,93.0,0.4740157898610922,moderate,review_now,very high score with acceptable stability/confidence,0.0002578334148956582,0.00024090402311888193,0.0008913761426864175,1.7017706940989967,strong,230.2121228213569,90fcd581-cda7-44e8-aa50-55d5073b700c,2026-08-12T23:00:36.850610+00:00,https://archive.stsci.edu/pub/kepler/lightcurves/0109/010965008/kplr010965008-2009166043257_llc.fits,/Users/adarsh/Documents/MyCodeProjects/Exoplanet_Transit_Research/kepler_llc_downloads/kplr010965008-2009166043257_llc.fits,18.898449224612307,0.212,0.00029840184978281357,8.904366395380484e-07,0.0002631804645530531,18.0768480371643,0.6524949113709614,0.9908480780964003,33.471143528367975,0.8754138,active,review_now
kplr008804283-2009166043257_llc.fits,131.55353871601255,1.00001993351257,0.0003600625610698572,101,0.0002,/Users/adarsh/Documents/MyCodeProjects/Exoplanet_Transit_Research/kepler_llc_downloads,399,high_confidence,0.08173643342888681,93.0,0.46612345055014587,moderate,review_now,very high score with acceptable stability/confidence,0.0002744156741384468,0.0002697412281146283,0.0009490890140888553,1.5855149868863236,strong,278.0787962698733,90fcd581-cda7-44e8-aa50-55d5073b700c,2026-08-12T23:00:36.850610+00:00,https://archive.stsci.edu/pub/kepler/lightcurves/0088/008804283/kplr008804283-2009166043257_llc.fits,/Users/adarsh/Documents/MyCodeProjects/Exoplanet_Transit_Research/kepler_llc_downloads/kplr008804283-2009166043257_llc.fits,22.810905452726363,0.244,0.00047896095387635183,2.752843144057738e-06,0.0003600625610698572,14.964279528526207,0.7527374883138227,0.9908480780964003,33.47122015200148,0.93260854,active,review_now
kplr010873260-2009166043257_llc.fits,131.53224407377274,0.9999968482808236,0.00033680001569321414,101,0.0002,/Users/adarsh/Documents/MyCodeProjects/Exoplanet_Transit_Research/kepler_llc_downloads,381,high_confidence,0.08173718483158154,93.0,0.490987789985467,moderate,review_now,very high score with acceptable stability/confidence,0.00028855930101118096,0.000252392159318382,0.0015136210669323136,1.6971320884395027,strong,70.55463390646136,90fcd581-cda7-44e8-aa50-55d5073b700c,2026-08-12T23:00:36.850610+00:00,https://archive.stsci.edu/pub/kepler/lightcurves/0108/010873260/kplr010873260-2009166043257_llc.fits,/Users/adarsh/Documents/MyCodeProjects/Exoplanet_Transit_Research/kepler_llc_downloads/kplr010873260-2009166043257_llc.fits,5.848674337168584,0.184,0.0009194697028033143,1.9022052023397338e-05,0.00033680001569321414,14.627369897701861,0.9293414627083368,0.9908480780964003,33.47141702020599,0.88861215,active,review_now
kplr008953475-2009131105131_llc.fits,120.66154779600765,1.0000302892595772,0.00017848396481044923,101,0.0002,/Users/adarsh/Documents/MyCodeProjects/Exoplanet_Transit_Research/kepler_llc_downloads,79,high_confidence,0.1021721837023506,93.0,0.4995192238710321,moderate,review_now,very high score with acceptable stability/confidence,0.0001750567824094703,0.00017440014864211761,0.00045938297958647567,2.1575417967819703,moderate,15.042228670988802,90fcd581-cda7-44e8-aa50-55d5073b700c,2026-08-12T23:00:36.850610+00:00,https://archive.stsci.edu/pub/kepler/lightcurves/0089/008953475/kplr008953475-2009131105131_llc.fits,/Users/adarsh/Documents/MyCodeProjects/Exoplanet_Transit_Research/kepler_llc_downloads/kplr008953475-2009131105131_llc.fits,1.6390695347673836,0.244,0.00010715951280865419,4.019106414885843e-07,0.00017848396481044923,8.684827397161948,0.6272357881467201,0.9852941176470589,9.706346455110179,0.76874954,active,review_now
kplr004136466-2009131105131_llc.fits,120.56012436046876,1.000015033090419,0.00017965194447149848,101,0.0002,/Users/adarsh/Documents/MyCodeProjects/Exoplanet_Transit_Research/kepler_llc_downloads,87,high_confidence,0.10217236673634034,93.0,0.4931955265596206,moderate,review_now,very high score with acceptable stability/confidence,0.00019150702558059712,0.00019628516153347153,0.000425769100768858,1.6239063913764653,strong,16.253994372759735,90fcd581-cda7-44e8-aa50-55d5073b700c,2026-08-12T23:00:36.850610+00:00,https://archive.stsci.edu/pub/kepler/lightcurves/0041/004136466/kplr004136466-2009131105131_llc.fits,/Users/adarsh/Documents/MyCodeProjects/Exoplanet_Transit_Research/kepler_llc_downloads/kplr004136466-2009131105131_llc.fits,1.7628814407203601,0.128,0.00016102786780376011,4.019146002460912e-07,0.00017965194447149848,10.190961803978219,0.6155295724330938,0.9852941176470589,9.706385186604166,0.82568467,active,review_now
kplr007747425-2009166043257_llc.fits,131.6146222147072,1.000023351586615,0.0003391808439109095,101,0.0002,/Users/adarsh/Documents/MyCodeProjects/Exoplanet_Transit_Research/kepler_llc_downloads,395,high_confidence,0.08173702295243856,93.0,0.47141540023774464,moderate,review_now,very high score with acceptable stability/confidence,0.00024934791720906697,0.0002453855620644374,0.0007775215757317433,1.6894517613800417,strong,5.117178995997222,90fcd581-cda7-44e8-aa50-55d5073b700c,2026-08-12T23:00:36.850610+00:00,https://archive.stsci.edu/pub/kepler/lightcurves/0077/007747425/kplr007747425-2009166043257_llc.fits,/Users/adarsh/Documents/MyCodeProjects/Exoplanet_Transit_Research/kepler_llc_downloads/kplr007747425-2009166043257_llc.fits,0.5,0.3,7.92075860769139e-05,3.045950141529953e-06,0.00033918084391090943,14.378587930422642,0.7715858857595671,0.9908480780964003,33.47141278175695,0.6145127,active,review_with_caution
kplr002442448-2009166043257_llc.fits,131.6148191321554,1.0000209233562405,0.00031449724880172733,101,0.0002,/Users/adarsh/Documents/MyCodeProjects/Exoplanet_Transit_Research/kepler_llc_downloads,386,high_confidence,0.08173789373540785,93.0,0.43115509125386264,moderate,review_now,very high score with acceptable stability/confidence,0.0002576076802446403,0.0002438474792595402,0.000750317124337263,1.7126609693551131,strong,211.42511639707052,90fcd581-cda7-44e8-aa50-55d5073b700c,2026-08-12T23:00:36.850610+00:00,https://archive.stsci.edu/pub/kepler/lightcurves/0024/002442448/kplr002442448-2009166043257_llc.fits,/Users/adarsh/Documents/MyCodeProjects/Exoplanet_Transit_Research/kepler_llc_downloads/kplr002442448-2009166043257_llc.fits,17.363181590795396,0.3,0.0003164446338405483,1.4519894911539405e-06,0.00031449724880172733,15.233337782847657,0.6983392086771182,0.9908480780964003,33.47163495609129,0.7457875,active,review_with_caution
kplr009153246-2009166043257_llc.fits,131.57355075482337,1.000010495018614,0.0003055834597344744,101,0.0002,/Users/adarsh/Documents/MyCodeProjects/Exoplanet_Transit_Research/kepler_llc_downloads,395,high_confidence,0.08173703698048485,93.0,0.4445396003074976,moderate,review_now,very high score with acceptable stability/confidence,0.0002846288880420895,0.0002938838197416027,0.0009939139853168966,1.6646965621255276,strong,25.41494748929273,90fcd581-cda7-44e8-aa50-55d5073b700c,2026-08-12T23:00:36.850610+00:00,https://archive.stsci.edu/pub/kepler/lightcurves/0091/009153246/kplr009153246-2009166043257_llc.fits,/Users/adarsh/Documents/MyCodeProjects/Exoplanet_Transit_Research/kepler_llc_downloads/kplr009153246-2009166043257_llc.fits,2.159079539769885,0.3,0.00013340657334120004,1.9399072053598675e-06,0.0003055834597344744,19.113683053813663,0.7415756001864463,0.9908480780964003,33.471382784322486,0.92584455,active,review_now
kplr011134879-2009166043257_llc.fits,131.53255112040642,0.99999919927471,0.00027842305181240905,101,0.0002,/Users/adarsh/Documents/MyCodeProjects/Exoplanet_Transit_Research/kepler_llc_downloads,340,high_confidence,0.08173701515624998,93.0,0.4950258290774871,moderate,review_now,very high score with acceptable stability/confidence,0.00025637953758593756,0.00022650100157534103,0.001225601507885532,1.7021087698466317,strong,258.081986951267,90fcd581-cda7-44e8-aa50-55d5073b700c,2026-08-12T23:00:36.850610+00:00,https://archive.stsci.edu/pub/kepler/lightcurves/0111/011134879/kplr011134879-2009166043257_llc.fits,/Users/adarsh/Documents/MyCodeProjects/Exoplanet_Transit_Research/kepler_llc_downloads/kplr011134879-2009166043257_llc.fits,21.176588294147074,0.3,0.0005969519258073373,5.345274025876332e-06,0.00027842305181240905,15.00045373435672,0.7790918821307602,0.9908480780964003,33.471250239075744,0.8953285,active,review_now
kplr009631995-2009131105131_llc.fits,120.66211643537827,0.9998786282859736,0.0020371865933310035,101,0.0002,/Users/adarsh/Documents/MyCodeProjects/Exoplanet_Transit_Research/kepler_llc_downloads,84,high_confidence,0.10217149222444277,93.0,0.48543047222339264,moderate,review_now,very high score with acceptable stability/confidence,0.00041474051230451834,0.00016636259822794264,0.010265776110030433,1.8345785069826093,weak,76.35966074201184,90fcd581-cda7-44e8-aa50-55d5073b700c,2026-08-12T23:00:36.850610+00:00,https://archive.stsci.edu/pub/kepler/lightcurves/0096/009631995/kplr009631995-2009131105131_llc.fits,/Users/adarsh/Documents/MyCodeProjects/Exoplanet_Transit_Research/kepler_llc_downloads/kplr009631995-2009131105131_llc.fits,7.903951975987994,0.156,0.009176849271124212,0.0006316092190869973,0.0020371865933310035,0.7484529906929376,3.7024012687097816,0.9852941176470589,9.706283498984703,0.2878605,active,low_priority
kplr008162376-2009166043257_llc.fits,131.7371533748228,1.000028549622532,0.00028885549282804137,101,0.0002,/Users/adarsh/Documents/MyCodeProjects/Exoplanet_Transit_Research/kepler_llc_downloads,338,high_confidence,0.08173759221972432,93.0,0.4915478814742853,moderate,review_now,very high score with acceptable stability/confidence,0.00019684385712777355,0.00020960863596186652,0.0007059507406821375,1.7662436792677596,strong,73.58377453408056,90fcd581-cda7-44e8-aa50-55d5073b700c,2026-08-12T23:00:36.850610+00:00,https://archive.stsci.edu/pub/kepler/lightcurves/0081/008162376/kplr008162376-2009166043257_llc.fits,/Users/adarsh/Documents/MyCodeProjects/Exoplanet_Transit_Research/kepler_llc_downloads/kplr008162376-2009166043257_llc.fits,6.096298149074537,0.3,0.00022852421181485328,2.297825876966397e-06,0.00028885549282804137,13.340954147184753,1.2102005384642442,0.9908480780964003,33.47141620075854,0.814048,active,review_now
kplr010809677-2009166043257_llc.fits,131.61397996010783,0.9999314428651664,0.0006941808680798013,101,0.0002,/Users/adarsh/Documents/MyCodeProjects/Exoplanet_Transit_Research/kepler_llc_downloads,302,high_confidence,0.10217182831547689,93.0,0.43588709075395576,moderate,review_now,very high score with acceptable stability/confidence,0.0004161278866267699,0.00030846869151185397,0.005713200711817135,2.165588058570961,moderate,33.46165702722643,90fcd581-cda7-44e8-aa50-55d5073b700c,2026-08-12T23:00:36.850610+00:00,https://archive.stsci.edu/pub/kepler/lightcurves/0108/010809677/kplr010809677-2009166043257_llc.fits,/Users/adarsh/Documents/MyCodeProjects/Exoplanet_Transit_Research/kepler_llc_downloads/kplr010809677-2009166043257_llc.fits,3.5210105052526264,0.096,0.0035522240254440202,0.0002649842060657761,0.0006941808680798012,7.72221559718558,1.8963510649694273,0.9908480780964003,33.47142244900169,0.33248088,active,low_priority
kplr010801951-2009166043257_llc.fits,131.57325614716683,1.0000231667331114,0.0003042668973870119,101,0.0002,/Users/adarsh/Documents/MyCodeProjects/Exoplanet_Transit_Research/kepler_llc_downloads,372,high_confidence,0.08173717033787398,93.0,0.4572474963505765,moderate,review_now,very high score with acceptable stability/confidence,0.0002321616068454823,0.00021570181128571786,0.0007621759182644405,1.686054356896875,strong,5.420119255675282,90fcd581-cda7-44e8-aa50-55d5073b700c,2026-08-12T23:00:36.850610+00:00,https://archive.stsci.edu/pub/kepler/lightcurves/0108/010801951/kplr010801951-2009166043257_llc.fits,/Users/adarsh/Documents/MyCodeProjects/Exoplanet_Transit_Research/kepler_llc_downloads/kplr010801951-2009166043257_llc.fits,0.5247623811905953,0.3,4.6664954336576065e-05,1.009325925959297e-06,0.00030426689738701195,13.673212264738899,0.6382878912181343,0.9908480780964003,33.471357087328215,0.5957866,active,review_with_caution
kplr011074835-2009166043257_llc.fits,131.57365572616982,1.0000153116211539,0.00028063339817743625,101,0.0002,/Users/adarsh/Documents/MyCodeProjects/Exoplanet_Transit_Research/kepler_llc_downloads,281,high_confidence,0.10217101626403746,93.0,0.49669156755656063,moderate,review_now,very high score with acceptable stability/confidence,0.00020235046046210064,0.00020300097575642884,0.0005627927901321605,1.9572115032312922,strong,3.8937557663894147,90fcd581-cda7-44e8-aa50-55d5073b700c,2026-08-12T23:00:36.850610+00:00,https://archive.stsci.edu/pub/kepler/lightcurves/0110/011074835/kplr011074835-2009166043257_llc.fits,/Users/adarsh/Documents/MyCodeProjects/Exoplanet_Transit_Research/kepler_llc_downloads/kplr011074835-2009166043257_llc.fits,0.5,0.3,4.116397716322681e-05,8.23513885724804e-07,0.0002806333981774362,12.125842702433822,0.5950577343325228,0.9908480780964003,33.47115579353704,0.5970772,active,review_with_caution
kplr008685497-2009131105131_llc.fits,120.64123437550734,1.000028579704678,0.000187736071599885,101,0.0002,/Users/adarsh/Documents/MyCodeProjects/Exoplanet_Transit_Research/kepler_llc_downloads,91,high_confidence,0.1021719809359638,93.0,0.4886984470076606,moderate,review_now,very high score with acceptable stability/confidence,0.00017646511448642023,0.00016499397333957777,0.0004939698078936239,1.8713931893839515,moderate,4.863148774005222,90fcd581-cda7-44e8-aa50-55d5073b700c,2026-08-12T23:00:36.850610+00:00,https://archive.stsci.edu/pub/kepler/lightcurves/0086/008685497/kplr008685497-2009131105131_llc.fits,/Users/adarsh/Documents/MyCodeProjects/Exoplanet_Transit_Research/kepler_llc_downloads/kplr008685497-2009131105131_llc.fits,0.5990495247623812,0.3,6.145715022869521e-05,4.3812983245095975e-07,0.000187736071599885,8.383802740989179,0.5932160686867654,0.9852941176470589,9.706343273479433,0.4598909,active,review_with_caution
kplr010397751-2009166043257_llc.fits,131.5531412403434,1.000006654109226,0.00019591732041270902,101,0.0002,/Users/adarsh/Documents/MyCodeProjects/Exoplanet_Transit_Research/kepler_llc_downloads,318,high_confidence,0.1021708045664127,93.0,0.4960789225351991,moderate,review_now,very high score with acceptable stability/confidence,0.00020333433345397423,0.00019062409937753433,0.0006331668446148964,1.7642445167117273,strong,15.527170401706687,90fcd581-cda7-44e8-aa50-55d5073b700c,2026-08-12T23:00:36.850610+00:00,https://archive.stsci.edu/pub/kepler/lightcurves/0103/010397751/kplr010397751-2009166043257_llc.fits,/Users/adarsh/Documents/MyCodeProjects/Exoplanet_Transit_Research/kepler_llc_downloads/kplr010397751-2009166043257_llc.fits,1.6885942971485743,0.3,0.0001562217598432091,3.4167333547913023e-06,0.00019591732041270902,17.350761198788817,0.6971963311680442,0.9908480780964003,33.47124968016578,0.9485839,active,review_now
kplr009157634-2009166043257_llc.fits,131.55301261037675,0.9999998205947433,0.000280485914948374,101,0.0002,/Users/adarsh/Documents/MyCodeProjects/Exoplanet_Transit_Research/kepler_llc_downloads,363,high_confidence,0.08173740596248535,93.0,0.46229341524918005,moderate,review_now,very high score with acceptable stability/confidence,0.0002531437677257424,0.00023578035834781463,0.001287473020711194,1.675698378891184,strong,24.80892741270633,90fcd581-cda7-44e8-aa50-55d5073b700c,2026-08-12T23:00:36.850610+00:00,https://archive.stsci.edu/pub/kepler/lightcurves/0091/009157634/kplr009157634-2009166043257_llc.fits,/Users/adarsh/Documents/MyCodeProjects/Exoplanet_Transit_Research/kepler_llc_downloads/kplr009157634-2009166043257_llc.fits,2.109554777388694,0.096,0.0005047524155299484,9.426675036382754e-06,0.000280485914948374,16.015845793055817,0.8423488814478881,0.9908480780964003,33.471430888879695,0.9024478,active,review_now
kplr004932442-2009166043257_llc.fits,131.7166775126825,1.0000139201638023,0.00018783964577025457,101,0.0002,/Users/adarsh/Documents/MyCodeProjects/Exoplanet_Transit_Research/kepler_llc_downloads,321,high_confidence,0.1021719071904954,93.0,0.4999310164719928,moderate,review_now,very high score with acceptable stability/confidence,0.00020238735863455296,0.00019917775571820506,0.0005280654526127471,1.8403360688988641,strong,13.588112218017459,90fcd581-cda7-44e8-aa50-55d5073b700c,2026-08-12T23:00:36.850610+00:00,https://archive.stsci.edu/pub/kepler/lightcurves/0049/004932442/kplr004932442-2009166043257_llc.fits,/Users/adarsh/Documents/MyCodeProjects/Exoplanet_Transit_Research/kepler_llc_downloads/kplr004932442-2009166043257_llc.fits,1.4904952476238118,0.3,5.629512835627861e-05,5.149854899556062e-07,0.00018783964577025457,18.997921559293747,0.5235661973889914,0.9908480780964003,33.47164757993596,0.58113265,active,review_with_caution
kplr007534267-2009166043257_llc.fits,131.57353477169818,1.0000180002676566,0.00023086151932116207,101,0.0002,/Users/adarsh/Documents/MyCodeProjects/Exoplanet_Transit_Research/kepler_llc_downloads,373,high_confidence,0.081737510736275,93.0,0.49105524762446007,moderate,review_now,very high score with acceptable stability/confidence,0.0002305004235457359,0.00021812487321359875,0.0007765918883977374,1.673950285246292,strong,268.68366711019905,90fcd581-cda7-44e8-aa50-55d5073b700c,2026-08-12T23:00:36.850610+00:00,https://archive.stsci.edu/pub/kepler/lightcurves/0075/007534267/kplr007534267-2009166043257_llc.fits,/Users/adarsh/Documents/MyCodeProjects/Exoplanet_Transit_Research/kepler_llc_downloads/kplr007534267-2009166043257_llc.fits,22.04327163581791,0.212,0.0002518604581734764,6.660537491092112e-07,0.00023086151932116207,18.247696889352007,0.6582032730839512,0.9908480780964003,33.47153206066287,0.87706697,active,review_now
kplr010096697-2009166043257_llc.fits,131.61386869796843,1.0000124394197727,0.0002093260516517948,101,0.0002,/Users/adarsh/Documents/MyCodeProjects/Exoplanet_Transit_Research/kepler_llc_downloads,354,high_confidence,0.08173765636456665,93.0,0.48703914421698963,moderate,review_now,very high score with acceptable stability/confidence,0.00022300410307254104,0.00021156282304218843,0.0006132709139929915,1.7431709405892093,strong,87.82234196501612,90fcd581-cda7-44e8-aa50-55d5073b700c,2026-08-12T23:00:36.850610+00:00,https://archive.stsci.edu/pub/kepler/lightcurves/0100/010096697/kplr010096697-2009166043257_llc.fits,/Users/adarsh/Documents/MyCodeProjects/Exoplanet_Transit_Research/kepler_llc_downloads/kplr010096697-2009166043257_llc.fits,7.260130065032516,0.068,0.0002895482943212683,6.707057179548465e-07,0.0002093260516517948,19.01593581078745,0.6010257802037893,0.9908480780964003,33.47152120708779,0.579164,active,review_with_caution
kplr006383785-2009166043257_llc.fits,131.5529167201239,1.0000124403403141,0.0004379844276952539,101,0.0002,/Users/adarsh/Documents/MyCodeProjects/Exoplanet_Transit_Research/kepler_llc_downloads,396,high_confidence,0.08173762982187327,93.0,0.4989291319198391,moderate,review_now,very high score with acceptable stability/confidence,0.0002997875625743642,0.00027033243959179165,0.0018227961122313507,1.545488532626763,strong,67.82769807141801,90fcd581-cda7-44e8-aa50-55d5073b700c,2026-08-12T23:00:36.850610+00:00,https://archive.stsci.edu/pub/kepler/lightcurves/0063/006383785/kplr006383785-2009166043257_llc.fits,/Users/adarsh/Documents/MyCodeProjects/Exoplanet_Transit_Research/kepler_llc_downloads/kplr006383785-2009166043257_llc.fits,5.625812906453226,0.128,0.0010473340075142384,2.084126194262086e-05,0.00043798442769525393,12.2825088851501,0.9456274335915077,0.9908480780964003,33.471672287691035,0.84340066,active,review_now
kplr011972872-2009166043257_llc.fits,131.65473481268418,0.9995210369142071,0.002509281273982548,101,0.0002,/Users/adarsh/Documents/MyCodeProjects/Exoplanet_Transit_Research/kepler_llc_downloads,258,high_confidence,0.122605775584816,93.0,0.3133057631007513,moderate,review_now,very high score with acceptable stability/confidence,0.002184480829885908,0.0008173840063424587,0.00623643367821447,2.8814188292650442,moderate,5.5017212320123825,90fcd581-cda7-44e8-aa50-55d5073b700c,2026-08-12T23:00:36.850610+00:00,https://archive.stsci.edu/pub/kepler/lightcurves/0119/011972872/kplr011972872-2009166043257_llc.fits,/Users/adarsh/Documents/MyCodeProjects/Exoplanet_Transit_Research/kepler_llc_downloads/kplr011972872-2009166043257_llc.fits,0.7971485742871436,0.068,0.0037940474512956884,0.0008924773558863651,0.002509281273982548,5.232227788709933,1.1974937474480665,0.9908480780964003,33.47133497359755,0.06482071,active,low_priority
kplr009549648-2009131105131_llc.fits,120.62011387533857,1.0000124351440023,9.69393521072765e-05,101,0.0002,/Users/adarsh/Documents/MyCodeProjects/Exoplanet_Transit_Research/kepler_llc_downloads,36,high_confidence,0.2656476540432777,93.0,0.45756444368114774,moderate,review_now,very high score with acceptable stability/confidence,0.00014408756059364203,0.0001380686446701418,0.00029720808719957414,2.6866691193583137,moderate,9.55119971158763,90fcd581-cda7-44e8-aa50-55d5073b700c,2026-08-12T23:00:36.850610+00:00,https://archive.stsci.edu/pub/kepler/lightcurves/0095/009549648/kplr009549648-2009131105131_llc.fits,/Users/adarsh/Documents/MyCodeProjects/Exoplanet_Transit_Research/kepler_llc_downloads/kplr009549648-2009131105131_llc.fits,2.8029014507253627,0.3,8.785722152172191e-05,1.6209671884385526e-07,9.69393521072765e-05,8.545671597888347,0.42515316941375286,0.9852941176470589,9.706360868214688,0.8836261,active,review_now
kplr012643589-2009166043257_llc.fits,131.53252638378035,1.0000172603897028,0.000369307969944774,101,0.0002,/Users/adarsh/Documents/MyCodeProjects/Exoplanet_Transit_Research/kepler_llc_downloads,357,high_confidence,0.08173663249908714,93.0,0.4578836392094873,moderate,review_now,very high score with acceptable stability/confidence,0.00027223857297930496,0.0002462093770316809,0.0014057481464905264,1.7257007926837105,strong,31.777097157780595,90fcd581-cda7-44e8-aa50-55d5073b700c,2026-08-12T23:00:36.850610+00:00,https://archive.stsci.edu/pub/kepler/lightcurves/0126/012643589/kplr012643589-2009166043257_llc.fits,/Users/adarsh/Documents/MyCodeProjects/Exoplanet_Transit_Research/kepler_llc_downloads/kplr012643589-2009166043257_llc.fits,2.679089544772386,0.3,0.00028609622530008843,7.734924237375622e-06,0.00036930796994477405,12.596503659614259,1.1798251880251975,0.9908480780964003,33.47109523114341,0.59208214,active,review_with_caution
kplr011086270-2009131105131_llc.fits,120.78396037367202,1.0000105246581077,0.00010775919395659633,101,0.0002,/Users/adarsh/Documents/MyCodeProjects/Exoplanet_Transit_Research/kepler_llc_downloads,47,high_confidence,0.18390887958958047,93.0,0.4867528455289764,moderate,review_now,very high score with acceptable stability/confidence,0.00015776436259731856,0.00014649498245067338,0.0003103844857024196,1.8820031344631047,moderate,25.281584223342843,90fcd581-cda7-44e8-aa50-55d5073b700c,2026-08-12T23:00:36.850610+00:00,https://archive.stsci.edu/pub/kepler/lightcurves/0110/011086270/kplr011086270-2009131105131_llc.fits,/Users/adarsh/Documents/MyCodeProjects/Exoplanet_Transit_Research/kepler_llc_downloads/kplr011086270-2009131105131_llc.fits,4.833416708354177,0.156,0.00017300989927990942,2.394594019907552e-07,0.00010775919395659632,9.320030741675303,0.37114282310176927,0.9852941176470589,9.706303722072334,0.91088396,active,review_now
kplr004989057-2009166043257_llc.fits,131.67650840798888,1.0000140915461522,0.0003132786232057776,101,0.0002,/Users/adarsh/Documents/MyCodeProjects/Exoplanet_Transit_Research/kepler_llc_downloads,400,high_confidence,0.08173665193316992,93.0,0.4703350515256879,moderate,review_now,very high score with acceptable stability/confidence,0.00031129512545835346,0.00030769103956296284,0.0009422963990816102,1.6348406635853863,strong,75.40235180325325,90fcd581-cda7-44e8-aa50-55d5073b700c,2026-08-12T23:00:36.850610+00:00,https://archive.stsci.edu/pub/kepler/lightcurves/0049/004989057/kplr004989057-2009166043257_llc.fits,/Users/adarsh/Documents/MyCodeProjects/Exoplanet_Transit_Research/kepler_llc_downloads/kplr004989057-2009166043257_llc.fits,6.244872436218109,0.3,0.00015982091979593505,1.123879961794423e-06,0.0003132786232057776,19.643283439793173,0.6875097648075367,0.9908480780964003,33.47131564213487,0.9337065,active,review_now
kplr008299955-2009131105131_llc.fits,120.72289655754867,1.000022970516167,0.00016960538283970623,101,0.0002,/Users/adarsh/Documents/MyCodeProjects/Exoplanet_Transit_Research/kepler_llc_downloads,79,high_confidence,0.12260654631245416,93.0,0.4697079487917386,moderate,review_now,very high score with acceptable stability/confidence,0.00017862726067527615,0.0001736422576116281,0.0004689586587874883,1.976909525561524,moderate,8.32920749631531,90fcd581-cda7-44e8-aa50-55d5073b700c,2026-08-12T23:00:36.850610+00:00,https://archive.stsci.edu/pub/kepler/lightcurves/0082/008299955/kplr008299955-2009131105131_llc.fits,/Users/adarsh/Documents/MyCodeProjects/Exoplanet_Transit_Research/kepler_llc_downloads/kplr008299955-2009131105131_llc.fits,1.1438219109554777,0.212,9.708493230521058e-05,3.911575893493539e-07,0.00016960538283970623,9.099747418820906,0.632756135648582,0.9852941176470589,9.70635907639371,0.20158377,active,low_priority
kplr003847907-2009166043257_llc.fits,131.61479149993102,0.9999523806556494,0.0005339955094554798,101,0.0002,/Users/adarsh/Documents/MyCodeProjects/Exoplanet_Transit_Research/kepler_llc_downloads,397,high_confidence,0.08173735491436673,93.0,0.4661143196692637,moderate,review_now,very high score with acceptable stability/confidence,0.00033179835424918636,0.00025402169537225294,0.003617685400123194,1.6371402756934117,moderate,42.68302927559299,90fcd581-cda7-44e8-aa50-55d5073b700c,2026-08-12T23:00:36.850610+00:00,https://archive.stsci.edu/pub/kepler/lightcurves/0038/003847907/kplr003847907-2009166043257_llc.fits,/Users/adarsh/Documents/MyCodeProjects/Exoplanet_Transit_Research/kepler_llc_downloads/kplr003847907-2009166043257_llc.fits,3.570535267633817,0.096,0.002614874969496395,0.00014700777878112362,0.0005339955094554798,9.478256528906657,1.4494771020510941,0.9908480780964003,33.47158413044235,0.6645595,active,review_with_caution
kplr007888957-2009166043257_llc.fits,131.6962712079985,1.0000151915445044,0.0003613936339196837,101,0.0002,/Users/adarsh/Documents/MyCodeProjects/Exoplanet_Transit_Research/kepler_llc_downloads,320,high_confidence,0.10217131515673827,93.0,0.45447340265451824,moderate,review_now,very high score with acceptable stability/confidence,0.00031192503864377677,0.00029312237499018456,0.0011785054996414912,1.960970946377003,strong,212.56689176045592,90fcd581-cda7-44e8-aa50-55d5073b700c,2026-08-12T23:00:36.850610+00:00,https://archive.stsci.edu/pub/kepler/lightcurves/0078/007888957/kplr007888957-2009166043257_llc.fits,/Users/adarsh/Documents/MyCodeProjects/Exoplanet_Transit_Research/kepler_llc_downloads/kplr007888957-2009166043257_llc.fits,21.82041020510255,0.156,0.0007229388794373746,3.919804675516252e-06,0.0003613936339196837,14.509199823921694,0.9150357696328351,0.9908480780964003,33.47144293902966,0.41582647,active,review_with_caution
kplr009097892-2009131105131_llc.fits,120.57960829578951,1.0000143494279976,0.000182012106518963,101,0.0002,/Users/adarsh/Documents/MyCodeProjects/Exoplanet_Transit_Research/kepler_llc_downloads,75,high_confidence,0.12260656258513336,93.0,0.4849020239614643,moderate,review_now,very high score with acceptable stability/confidence,0.0001911371694228873,0.00017680847076328998,0.000783864184259353,1.9472810643767957,moderate,12.570496398206066,90fcd581-cda7-44e8-aa50-55d5073b700c,2026-08-12T23:00:36.850610+00:00,https://archive.stsci.edu/pub/kepler/lightcurves/0090/009097892/kplr009097892-2009131105131_llc.fits,/Users/adarsh/Documents/MyCodeProjects/Exoplanet_Transit_Research/kepler_llc_downloads/kplr009097892-2009131105131_llc.fits,1.6638319159579789,0.068,0.00042763345347963174,1.4629629642793308e-06,0.00018201210651896306,8.41266167475153,0.7910853387355252,0.9852941176470589,9.706355881840864,0.26174647,active,low_priority
kplr005307568-2009166043257_llc.fits,131.53238840915583,1.0000097875373906,0.0002634729932507352,101,0.0002,/Users/adarsh/Documents/MyCodeProjects/Exoplanet_Transit_Research/kepler_llc_downloads,368,high_confidence,0.08173828664439498,93.0,0.48153462145156195,moderate,review_now,very high score with acceptable stability/confidence,0.0002498385097351416,0.00024239722989044532,0.00100960544623796,1.5466862564285293,strong,128.41657549776485,90fcd581-cda7-44e8-aa50-55d5073b700c,2026-08-12T23:00:36.850610+00:00,https://archive.stsci.edu/pub/kepler/lightcurves/0053/005307568/kplr005307568-2009166043257_llc.fits,/Users/adarsh/Documents/MyCodeProjects/Exoplanet_Transit_Research/kepler_llc_downloads/kplr005307568-2009166043257_llc.fits,10.578289144572286,0.3,0.0003883913659414656,3.3186527690333034e-06,0.0002634729932507352,17.64881116549176,0.7989501332112318,0.9908480780964003,33.47177263251797,0.71371484,active,review_with_caution
kplr003428359-2009131105131_llc.fits,120.58045649439009,1.000028869445312,0.00021378428692713454,101,0.0002,/Users/adarsh/Documents/MyCodeProjects/Exoplanet_Transit_Research/kepler_llc_downloads,90,high_confidence,0.10217259607452434,93.0,0.485906673508856,moderate,review_now,very high score with acceptable stability/confidence,0.0001836050892243208,0.00019866562838943835,0.0005617716846672005,2.0287513219780564,moderate,66.42213285986193,90fcd581-cda7-44e8-aa50-55d5073b700c,2026-08-12T23:00:36.850610+00:00,https://archive.stsci.edu/pub/kepler/lightcurves/0034/003428359/kplr003428359-2009131105131_llc.fits,/Users/adarsh/Documents/MyCodeProjects/Exoplanet_Transit_Research/kepler_llc_downloads/kplr003428359-2009131105131_llc.fits,6.888694347173587,0.3,0.00021218855488002123,6.753597423310767e-07,0.00021378428692713454,8.815931528868997,0.7786135093018598,0.9852941176470589,9.706404606658907,0.87955093,active,review_now
kplr010713616-2009131105131_llc.fits,120.58023770844011,1.0000220149818426,0.0001717414490858573,101,0.0002,/Users/adarsh/Documents/MyCodeProjects/Exoplanet_Transit_Research/kepler_llc_downloads,84,high_confidence,0.10217119408480357,93.0,0.49850920200747295,moderate,review_now,very high score with acceptable stability/confidence,0.00017820593177042809,0.00017638380000595255,0.000503691540851281,1.7838707386433157,moderate,10.195150660626409,90fcd581-cda7-44e8-aa50-55d5073b700c,2026-08-12T23:00:36.850610+00:00,https://archive.stsci.edu/pub/kepler/lightcurves/0107/010713616/kplr010713616-2009131105131_llc.fits,/Users/adarsh/Documents/MyCodeProjects/Exoplanet_Transit_Research/kepler_llc_downloads/kplr010713616-2009131105131_llc.fits,1.1438219109554777,0.3,9.429229851959354e-05,5.245712160463804e-07,0.0001717414490858573,9.412895013913,0.6032873427351151,0.9852941176470589,9.70626585996797,0.7176209,active,review_with_caution
kplr010854768-2009166043257_llc.fits,131.63483979420562,1.000015769785297,0.00017947010802638267,101,0.0002,/Users/adarsh/Documents/MyCodeProjects/Exoplanet_Transit_Research/kepler_llc_downloads,283,high_confidence,0.10217129386001034,93.0,0.48253390197613083,moderate,review_now,very high score with acceptable stability/confidence,0.00018097240017912882,0.00016891831540666313,0.0006062874593547596,1.9615388972453047,strong,97.92997847125386,90fcd581-cda7-44e8-aa50-55d5073b700c,2026-08-12T23:00:36.850610+00:00,https://archive.stsci.edu/pub/kepler/lightcurves/0108/010854768/kplr010854768-2009166043257_llc.fits,/Users/adarsh/Documents/MyCodeProjects/Exoplanet_Transit_Research/kepler_llc_downloads/kplr010854768-2009166043257_llc.fits,10.107803901950975,0.212,0.0002925282324457443,1.2835915016674711e-06,0.00017947010802638267,15.833533131888965,0.6237851749934177,0.9908480780964003,33.47122838116775,0.846823,active,review_now
kplr010337258-2009131105131_llc.fits,120.62065850259387,1.000030714790607,0.00018991063008965436,101,0.0002,/Users/adarsh/Documents/MyCodeProjects/Exoplanet_Transit_Research/kepler_llc_downloads,75,high_confidence,0.12260596310079563,93.0,0.49941516037442985,moderate,review_now,very high score with acceptable stability/confidence,0.00015091477780061703,0.00016594857357710158,0.0003687386997377473,1.8178304800938463,moderate,22.466954800002526,90fcd581-cda7-44e8-aa50-55d5073b700c,2026-08-12T23:00:36.850610+00:00,https://archive.stsci.edu/pub/kepler/lightcurves/0103/010337258/kplr010337258-2009131105131_llc.fits,/Users/adarsh/Documents/MyCodeProjects/Exoplanet_Transit_Research/kepler_llc_downloads/kplr010337258-2009131105131_llc.fits,2.8771885942971487,0.244,0.00019145074285413573,8.613545930759095e-07,0.0001899106300896544,7.567542710574689,0.9201576959142274,0.9852941176470589,9.706311967420334,0.8962825,active,review_now
kplr004848423-2010355172524_llc.fits,630.788573988124,0.9696518678419314,0.091812063295893,101,0.0002,/Users/adarsh/Documents/MyCodeProjects/Exoplanet_Transit_Research/kepler_llc_downloads,96,high_confidence,1.0011994587766821,80.0,0.6138685177839106,unstable,review_with_caution,strong score but needs additional validation,0.2467341301832552,0.4007027023890036,0.415922932527946,5.547605399453573,strong,1.997405236232253,90fcd581-cda7-44e8-aa50-55d5073b700c,2026-08-12T23:00:36.850610+00:00,https://archive.stsci.edu/pub/kepler/lightcurves/0048/004848423/kplr004848423-2010355172524_llc.fits,/Users/adarsh/Documents/MyCodeProjects/Exoplanet_Transit_Research/kepler_llc_downloads/kplr004848423-2010355172524_llc.fits,3.0010005002501248,0.156,0.24835277546918527,7.093096624573469,0.091812063295893,42.7620129282628,0.8073177646129496,0.9659428571428571,89.37249990590499,0.011848201,active,low_priority
kplr002161623-2012277125453_llc.fits,1274.3446052422878,0.9394743917173037,0.1845683296743313,101,0.0002,/Users/adarsh/Documents/MyCodeProjects/Exoplanet_Transit_Research/kepler_llc_downloads,103,high_confidence,1.1442439528545947,80.0,0.8277391275400553,unstable,review_with_caution,strong score but needs additional validation,0.35160189945048226,0.11295527896764679,0.8632837451490082,7.839284829995108,moderate,0.995109032499262,90fcd581-cda7-44e8-aa50-55d5073b700c,2026-08-12T23:00:36.850610+00:00,https://archive.stsci.edu/pub/kepler/lightcurves/0021/002161623/kplr002161623-2012277125453_llc.fits,/Users/adarsh/Documents/MyCodeProjects/Exoplanet_Transit_Research/kepler_llc_downloads/kplr002161623-2012277125453_llc.fits,2.2828914457228615,0.184,0.6252549080568024,66.8513727083996,0.1845683296743313,6.211092011127517,1.1044537325620118,0.8974143367668699,97.18240090180188,0.006208717,active,low_priority
kplr009471539-2009131105131_llc.fits,120.9883118163998,0.999959270494614,0.0003261172416164269,101,0.0002,/Users/adarsh/Documents/MyCodeProjects/Exoplanet_Transit_Research/kepler_llc_downloads,5,medium_confidence,1.8901830325849005,78.0,0.08468072262643137,stable,review_with_caution,strong score but needs additional validation,0.0005167265935635878,0.0003041248450980083,0.0009077260906110718,29.745411307673464,weak,0.9806928066897787,90fcd581-cda7-44e8-aa50-55d5073b700c,2026-08-12T23:00:36.850610+00:00,https://archive.stsci.edu/pub/kepler/lightcurves/0094/009471539/kplr009471539-2009131105131_llc.fits,/Users/adarsh/Documents/MyCodeProjects/Exoplanet_Transit_Research/kepler_llc_downloads/kplr009471539-2009131105131_llc.fits,3.743871935967984,0.3,0.0007963173734314015,9.511820388430293e-06,0.0003261172416164269,2.0852740686602376,0.5687306163198562,0.9852941176470589,9.70634508891817,0.37890044,active,low_priority
kplr012021387-2009131105131_llc.fits,123.05192179704318,1.000012509014173,6.197692132686603e-05,101,0.0002,/Users/adarsh/Documents/MyCodeProjects/Exoplanet_Transit_Research/kepler_llc_downloads,3,medium_confidence,2.8914525491927634,78.0,0.14487642481056592,stable,review_with_caution,strong score but needs additional validation,0.00013245757645045467,0.00014209450948310387,0.0001584569290484783,19.46036082666791,weak,0.19203870824132932,90fcd581-cda7-44e8-aa50-55d5073b700c,2026-08-12T23:00:36.850610+00:00,https://archive.stsci.edu/pub/kepler/lightcurves/0120/012021387/kplr012021387-2009131105131_llc.fits,/Users/adarsh/Documents/MyCodeProjects/Exoplanet_Transit_Research/kepler_llc_downloads/kplr012021387-2009131105131_llc.fits,3.4467233616808404,0.3,7.480524544735623e-05,1.2031023204844302e-07,6.197692132686603e-05,3.971073500138939,0.1968103474007552,0.9852941176470589,9.706289083806041,0.7289444,active,review_with_caution
kplr004663658-2009131105131_llc.fits,121.62200508170645,1.000005973698688,5.1603873122186795e-05,101,0.0002,/Users/adarsh/Documents/MyCodeProjects/Exoplanet_Transit_Research/kepler_llc_downloads,8,medium_confidence,1.328248141115182,73.0,0.4918581064266486,moderate,review_with_caution,above threshold with weaker supporting signals,0.00010519275177724163,0.0001037413232307105,0.00013883673697445698,3.4309717090088654,moderate,0.4371354351919089,90fcd581-cda7-44e8-aa50-55d5073b700c,2026-08-12T23:00:36.850610+00:00,https://archive.stsci.edu/pub/kepler/lightcurves/0046/004663658/kplr004663658-2009131105131_llc.fits,/Users/adarsh/Documents/MyCodeProjects/Exoplanet_Transit_Research/kepler_llc_downloads/kplr004663658-2009131105131_llc.fits,0.747623811905953,0.272,2.2861012494575473e-05,4.468451378969512e-08,5.16038731221868e-05,5.686099798905351,0.25446016228672974,0.9852941176470589,9.706427652701677,0.6194645,active,review_with_caution
kplr010748390-2009131105131_llc.fits,124.80925870552892,0.9999721493516259,0.0006409202663761697,101,0.0002,/Users/adarsh/Documents/MyCodeProjects/Exoplanet_Transit_Research/kepler_llc_downloads,3,medium_confidence,2.441908168639202,73.0,0.21338905367136293,moderate,review_with_caution,above threshold with weaker supporting signals,0.0029747839451724025,0.004289700632239324,0.004352470407476772,4.09600374224928,strong,0.9996417283195692,90fcd581-cda7-44e8-aa50-55d5073b700c,2026-08-12T23:00:36.850610+00:00,https://archive.stsci.edu/pub/kepler/lightcurves/0107/010748390/kplr010748390-2009131105131_llc.fits,/Users/adarsh/Documents/MyCodeProjects/Exoplanet_Transit_Research/kepler_llc_downloads/kplr010748390-2009131105131_llc.fits,4.882941470735368,0.068,0.003918796245196086,6.142785604545178e-05,0.0006409202663761697,11.592673588414867,0.6400903134454322,0.9852941176470589,9.706328214022506,0.08254811,active,low_priority
kplr007375348-2009131105131_llc.fits,120.96789235317556,1.0000047006509274,6.327875631295627e-05,101,0.0002,/Users/adarsh/Documents/MyCodeProjects/Exoplanet_Transit_Research/kepler_llc_downloads,8,medium_confidence,1.1852013994721347,73.0,0.4725473414920924,moderate,review_with_caution,above threshold with weaker supporting signals,0.0001425443503236118,0.00014729183879108598,0.00017219258558986983,2.900989290790932,moderate,0.45277293172921157,90fcd581-cda7-44e8-aa50-55d5073b700c,2026-08-12T23:00:36.850610+00:00,https://archive.stsci.edu/pub/kepler/lightcurves/0073/007375348/kplr007375348-2009131105131_llc.fits,/Users/adarsh/Documents/MyCodeProjects/Exoplanet_Transit_Research/kepler_llc_downloads/kplr007375348-2009131105131_llc.fits,0.6485742871435718,0.272,3.177555079995701e-05,9.99588772354242e-08,6.327875631295627e-05,6.5836349568891785,0.14351141441106416,0.9852941176470589,9.706390533676313,0.6149952,active,review_with_caution
kplr005266937-2009166043257_llc.fits,132.90219777989114,0.9579895861630889,0.12888295722173565,101,0.0002,/Users/adarsh/Documents/MyCodeProjects/Exoplanet_Transit_Research/kepler_llc_downloads,17,medium_confidence,1.5530112254127744,73.0,0.4950500793247413,moderate,review_with_caution,above threshold with weaker supporting signals,0.2169751497389012,0.11223978716897842,0.5361271490702357,22.497052970340974,weak,2.813856193580383,90fcd581-cda7-44e8-aa50-55d5073b700c,2026-08-12T23:00:36.850610+00:00,https://archive.stsci.edu/pub/kepler/lightcurves/0052/005266937/kplr005266937-2009166043257_llc.fits,/Users/adarsh/Documents/MyCodeProjects/Exoplanet_Transit_Research/kepler_llc_downloads/kplr005266937-2009166043257_llc.fits,5.92296148074037,0.3,0.4724896253981132,9.934466851843796,0.12888295722173565,3.5906725595872517,1.1146672748686803,0.9908480780964003,33.47149224441091,0.03053952,active,low_priority
kplr004763020-2009131105131_llc.fits,120.74318506232521,1.0000160889913432,0.0001003490275879208,101,0.0002,/Users/adarsh/Documents/MyCodeProjects/Exoplanet_Transit_Research/kepler_llc_downloads,53,high_confidence,0.15325945177028188,70.0,0.5534939839443316,unstable,review_with_caution,above threshold with weaker supporting signals,0.00013535324242574878,0.00012844575482762188,0.0002982597454163072,2.233896073216634,moderate,2.26244152790943,90fcd581-cda7-44e8-aa50-55d5073b700c,2026-08-12T23:00:36.850610+00:00,https://archive.stsci.edu/pub/kepler/lightcurves/0047/004763020/kplr004763020-2009131105131_llc.fits,/Users/adarsh/Documents/MyCodeProjects/Exoplanet_Transit_Research/kepler_llc_downloads/kplr004763020-2009131105131_llc.fits,0.5,0.3,2.8813206883629325e-05,1.162281247286354e-07,0.0001003490275879208,9.318468075212625,0.3937279703058623,0.9852941176470589,9.706434143496153,0.26999843,active,low_priority
kplr009002278-2009166043257_llc.fits,131.59449666734145,1.0000000627298802,0.00019184529183813754,101,0.0002,/Users/adarsh/Documents/MyCodeProjects/Exoplanet_Transit_Research/kepler_llc_downloads,289,high_confidence,0.10217056491819676,70.0,0.5325288965091303,unstable,review_with_caution,above threshold with weaker supporting signals,0.00020022830747110212,0.00018374656107356113,0.0010380774747380528,1.8143272993251003,strong,176.6987119864785,90fcd581-cda7-44e8-aa50-55d5073b700c,2026-08-12T23:00:36.850610+00:00,https://archive.stsci.edu/pub/kepler/lightcurves/0090/009002278/kplr009002278-2009166043257_llc.fits,/Users/adarsh/Documents/MyCodeProjects/Exoplanet_Transit_Research/kepler_llc_downloads/kplr009002278-2009166043257_llc.fits,18.155577788894448,0.128,0.0007921659646361207,3.7651614931672542e-06,0.00019184529183813754,16.282346615449075,0.6998268295310441,0.9908480780964003,33.47115629645123,0.76055527,active,review_now
kplr009180282-2009131105131_llc.fits,120.62010113435099,0.9998832421510617,0.0008244760402826893,101,0.0002,/Users/adarsh/Documents/MyCodeProjects/Exoplanet_Transit_Research/kepler_llc_downloads,52,high_confidence,0.1430412200061255,70.0,0.71106680371193,unstable,review_with_caution,above threshold with weaker supporting signals,0.00019844951861861185,-4.760707737727632e-05,0.00203905032413243,1.6730121396249729,weak,9.420040094456574,90fcd581-cda7-44e8-aa50-55d5073b700c,2026-08-12T23:00:36.850610+00:00,https://archive.stsci.edu/pub/kepler/lightcurves/0091/009180282/kplr009180282-2009131105131_llc.fits,/Users/adarsh/Documents/MyCodeProjects/Exoplanet_Transit_Research/kepler_llc_downloads/kplr009180282-2009131105131_llc.fits,1.4904952476238118,0.3,0.0013754719817433674,9.838000497317337e-05,0.0008244760402826893,-0.41638507408874526,4.177707218359634,0.9852941176470589,9.706371893516916,0.039762978,active,low_priority
kplr006184894-2009131105131_llc.fits,120.6622328971498,0.9985912419933305,0.009012214757087066,101,0.0002,/Users/adarsh/Documents/MyCodeProjects/Exoplanet_Transit_Research/kepler_llc_downloads,23,high_confidence,0.2962992695902358,70.0,0.9578912528400123,unstable,review_with_caution,above threshold with weaker supporting signals,0.0039630336748471395,0.0005444779619894202,0.020666976135677473,2.655918736058595,weak,8.208980875744606,90fcd581-cda7-44e8-aa50-55d5073b700c,2026-08-12T23:00:36.850610+00:00,https://archive.stsci.edu/pub/kepler/lightcurves/0061/006184894/kplr006184894-2009131105131_llc.fits,/Users/adarsh/Documents/MyCodeProjects/Exoplanet_Transit_Research/kepler_llc_downloads/kplr006184894-2009131105131_llc.fits,2.7286143071535767,0.3,0.017630562968210698,0.006993826887960955,0.009012214757087066,0.2897428261798244,2.5213793205332986,0.9852941176470589,9.706351634893508,0.030277204,active,low_priority
kplr011872139-2009131105131_llc.fits,120.68156123277004,1.0000165942590913,0.00013694792961050473,101,0.0002,/Users/adarsh/Documents/MyCodeProjects/Exoplanet_Transit_Research/kepler_llc_downloads,60,high_confidence,0.14304009081388358,70.0,0.603959526153055,unstable,review_with_caution,above threshold with weaker supporting signals,0.00015631049189061738,0.00015698900206678745,0.0003949507997484947,2.1735259531049493,moderate,13.747996630773525,90fcd581-cda7-44e8-aa50-55d5073b700c,2026-08-12T23:00:36.850610+00:00,https://archive.stsci.edu/pub/kepler/lightcurves/0118/011872139/kplr011872139-2009131105131_llc.fits,/Users/adarsh/Documents/MyCodeProjects/Exoplanet_Transit_Research/kepler_llc_downloads/kplr011872139-2009131105131_llc.fits,2.109554777388694,0.3,0.00010516865244307836,3.2075291824409733e-07,0.0001369479296105047,8.879517817781617,0.5275664576701743,0.9852941176470589,9.70629236901732,0.3852246,active,low_priority
kplr004275328-2009131105131_llc.fits,120.57981824732997,1.0000091537793898,0.00030507960526462963,101,0.0002,/Users/adarsh/Documents/MyCodeProjects/Exoplanet_Transit_Research/kepler_llc_downloads,92,high_confidence,0.10217296639893902,70.0,0.508015334264796,unstable,review_with_caution,above threshold with weaker supporting signals,0.00019225985513274257,0.0001441959289200101,0.0026226674347992196,1.7768058423307878,weak,56.72758986481792,90fcd581-cda7-44e8-aa50-55d5073b700c,2026-08-12T23:00:36.850610+00:00,https://archive.stsci.edu/pub/kepler/lightcurves/0042/004275328/kplr004275328-2009131105131_llc.fits,/Users/adarsh/Documents/MyCodeProjects/Exoplanet_Transit_Research/kepler_llc_downloads/kplr004275328-2009131105131_llc.fits,5.898199099549775,0.128,0.0017858771406754341,9.568071484761194e-06,0.00030507960526462963,4.533501220759055,1.552224873134106,0.9852941176470589,9.706434796178655,0.35553142,active,low_priority
kplr005647638-2009166043257_llc.fits,131.53242138391215,1.000015822593688,0.00032184756689822405,101,0.0002,/Users/adarsh/Documents/MyCodeProjects/Exoplanet_Transit_Research/kepler_llc_downloads,296,high_confidence,0.10217230317357462,70.0,0.5684144294828115,unstable,review_with_caution,above threshold with weaker supporting signals,0.0002158141161282624,0.00022850235593246948,0.0007559188310725107,1.7398076854362898,strong,22.555340115874934,90fcd581-cda7-44e8-aa50-55d5073b700c,2026-08-12T23:00:36.850610+00:00,https://archive.stsci.edu/pub/kepler/lightcurves/0056/005647638/kplr005647638-2009166043257_llc.fits,/Users/adarsh/Documents/MyCodeProjects/Exoplanet_Transit_Research/kepler_llc_downloads/kplr005647638-2009166043257_llc.fits,2.406703351675838,0.3,0.0002309447957522135,5.386885367188192e-06,0.00032184756689822405,12.214798508253047,0.9814330507617507,0.9908480780964003,33.47174038553203,0.13919044,active,low_priority
kplr007207081-2009166043257_llc.fits,131.65528324875777,1.00001099908594,0.00019376861929284292,101,0.0002,/Users/adarsh/Documents/MyCodeProjects/Exoplanet_Transit_Research/kepler_llc_downloads,310,high_confidence,0.10217178058519494,70.0,0.5035763776822949,unstable,review_with_caution,above threshold with weaker supporting signals,0.00019448345343304178,0.0001924506158067496,0.0004937134737390547,1.8228956224863282,strong,14.557571408484623,90fcd581-cda7-44e8-aa50-55d5073b700c,2026-08-12T23:00:36.850610+00:00,https://archive.stsci.edu/pub/kepler/lightcurves/0072/007207081/kplr007207081-2009166043257_llc.fits,/Users/adarsh/Documents/MyCodeProjects/Exoplanet_Transit_Research/kepler_llc_downloads/kplr007207081-2009166043257_llc.fits,1.589544772386193,0.244,5.7526926187814544e-05,4.120137309589737e-07,0.00019376861929284292,17.48705626220094,0.48170127875744706,0.9908480780964003,33.47154702224361,0.36449128,active,low_priority
kplr006048024-2009131105131_llc.fits,120.57985826381628,1.0000660207191032,0.0004581584081398578,101,0.0002,/Users/adarsh/Documents/MyCodeProjects/Exoplanet_Transit_Research/kepler_llc_downloads,32,high_confidence,0.14304190185066545,70.0,1.117626792230069,unstable,review_with_caution,above threshold with weaker supporting signals,0.00012363468247001894,0.00014798686845501896,0.0005774083830915044,2.099354336445849,weak,8.900652086760811,90fcd581-cda7-44e8-aa50-55d5073b700c,2026-08-12T23:00:36.850610+00:00,https://archive.stsci.edu/pub/kepler/lightcurves/0060/006048024/kplr006048024-2009131105131_llc.fits,/Users/adarsh/Documents/MyCodeProjects/Exoplanet_Transit_Research/kepler_llc_downloads/kplr006048024-2009131105131_llc.fits,1.416208104052026,0.3,0.00033319914801690717,5.6065944480792366e-06,0.0004581584081398578,1.827184944804719,2.600663392305897,0.9852941176470589,9.706404659220425,0.057746388,active,low_priority
kplr010006641-2009166043257_llc.fits,131.65529132437223,1.000017213843187,0.0002509096617174905,101,0.0002,/Users/adarsh/Documents/MyCodeProjects/Exoplanet_Transit_Research/kepler_llc_downloads,353,high_confidence,0.0817370405929978,70.0,0.5000167367322566,unstable,review_with_caution,above threshold with weaker supporting signals,0.00024016545503910265,0.00023529128281229994,0.0007927603447396292,1.7020789566652184,strong,19.658862675941215,90fcd581-cda7-44e8-aa50-55d5073b700c,2026-08-12T23:00:36.850610+00:00,https://archive.stsci.edu/pub/kepler/lightcurves/0100/010006641/kplr010006641-2009166043257_llc.fits,/Users/adarsh/Documents/MyCodeProjects/Exoplanet_Transit_Research/kepler_llc_downloads/kplr010006641-2009166043257_llc.fits,1.6885942971485743,0.272,9.361365985345055e-05,1.1524025264172165e-06,0.0002509096617174905,17.618778888441867,0.6689709200749799,0.9908480780964003,33.47129485152254,0.8480695,active,review_now
kplr002438513-2009166043257_llc.fits,131.57401602996106,1.00000749282118,0.00043725470833926857,101,0.0002,/Users/adarsh/Documents/MyCodeProjects/Exoplanet_Transit_Research/kepler_llc_downloads,338,high_confidence,0.08173805543628987,70.0,0.5707438841233701,unstable,review_with_caution,above threshold with weaker supporting signals,0.00023735261790494648,0.00021970881771637973,0.0016421151223293684,1.563191397172318,moderate,157.19700246915698,90fcd581-cda7-44e8-aa50-55d5073b700c,2026-08-12T23:00:36.850610+00:00,https://archive.stsci.edu/pub/kepler/lightcurves/0024/002438513/kplr002438513-2009166043257_llc.fits,/Users/adarsh/Documents/MyCodeProjects/Exoplanet_Transit_Research/kepler_llc_downloads/kplr002438513-2009166043257_llc.fits,12.930715357678839,0.3,0.0009107715026502396,1.8249104060875057e-05,0.00043725470833926857,9.237859284760166,1.7392315571482164,0.9908480780964003,33.47160776554665,0.15648365,active,low_priority
kplr010004515-2009131105131_llc.fits,120.90689551142714,1.0000110035487892,8.683161882880795e-05,101,0.0002,/Users/adarsh/Documents/MyCodeProjects/Exoplanet_Transit_Research/kepler_llc_downloads,28,high_confidence,0.3065149162648595,70.0,0.5884647100452008,unstable,review_with_caution,above threshold with weaker supporting signals,0.00013368999328154465,0.00013306932366741187,0.00021027188467848124,3.073946531597784,moderate,0.7120288551867674,90fcd581-cda7-44e8-aa50-55d5073b700c,2026-08-12T23:00:36.850610+00:00,https://archive.stsci.edu/pub/kepler/lightcurves/0100/010004515/kplr010004515-2009131105131_llc.fits,/Users/adarsh/Documents/MyCodeProjects/Exoplanet_Transit_Research/kepler_llc_downloads/kplr010004515-2009131105131_llc.fits,0.5247623811905953,0.272,2.896990696703074e-05,9.903215014205313e-08,8.683161882880795e-05,8.109219712917026,0.25652935391186277,0.9852941176470589,9.706307971056958,0.56443554,active,review_with_caution
kplr010657664-2009131105131_llc.fits,120.64122009134735,0.9994049606912347,0.0030807686171112902,101,0.0002,/Users/adarsh/Documents/MyCodeProjects/Exoplanet_Transit_Research/kepler_llc_downloads,42,high_confidence,0.16347445300925756,70.0,0.853332013893451,unstable,review_with_caution,above threshold with weaker supporting signals,0.0014586723944084287,0.0001384439482402522,0.01964562814979187,1.3379863782193668,weak,19.023842460334162,90fcd581-cda7-44e8-aa50-55d5073b700c,2026-08-12T23:00:36.850610+00:00,https://archive.stsci.edu/pub/kepler/lightcurves/0106/010657664/kplr010657664-2009131105131_llc.fits,/Users/adarsh/Documents/MyCodeProjects/Exoplanet_Transit_Research/kepler_llc_downloads/kplr010657664-2009131105131_llc.fits,3.2733866933466733,0.096,0.01880140281216593,0.0017674637385266046,0.0030807686171112902,0.29123229989604327,3.0807200806320885,0.9852941176470589,9.70629270941572,0.060926434,active,low_priority
kplr008013439-2009131105131_llc.fits,121.00946671042766,1.0000257625516524,0.0001438422907102156,101,0.0002,/Users/adarsh/Documents/MyCodeProjects/Exoplanet_Transit_Research/kepler_llc_downloads,30,high_confidence,0.2656468060158659,70.0,0.6066157747490011,unstable,review_with_caution,above threshold with weaker supporting signals,0.0001722148800823442,0.00019018169733542312,0.0003344673503528073,3.390656990735053,moderate,14.305220312729423,90fcd581-cda7-44e8-aa50-55d5073b700c,2026-08-12T23:00:36.850610+00:00,https://archive.stsci.edu/pub/kepler/lightcurves/0080/008013439/kplr008013439-2009131105131_llc.fits,/Users/adarsh/Documents/MyCodeProjects/Exoplanet_Transit_Research/kepler_llc_downloads/kplr008013439-2009131105131_llc.fits,4.065782891445723,0.3,0.00019073494548050988,5.275073816980696e-07,0.0001438422907102156,7.241737123408695,0.5195525501422983,0.9852941176470589,9.706330003529729,0.60756665,active,review_with_caution
kplr010877024-2009131105131_llc.fits,120.57934698023746,1.000024986676121,0.00017667717662872524,101,0.0002,/Users/adarsh/Documents/MyCodeProjects/Exoplanet_Transit_Research/kepler_llc_downloads,95,high_confidence,0.08173750092828413,70.0,0.5113071201178608,unstable,review_with_caution,above threshold with weaker supporting signals,0.00017410635799922577,0.00017747942582568843,0.0006506838355875288,1.8192572289648297,moderate,21.476446715737783,90fcd581-cda7-44e8-aa50-55d5073b700c,2026-08-12T23:00:36.850610+00:00,https://archive.stsci.edu/pub/kepler/lightcurves/0108/010877024/kplr010877024-2009131105131_llc.fits,/Users/adarsh/Documents/MyCodeProjects/Exoplanet_Transit_Research/kepler_llc_downloads/kplr010877024-2009131105131_llc.fits,1.837168584292146,0.068,0.00021471844975369598,3.4578009498472846e-07,0.00017667717662872524,9.791052228511282,0.6911949820618272,0.9852941176470589,9.706324806866178,0.6227079,active,review_with_caution
kplr004149450-2009166043257_llc.fits,131.5740165340394,1.0000068971812879,0.0001548202948240419,101,0.0002,/Users/adarsh/Documents/MyCodeProjects/Exoplanet_Transit_Research/kepler_llc_downloads,260,high_confidence,0.12260563658492174,70.0,0.5475517180654949,unstable,review_with_caution,above threshold with weaker supporting signals,0.00017793467605486477,0.0001748244539516719,0.0005877973832649763,1.9582897756577609,strong,25.294565411211764,90fcd581-cda7-44e8-aa50-55d5073b700c,2026-08-12T23:00:36.850610+00:00,https://archive.stsci.edu/pub/kepler/lightcurves/0041/004149450/kplr004149450-2009166043257_llc.fits,/Users/adarsh/Documents/MyCodeProjects/Exoplanet_Transit_Research/kepler_llc_downloads/kplr004149450-2009166043257_llc.fits,3.223861930965483,0.184,0.0001320347752854077,7.757765938677309e-07,0.0001548202948240419,18.20794631693277,0.5206354239189172,0.9908480780964003,33.471532863462926,0.4579784,active,review_with_caution
kplr009966115-2009131105131_llc.fits,120.57939764715411,0.9987935203661917,0.009189681456371689,101,0.0002,/Users/adarsh/Documents/MyCodeProjects/Exoplanet_Transit_Research/kepler_llc_downloads,48,high_confidence,0.18390977840317646,70.0,0.5112493686526973,unstable,review_with_caution,above threshold with weaker supporting signals,0.001975159007157603,0.00012512150356069895,0.08553683966168246,2.373726475715355,weak,38.34194117715794,90fcd581-cda7-44e8-aa50-55d5073b700c,2026-08-12T23:00:36.850610+00:00,https://archive.stsci.edu/pub/kepler/lightcurves/0099/009966115/kplr009966115-2009131105131_llc.fits,/Users/adarsh/Documents/MyCodeProjects/Exoplanet_Transit_Research/kepler_llc_downloads/kplr009966115-2009131105131_llc.fits,7.235367683841921,0.128,0.07337511343948637,0.018843675452901228,0.009189681456371689,0.09433049548688312,6.1766456121768725,0.9852941176470589,9.706344270111003,0.06710102,active,low_priority
kplr008766650-2009131105131_llc.fits,120.70209827241342,1.0000159148240972,0.00014597816898480489,101,0.0002,/Users/adarsh/Documents/MyCodeProjects/Exoplanet_Transit_Research/kepler_llc_downloads,58,high_confidence,0.14304123391775647,70.0,0.7043430903984562,unstable,review_with_caution,above threshold with weaker supporting signals,0.00016759784980448174,0.00016565839104437652,0.0005560538408768689,2.0181932493557113,moderate,46.29323325825176,90fcd581-cda7-44e8-aa50-55d5073b700c,2026-08-12T23:00:36.850610+00:00,https://archive.stsci.edu/pub/kepler/lightcurves/0087/008766650/kplr008766650-2009131105131_llc.fits,/Users/adarsh/Documents/MyCodeProjects/Exoplanet_Transit_Research/kepler_llc_downloads/kplr008766650-2009131105131_llc.fits,6.76488244122061,0.3,0.00032588599855346625,7.965126303989235e-07,0.00014597816898480489,8.642502697836777,0.567858200422292,0.9852941176470589,9.70636817363993,0.34889802,active,low_priority
kplr010686909-2009166043257_llc.fits,131.61382847664936,1.0000100308929518,0.00014328684997917294,101,0.0002,/Users/adarsh/Documents/MyCodeProjects/Exoplanet_Transit_Research/kepler_llc_downloads,262,high_confidence,0.1021719276177464,70.0,0.5819680989597966,unstable,review_with_caution,above threshold with weaker supporting signals,0.00016637022713183336,0.00016358372787522724,0.00035896935152390785,1.9609521193071657,strong,4.378431974359098,90fcd581-cda7-44e8-aa50-55d5073b700c,2026-08-12T23:00:36.850610+00:00,https://archive.stsci.edu/pub/kepler/lightcurves/0106/010686909/kplr010686909-2009166043257_llc.fits,/Users/adarsh/Documents/MyCodeProjects/Exoplanet_Transit_Research/kepler_llc_downloads/kplr010686909-2009166043257_llc.fits,0.5495247623811906,0.3,2.486463625387718e-05,2.735756851966484e-07,0.00014328684997917294,18.479252999395023,0.441382343042417,0.9908480780964003,33.47149008985434,0.2104884,active,low_priority
kplr002445134-2009166043257_llc.fits,131.6965158948442,0.9982501710467501,0.014485597564843957,101,0.0002,/Users/adarsh/Documents/MyCodeProjects/Exoplanet_Transit_Research/kepler_llc_downloads,307,high_confidence,0.10217160974934814,70.0,0.525288827115926,unstable,review_with_caution,above threshold with weaker supporting signals,0.001857572290477712,0.00018398772435035404,0.13684080369981255,1.8390030473626666,weak,81.20678543095468,90fcd581-cda7-44e8-aa50-55d5073b700c,2026-08-12T23:00:36.850610+00:00,https://archive.stsci.edu/pub/kepler/lightcurves/0024/002445134/kplr002445134-2009166043257_llc.fits,/Users/adarsh/Documents/MyCodeProjects/Exoplanet_Transit_Research/kepler_llc_downloads/kplr002445134-2009166043257_llc.fits,8.3991995997999,0.128,0.09435169313081465,0.12463138795311984,0.014485597564843957,0.22254693635603728,7.5239437417904975,0.9908480780964003,33.47165400466474,0.037521005,active,low_priority
kplr010407054-2009166043257_llc.fits,131.57334629633988,1.0000157876141857,0.0003062381429911624,101,0.0002,/Users/adarsh/Documents/MyCodeProjects/Exoplanet_Transit_Research/kepler_llc_downloads,306,high_confidence,0.10217120013840031,70.0,0.5449660478105982,unstable,review_with_caution,above threshold with weaker supporting signals,0.00019507214007555594,0.00019970326216189882,0.0007551892234196611,1.7749188382700423,strong,11.891681584491833,90fcd581-cda7-44e8-aa50-55d5073b700c,2026-08-12T23:00:36.850610+00:00,https://archive.stsci.edu/pub/kepler/lightcurves/0104/010407054/kplr010407054-2009166043257_llc.fits,/Users/adarsh/Documents/MyCodeProjects/Exoplanet_Transit_Research/kepler_llc_downloads/kplr010407054-2009166043257_llc.fits,1.3171585792896447,0.272,6.732803491255187e-05,7.456890749130648e-07,0.00030623814299116244,11.407397885213628,0.6156841843711343,0.9908480780964003,33.47135362379777,0.2374682,active,low_priority
kplr005556726-2009166043257_llc.fits,131.59380102071736,1.000007937082447,0.00021074514756416762,101,0.0002,/Users/adarsh/Documents/MyCodeProjects/Exoplanet_Transit_Research/kepler_llc_downloads,246,high_confidence,0.12260690633411286,70.0,0.5154723501830799,unstable,review_with_caution,above threshold with weaker supporting signals,0.00022176407776884068,0.00020573923576577835,0.0006183344198871232,2.3536771081120946,strong,26.91001814502316,90fcd581-cda7-44e8-aa50-55d5073b700c,2026-08-12T23:00:36.850610+00:00,https://archive.stsci.edu/pub/kepler/lightcurves/0055/005556726/kplr005556726-2009166043257_llc.fits,/Users/adarsh/Documents/MyCodeProjects/Exoplanet_Transit_Research/kepler_llc_downloads/kplr005556726-2009166043257_llc.fits,3.421960980490245,0.128,0.0001990677744452139,1.2680953223222577e-06,0.00021074514756416762,15.311829767919555,0.7220892214349612,0.9908480780964003,33.47171683785564,0.17302328,active,low_priority
kplr008121067-2009166043257_llc.fits,131.57313519921445,0.9994946238655666,0.002412610501253584,101,0.0002,/Users/adarsh/Documents/MyCodeProjects/Exoplanet_Transit_Research/kepler_llc_downloads,324,high_confidence,0.08173789432476042,70.0,0.5858447441411956,unstable,review_with_caution,above threshold with weaker supporting signals,0.0006086672390257347,0.0001472087494678309,0.011421056900806303,1.2424349249139581,weak,24.202875998035957,90fcd581-cda7-44e8-aa50-55d5073b700c,2026-08-12T23:00:36.850610+00:00,https://archive.stsci.edu/pub/kepler/lightcurves/0081/008121067/kplr008121067-2009166043257_llc.fits,/Users/adarsh/Documents/MyCodeProjects/Exoplanet_Transit_Research/kepler_llc_downloads/kplr008121067-2009166043257_llc.fits,2.060030015007504,0.184,0.007089797123675159,0.0035688308510959514,0.002412610501253584,1.0982947678641668,3.8993323080675437,0.9908480780964003,33.47163104273204,0.05781365,active,low_priority
kplr006462863-2009166043257_llc.fits,131.63463822317135,0.9999017442804338,0.0006587062503190011,101,0.0002,/Users/adarsh/Documents/MyCodeProjects/Exoplanet_Transit_Research/kepler_llc_downloads,100,high_confidence,0.28608344643726014,70.0,0.5456482208976043,unstable,review_with_caution,above threshold with weaker supporting signals,0.00028330970711368584,0.0001256014599075317,0.005677562322540575,2.693415006125747,weak,77.09057283223287,90fcd581-cda7-44e8-aa50-55d5073b700c,2026-08-12T23:00:36.850610+00:00,https://archive.stsci.edu/pub/kepler/lightcurves/0064/006462863/kplr006462863-2009166043257_llc.fits,/Users/adarsh/Documents/MyCodeProjects/Exoplanet_Transit_Research/kepler_llc_downloads/kplr006462863-2009166043257_llc.fits,22.34042021010505,0.244,0.005102253587668675,0.0003123959000745344,0.000658706250319001,1.9067901640026172,2.808953703331567,0.9908480780964003,33.4716700300487,0.04535635,active,low_priority
kplr008415863-2009131105131_llc.fits,120.62119238232845,1.0000143096997538,0.00011996907584448285,101,0.0002,/Users/adarsh/Documents/MyCodeProjects/Exoplanet_Transit_Research/kepler_llc_downloads,34,high_confidence,0.2452123794646468,70.0,0.6389601161199827,unstable,review_with_caution,above threshold with weaker supporting signals,0.00014535461881513262,0.00012833460334482627,0.0006833112044997147,2.7081878917304323,moderate,36.28225734555871,90fcd581-cda7-44e8-aa50-55d5073b700c,2026-08-12T23:00:36.850610+00:00,https://archive.stsci.edu/pub/kepler/lightcurves/0084/008415863/kplr008415863-2009131105131_llc.fits,/Users/adarsh/Documents/MyCodeProjects/Exoplanet_Transit_Research/kepler_llc_downloads/kplr008415863-2009131105131_llc.fits,9.142071035517759,0.096,0.00047808066452789704,5.714028044885891e-07,0.00011996907584448285,6.2375482454977025,0.7315097564455874,0.9852941176470589,9.706320914752723,0.42419332,active,review_with_caution
kplr005546277-2009131105131_llc.fits,120.57971985560289,1.000027688957634,0.00016490364693965304,101,0.0002,/Users/adarsh/Documents/MyCodeProjects/Exoplanet_Transit_Research/kepler_llc_downloads,82,high_confidence,0.10217286296392558,70.0,0.5091023642932343,unstable,review_with_caution,above threshold with weaker supporting signals,0.00017436837212726864,0.00016162839450745148,0.0005047762980797676,1.8164375834397362,moderate,13.34561804293109,90fcd581-cda7-44e8-aa50-55d5073b700c,2026-08-12T23:00:36.850610+00:00,https://archive.stsci.edu/pub/kepler/lightcurves/0055/005546277/kplr005546277-2009131105131_llc.fits,/Users/adarsh/Documents/MyCodeProjects/Exoplanet_Transit_Research/kepler_llc_downloads/kplr005546277-2009131105131_llc.fits,1.4657328664332165,0.3,9.262691963994493e-05,3.646392152843547e-07,0.00016490364693965304,8.875530582167166,0.6043183634846071,0.9852941176470589,9.706419553163869,0.5336416,active,review_with_caution
kplr006197215-2009131105131_llc.fits,120.74362155144627,1.00001479202309,0.00011025870684602452,101,0.0002,/Users/adarsh/Documents/MyCodeProjects/Exoplanet_Transit_Research/kepler_llc_downloads,50,high_confidence,0.16347593555838102,70.0,0.536055891602126,unstable,review_with_caution,above threshold with weaker supporting signals,0.00014428252823174946,0.00013833314423855603,0.00038285903363943774,2.49363013518027,moderate,9.48078833430068,90fcd581-cda7-44e8-aa50-55d5073b700c,2026-08-12T23:00:36.850610+00:00,https://archive.stsci.edu/pub/kepler/lightcurves/0061/006197215/kplr006197215-2009131105131_llc.fits,/Users/adarsh/Documents/MyCodeProjects/Exoplanet_Transit_Research/kepler_llc_downloads/kplr006197215-2009131105131_llc.fits,1.7133566783391696,0.272,7.179884812310197e-05,2.0620298367217057e-07,0.00011025870684602452,8.871526535363735,0.5386764656451459,0.9852941176470589,9.706382093449065,0.55072016,active,review_with_caution
kplr004380283-2009166043257_llc.fits,131.8801016626312,0.979272782786995,0.06869881583946992,101,0.0002,/Users/adarsh/Documents/MyCodeProjects/Exoplanet_Transit_Research/kepler_llc_downloads,198,high_confidence,0.14304129644006025,70.0,0.7037824559048395,unstable,review_with_caution,above threshold with weaker supporting signals,0.04909525466353537,0.001248861988601857,0.3048346284893726,1.254810041994574,weak,5.092196726027956,90fcd581-cda7-44e8-aa50-55d5073b700c,2026-08-12T23:00:36.850610+00:00,https://archive.stsci.edu/pub/kepler/lightcurves/0043/004380283/kplr004380283-2009166043257_llc.fits,/Users/adarsh/Documents/MyCodeProjects/Exoplanet_Transit_Research/kepler_llc_downloads/kplr004380283-2009166043257_llc.fits,0.8714357178589294,0.096,0.1898384865851121,3.1894206125199323,0.06869881583946992,0.25579838087181983,2.11251688908063,0.9908480780964003,33.4716986843996,0.009734027,active,low_priority
kplr005475736-2009166043257_llc.fits,131.53243328854296,1.0000093492308355,0.000256042824842228,101,0.0002,/Users/adarsh/Documents/MyCodeProjects/Exoplanet_Transit_Research/kepler_llc_downloads,361,high_confidence,0.08173815055488376,70.0,0.5039885200898206,unstable,review_with_caution,above threshold with weaker supporting signals,0.0002576482411833666,0.00025628682755940435,0.0007869344247025678,1.6776140385462668,strong,17.23500088398754,90fcd581-cda7-44e8-aa50-55d5073b700c,2026-08-12T23:00:36.850610+00:00,https://archive.stsci.edu/pub/kepler/lightcurves/0054/005475736/kplr005475736-2009166043257_llc.fits,/Users/adarsh/Documents/MyCodeProjects/Exoplanet_Transit_Research/kepler_llc_downloads/kplr005475736-2009166043257_llc.fits,1.4904952476238118,0.3,0.00016901438743986125,4.613386900609952e-06,0.00025604282484222794,19.01810654771993,0.6787444187532903,0.9908480780964003,33.47174448928854,0.3245651,active,low_priority
kplr005728139-2009166043257_llc.fits,131.61422775175015,0.9998959281868863,0.001081630401716149,101,0.0002,/Users/adarsh/Documents/MyCodeProjects/Exoplanet_Transit_Research/kepler_llc_downloads,390,high_confidence,0.06130382260744227,70.0,0.5241630788666406,unstable,review_with_caution,above threshold with weaker supporting signals,0.0003372813146122842,0.0002531329621293654,0.005156446448833063,1.5361295369654044,weak,85.9222196189636,90fcd581-cda7-44e8-aa50-55d5073b700c,2026-08-12T23:00:36.850610+00:00,https://archive.stsci.edu/pub/kepler/lightcurves/0057/005728139/kplr005728139-2009166043257_llc.fits,/Users/adarsh/Documents/MyCodeProjects/Exoplanet_Transit_Research/kepler_llc_downloads/kplr005728139-2009166043257_llc.fits,5.328664332166083,0.244,0.0040308976793493575,0.0006580495121060535,0.001081630401716149,4.621703912204353,2.802160586422794,0.9908480780964003,33.471708692624816,0.09028944,active,low_priority
kplr011145726-2009166043257_llc.fits,131.55268857065676,1.0000278897409196,0.0006533882403385508,101,0.0002,/Users/adarsh/Documents/MyCodeProjects/Exoplanet_Transit_Research/kepler_llc_downloads,203,high_confidence,0.1430399817036232,70.0,0.6100080267364522,unstable,review_with_caution,above threshold with weaker supporting signals,0.0004130321894309926,0.000523796515149666,0.0018438786613806935,2.440410266466472,strong,8.900784991614366,90fcd581-cda7-44e8-aa50-55d5073b700c,2026-08-12T23:00:36.850610+00:00,https://archive.stsci.edu/pub/kepler/lightcurves/0111/011145726/kplr011145726-2009166043257_llc.fits,/Users/adarsh/Documents/MyCodeProjects/Exoplanet_Transit_Research/kepler_llc_downloads/kplr011145726-2009166043257_llc.fits,1.416208104052026,0.212,0.0004220098200528359,2.0925843865970666e-05,0.0006533882403385507,11.42192515134186,1.4784384791632876,0.9908480780964003,33.47138065561012,0.024755206,active,low_priority
kplr009892816-2009166043257_llc.fits,131.59384419799608,1.0000048685771912,0.00014953119401807605,101,0.0002,/Users/adarsh/Documents/MyCodeProjects/Exoplanet_Transit_Research/kepler_llc_downloads,211,high_confidence,0.14303977919189492,70.0,0.5908965134869032,unstable,review_with_caution,above threshold with weaker supporting signals,0.00016484313751922254,0.00015759256421943313,0.0006729191315697491,2.188852965023159,strong,108.61523960967746,90fcd581-cda7-44e8-aa50-55d5073b700c,2026-08-12T23:00:36.850610+00:00,https://archive.stsci.edu/pub/kepler/lightcurves/0098/009892816/kplr009892816-2009166043257_llc.fits,/Users/adarsh/Documents/MyCodeProjects/Exoplanet_Transit_Research/kepler_llc_downloads/kplr009892816-2009166043257_llc.fits,15.679339669834917,0.3,0.0002621341788043611,9.620005877641145e-07,0.00014953119401807608,15.30894097236866,0.7265123308001359,0.9908480780964003,33.471380037852214,0.45887554,active,review_with_caution
kplr007582689-2009131105131_llc.fits,120.80541409989382,1.0000146590140875,0.00012239040202958613,101,0.0002,/Users/adarsh/Documents/MyCodeProjects/Exoplanet_Transit_Research/kepler_llc_downloads,49,high_confidence,0.16347481564298505,70.0,0.5382208811067458,unstable,review_with_caution,above threshold with weaker supporting signals,0.00014061709401213643,0.00013997101520368815,0.00031548176319362575,2.355067218433504,moderate,9.329384930069713,90fcd581-cda7-44e8-aa50-55d5073b700c,2026-08-12T23:00:36.850610+00:00,https://archive.stsci.edu/pub/kepler/lightcurves/0075/007582689/kplr007582689-2009131105131_llc.fits,/Users/adarsh/Documents/MyCodeProjects/Exoplanet_Transit_Research/kepler_llc_downloads/kplr007582689-2009131105131_llc.fits,1.6885942971485743,0.272,9.355830265167962e-05,3.501262398025313e-07,0.00012239040202958613,8.005506070557438,0.5410400300522485,0.9852941176470589,9.70631284146657,0.44897392,active,review_with_caution
kplr011517719-2009166043257_llc.fits,131.53216393992625,1.0000715739337496,0.0064433581321097725,101,0.0002,/Users/adarsh/Documents/MyCodeProjects/Exoplanet_Transit_Research/kepler_llc_downloads,188,high_confidence,0.12260594485269394,70.0,0.8339891113800807,unstable,review_with_caution,above threshold with weaker supporting signals,0.002167566031496255,0.001100772662791405,0.02695207420311707,1.294920989264142,weak,19.43745007184423,90fcd581-cda7-44e8-aa50-55d5073b700c,2026-08-12T23:00:36.850610+00:00,https://archive.stsci.edu/pub/kepler/lightcurves/0115/011517719/kplr011517719-2009166043257_llc.fits,/Users/adarsh/Documents/MyCodeProjects/Exoplanet_Transit_Research/kepler_llc_downloads/kplr011517719-2009166043257_llc.fits,2.505752876438219,0.212,0.01600657371797265,0.016909886544466922,0.0064433581321097725,2.3424174211439084,3.6434527785748116,0.9908480780964003,33.471373954977025,0.17515595,active,low_priority
kplr003433668-2009131105131_llc.fits,120.6007524911256,1.0000460133263482,0.0004703626432212992,101,0.0002,/Users/adarsh/Documents/MyCodeProjects/Exoplanet_Transit_Research/kepler_llc_downloads,73,high_confidence,0.12260752472502645,70.0,0.52060101363779,unstable,review_with_caution,above threshold with weaker supporting signals,0.0001884233704280862,0.00017269147052045852,0.0007068305731409152,1.9674946138095493,weak,39.63364794836962,90fcd581-cda7-44e8-aa50-55d5073b700c,2026-08-12T23:00:36.850610+00:00,https://archive.stsci.edu/pub/kepler/lightcurves/0034/003433668/kplr003433668-2009131105131_llc.fits,/Users/adarsh/Documents/MyCodeProjects/Exoplanet_Transit_Research/kepler_llc_downloads/kplr003433668-2009131105131_llc.fits,4.981990995497749,0.3,0.0005109368271618226,3.915846620252852e-06,0.0004703626432212993,3.1368914861229693,1.2382269705582176,0.9852941176470589,9.706415083921456,0.31742546,active,low_priority
kplr005823557-2009166043257_llc.fits,131.5732113710983,1.0000194422522846,0.0002608600441859792,101,0.0002,/Users/adarsh/Documents/MyCodeProjects/Exoplanet_Transit_Research/kepler_llc_downloads,349,high_confidence,0.08173823797915247,70.0,0.5250015102144824,unstable,review_with_caution,above threshold with weaker supporting signals,0.00020896489959520376,0.00021164927559857993,0.0006367407711026507,1.6546857027647093,strong,27.83813803150309,90fcd581-cda7-44e8-aa50-55d5073b700c,2026-08-12T23:00:36.850610+00:00,https://archive.stsci.edu/pub/kepler/lightcurves/0058/005823557/kplr005823557-2009166043257_llc.fits,/Users/adarsh/Documents/MyCodeProjects/Exoplanet_Transit_Research/kepler_llc_downloads/kplr005823557-2009166043257_llc.fits,2.357178589294647,0.3,0.0001387069143884949,1.9624400261160797e-06,0.0002608600441859792,15.157303137672342,0.8495637496625809,0.9908480780964003,33.471758130486705,0.1652255,active,low_priority
kplr009588822-2009131105131_llc.fits,120.6410751787771,1.0000501326449311,0.0004128074474031838,101,0.0002,/Users/adarsh/Documents/MyCodeProjects/Exoplanet_Transit_Research/kepler_llc_downloads,124,high_confidence,0.061303176153160166,70.0,0.514129090955849,unstable,review_with_caution,above threshold with weaker supporting signals,0.00029071049400254277,0.0002905534527198328,0.0009159547874539875,1.4708649013251076,moderate,37.451165783082104,90fcd581-cda7-44e8-aa50-55d5073b700c,2026-08-12T23:00:36.850610+00:00,https://archive.stsci.edu/pub/kepler/lightcurves/0095/009588822/kplr009588822-2009131105131_llc.fits,/Users/adarsh/Documents/MyCodeProjects/Exoplanet_Transit_Research/kepler_llc_downloads/kplr009588822-2009131105131_llc.fits,2.357178589294647,0.3,0.0003364817128289719,3.283378348981243e-06,0.0004128074474031838,7.837713053518065,1.0234629342024066,0.9852941176470589,9.706333480506146,0.2213832,active,low_priority
kplr009472000-2009166043257_llc.fits,131.5324559278306,1.00001153540184,0.00021830710284139287,101,0.0002,/Users/adarsh/Documents/MyCodeProjects/Exoplanet_Transit_Research/kepler_llc_downloads,339,high_confidence,0.08173747866021586,70.0,0.550596880257995,unstable,review_with_caution,above threshold with weaker supporting signals,0.0002164860614045432,0.00021069112887062147,0.0007459498571611434,1.7178685819098973,strong,168.7102243707113,90fcd581-cda7-44e8-aa50-55d5073b700c,2026-08-12T23:00:36.850610+00:00,https://archive.stsci.edu/pub/kepler/lightcurves/0094/009472000/kplr009472000-2009166043257_llc.fits,/Users/adarsh/Documents/MyCodeProjects/Exoplanet_Transit_Research/kepler_llc_downloads/kplr009472000-2009166043257_llc.fits,13.87168584292146,0.128,0.0003389812028484824,8.043577911922278e-07,0.00021830710284139287,17.769623781557353,0.6286772652637995,0.9908480780964003,33.47145134794118,0.35372448,active,low_priority
kplr010619192-2009166043257_llc.fits,131.55257246331166,0.9993837190802872,0.004225662496300699,101,0.0002,/Users/adarsh/Documents/MyCodeProjects/Exoplanet_Transit_Research/kepler_llc_downloads,323,high_confidence,0.09195452630592627,70.0,0.5445970707065959,unstable,review_with_caution,above threshold with weaker supporting signals,0.0013427358553673753,-0.00013428609570453887,0.022472587314064096,1.6636486827140402,weak,15.209047096442415,90fcd581-cda7-44e8-aa50-55d5073b700c,2026-08-12T23:00:36.850610+00:00,https://archive.stsci.edu/pub/kepler/lightcurves/0106/010619192/kplr010619192-2009166043257_llc.fits,/Users/adarsh/Documents/MyCodeProjects/Exoplanet_Transit_Research/kepler_llc_downloads/kplr010619192-2009166043257_llc.fits,1.4904952476238118,0.128,0.01083684471165353,0.008220604231314514,0.004225662496300699,-0.5711333247276649,3.9405930041897186,0.9908480780964003,33.4714790146827,0.036537085,active,low_priority
kplr009070666-2009350155506_llc.fits,260.48981919439393,1.0000012216857284,8.384381532512406e-05,101,0.0002,/Users/adarsh/Documents/MyCodeProjects/Exoplanet_Transit_Research/kepler_llc_downloads,285,high_confidence,0.24519658362260088,70.0,0.7698486217528929,unstable,review_with_caution,above threshold with weaker supporting signals,0.0001414851967371508,0.00013625240906112168,0.0003759894630338545,2.6491383693542048,strong,87.99149361186802,90fcd581-cda7-44e8-aa50-55d5073b700c,2026-08-12T23:00:36.850610+00:00,https://archive.stsci.edu/pub/kepler/lightcurves/0090/009070666/kplr009070666-2009350155506_llc.fits,/Users/adarsh/Documents/MyCodeProjects/Exoplanet_Transit_Research/kepler_llc_downloads/kplr009070666-2009350155506_llc.fits,21.82041020510255,0.3,9.087554995280031e-05,2.4775096737671715e-07,8.384381532512406e-05,27.434407614458724,0.3581641442589502,0.9459954233409611,89.2713458027938,0.10162458,active,low_priority
kplr007610663-2009131105131_llc.fits,120.66158234941395,1.0000655849172981,0.00034301306444131787,101,0.0002,/Users/adarsh/Documents/MyCodeProjects/Exoplanet_Transit_Research/kepler_llc_downloads,57,high_confidence,0.14304136509235832,70.0,0.6149096272143088,unstable,review_with_caution,above threshold with weaker supporting signals,0.00010167224918347406,0.00013223005513185448,0.000731259233317183,1.8841311135104206,weak,31.92477528692713,90fcd581-cda7-44e8-aa50-55d5073b700c,2026-08-12T23:00:36.850610+00:00,https://archive.stsci.edu/pub/kepler/lightcurves/0076/007610663/kplr007610663-2009131105131_llc.fits,/Users/adarsh/Documents/MyCodeProjects/Exoplanet_Transit_Research/kepler_llc_downloads/kplr007610663-2009131105131_llc.fits,4.7096048024012,0.3,0.0005060181752239532,3.7127887080262012e-06,0.00034301306444131787,2.9104285728540082,3.45828994938973,0.9852941176470589,9.706376475245634,0.53336203,active,review_with_caution
kplr010857519-2009131105131_llc.fits,121.09066970497952,1.0000122897991717,8.649181702236064e-05,101,0.0002,/Users/adarsh/Documents/MyCodeProjects/Exoplanet_Transit_Research/kepler_llc_downloads,20,high_confidence,0.3473833615062176,70.0,0.5632609943154403,unstable,review_with_caution,above threshold with weaker supporting signals,0.0001393029283720759,0.00013868166563918427,0.00022740393837161754,2.4722602795994817,moderate,15.479955765276745,90fcd581-cda7-44e8-aa50-55d5073b700c,2026-08-12T23:00:36.850610+00:00,https://archive.stsci.edu/pub/kepler/lightcurves/0108/010857519/kplr010857519-2009131105131_llc.fits,/Users/adarsh/Documents/MyCodeProjects/Exoplanet_Transit_Research/kepler_llc_downloads/kplr010857519-2009131105131_llc.fits,5.724862431215607,0.3,9.833844933370739e-05,1.4505675926037202e-07,8.649181702236064e-05,7.170658272144811,0.3821376974562004,0.9852941176470589,9.706296641634253,0.8221437,active,review_now
kplr004946049-2009131105131_llc.fits,120.6204805362795,1.0000142961884304,0.00012406278198738672,101,0.0002,/Users/adarsh/Documents/MyCodeProjects/Exoplanet_Transit_Research/kepler_llc_downloads,64,high_confidence,0.1226076449820539,70.0,0.6219957756861038,unstable,review_with_caution,above threshold with weaker supporting signals,0.0001433942266993761,0.00014330542215224007,0.00027020862476667684,1.9682735842049368,moderate,4.289835615377032,90fcd581-cda7-44e8-aa50-55d5073b700c,2026-08-12T23:00:36.850610+00:00,https://archive.stsci.edu/pub/kepler/lightcurves/0049/004946049/kplr004946049-2009131105131_llc.fits,/Users/adarsh/Documents/MyCodeProjects/Exoplanet_Transit_Research/kepler_llc_downloads/kplr004946049-2009131105131_llc.fits,0.6485742871435718,0.3,3.541306042545847e-05,1.3606820608364324e-07,0.00012406278198738672,9.240832414466393,0.41127126938485686,0.9852941176470589,9.706436765343824,0.26555732,active,low_priority
kplr005529738-2009166043257_llc.fits,131.5738655030873,1.0000177674862079,0.00028986882900395076,101,0.0002,/Users/adarsh/Documents/MyCodeProjects/Exoplanet_Transit_Research/kepler_llc_downloads,390,high_confidence,0.08173701864870964,70.0,0.5035494667116563,unstable,review_with_caution,above threshold with weaker supporting signals,0.0002610201121594559,0.00024652688499343656,0.0008370808211703995,1.627453574497423,strong,54.80128307419777,90fcd581-cda7-44e8-aa50-55d5073b700c,2026-08-12T23:00:36.850610+00:00,https://archive.stsci.edu/pub/kepler/lightcurves/0055/005529738/kplr005529738-2009166043257_llc.fits,/Users/adarsh/Documents/MyCodeProjects/Exoplanet_Transit_Research/kepler_llc_downloads/kplr005529738-2009166043257_llc.fits,4.561030515257628,0.184,0.000250104021950427,1.93911267566917e-06,0.00028986882900395076,16.795582696965944,0.7449085572630216,0.9908480780964003,33.471521349056275,0.2625744,active,low_priority
kplr009369366-2009131105131_llc.fits,120.62005407853576,1.0000177138890263,0.00011068598248865487,101,0.0002,/Users/adarsh/Documents/MyCodeProjects/Exoplanet_Transit_Research/kepler_llc_downloads,48,high_confidence,0.18391009930201108,70.0,0.5810617915847325,unstable,review_with_caution,above threshold with weaker supporting signals,0.00012388489955760437,0.00013906706674793323,0.00023984392497866658,2.026077501009098,moderate,8.989492644855835,90fcd581-cda7-44e8-aa50-55d5073b700c,2026-08-12T23:00:36.850610+00:00,https://archive.stsci.edu/pub/kepler/lightcurves/0093/009369366/kplr009369366-2009131105131_llc.fits,/Users/adarsh/Documents/MyCodeProjects/Exoplanet_Transit_Research/kepler_llc_downloads/kplr009369366-2009131105131_llc.fits,1.837168584292146,0.3,9.25173600875996e-05,3.081406290328284e-07,0.00011068598248865487,8.704669547173477,0.4840596250705351,0.9852941176470589,9.706368607607146,0.28711632,active,low_priority
kplr003102024-2009131105131_llc.fits,120.74389769324625,0.9992930458692939,0.05349561229049307,101,0.0002,/Users/adarsh/Documents/MyCodeProjects/Exoplanet_Transit_Research/kepler_llc_downloads,27,high_confidence,0.23499749333132058,70.0,0.7395980079197557,unstable,review_with_caution,above threshold with weaker supporting signals,0.01688421247968966,0.0011784241514571914,0.24884968341176417,4.053925808480187,weak,21.464663324480174,90fcd581-cda7-44e8-aa50-55d5073b700c,2026-08-12T23:00:36.850610+00:00,https://archive.stsci.edu/pub/kepler/lightcurves/0031/003102024/kplr003102024-2009131105131_llc.fits,/Users/adarsh/Documents/MyCodeProjects/Exoplanet_Transit_Research/kepler_llc_downloads/kplr003102024-2009131105131_llc.fits,5.279139569784892,0.212,0.19899802612804093,0.19800107201428233,0.05349561229049307,0.11446306056503412,3.3299556551839773,0.9852941176470589,9.706412653868028,0.065734535,active,low_priority
kplr005020044-2009166043257_llc.fits,131.71666125318734,0.9999338237137123,0.00044287178996738015,101,0.0002,/Users/adarsh/Documents/MyCodeProjects/Exoplanet_Transit_Research/kepler_llc_downloads,274,high_confidence,0.10217218664911343,70.0,0.616553865588487,unstable,review_with_caution,above threshold with weaker supporting signals,0.00025684562626084517,0.00016561928100627954,0.0019086248196110711,1.5474821098139842,moderate,19.64705519745279,90fcd581-cda7-44e8-aa50-55d5073b700c,2026-08-12T23:00:36.850610+00:00,https://archive.stsci.edu/pub/kepler/lightcurves/0050/005020044/kplr005020044-2009166043257_llc.fits,/Users/adarsh/Documents/MyCodeProjects/Exoplanet_Transit_Research/kepler_llc_downloads/kplr005020044-2009166043257_llc.fits,2.109554777388694,0.3,0.0008946589411824896,9.32483033509006e-05,0.00044287178996738015,6.190249572693219,1.5708330917669062,0.9908480780964003,33.47164677399269,0.0751034,active,low_priority
kplr005471675-2009131105131_llc.fits,120.8247706244656,1.000019608416743,0.00018130492935727126,101,0.0002,/Users/adarsh/Documents/MyCodeProjects/Exoplanet_Transit_Research/kepler_llc_downloads,71,high_confidence,0.12260756157047581,70.0,0.5472044606479679,unstable,review_with_caution,above threshold with weaker supporting signals,0.00018392239436307807,0.0001648415866838393,0.0006019690335417049,1.8645157988100038,moderate,11.96449217344976,90fcd581-cda7-44e8-aa50-55d5073b700c,2026-08-12T23:00:36.850610+00:00,https://archive.stsci.edu/pub/kepler/lightcurves/0054/005471675/kplr005471675-2009131105131_llc.fits,/Users/adarsh/Documents/MyCodeProjects/Exoplanet_Transit_Research/kepler_llc_downloads/kplr005471675-2009131105131_llc.fits,1.589544772386193,0.3,0.0001644804352483385,1.1633139839177635e-06,0.00018130492935727123,7.6610156335518225,0.8405355490493747,0.9852941176470589,9.706430419370008,0.24811602,active,low_priority
kplr007455981-2009166043257_llc.fits,131.593863818518,1.000007685166502,0.00014822019289175076,101,0.0002,/Users/adarsh/Documents/MyCodeProjects/Exoplanet_Transit_Research/kepler_llc_downloads,277,high_confidence,0.10217206056768191,70.0,0.5912828698208622,unstable,review_with_caution,above threshold with weaker supporting signals,0.00017637229388912788,0.00017260849954170432,0.0004552013507539421,1.8667356132424402,strong,285.2732179401004,90fcd581-cda7-44e8-aa50-55d5073b700c,2026-08-12T23:00:36.850610+00:00,https://archive.stsci.edu/pub/kepler/lightcurves/0074/007455981/kplr007455981-2009166043257_llc.fits,/Users/adarsh/Documents/MyCodeProjects/Exoplanet_Transit_Research/kepler_llc_downloads/kplr007455981-2009166043257_llc.fits,29.24912456228114,0.04,0.00037234174031131414,2.772767431561162e-07,0.00014822019289175076,19.381825881923564,0.5070680653913504,0.9908480780964003,33.47156886292214,0.37067172,active,low_priority
kplr007838906-2009131105131_llc.fits,120.86558669438818,1.0001076749593096,0.0005473564468136398,101,0.0002,/Users/adarsh/Documents/MyCodeProjects/Exoplanet_Transit_Research/kepler_llc_downloads,43,high_confidence,0.16347597881031106,70.0,1.042900821878881,unstable,review_with_caution,above threshold with weaker supporting signals,0.0001874683582320468,0.0001477817486548183,0.0011458758556303072,1.2438838493756066,weak,10.54110445096375,90fcd581-cda7-44e8-aa50-55d5073b700c,2026-08-12T23:00:36.850610+00:00,https://archive.stsci.edu/pub/kepler/lightcurves/0078/007838906/kplr007838906-2009131105131_llc.fits,/Users/adarsh/Documents/MyCodeProjects/Exoplanet_Transit_Research/kepler_llc_downloads/kplr007838906-2009131105131_llc.fits,1.8866933466733367,0.3,0.00075992668056711,2.1655820993915492e-05,0.0005473564468136399,1.770454586694149,2.807392405749555,0.9852941176470589,9.70638837521983,0.100067586,active,low_priority
kplr010924340-2009166043257_llc.fits,131.59367633455258,1.0000067394476826,0.00017588973872537632,101,0.0002,/Users/adarsh/Documents/MyCodeProjects/Exoplanet_Transit_Research/kepler_llc_downloads,307,high_confidence,0.10217143134286744,70.0,0.5004590837098409,unstable,review_with_caution,above threshold with weaker supporting signals,0.0002021301860603797,0.0002006634441396038,0.0006016905144869966,1.7962868506563154,strong,5.105541419495095,90fcd581-cda7-44e8-aa50-55d5073b700c,2026-08-12T23:00:36.850610+00:00,https://archive.stsci.edu/pub/kepler/lightcurves/0109/010924340/kplr010924340-2009166043257_llc.fits,/Users/adarsh/Documents/MyCodeProjects/Exoplanet_Transit_Research/kepler_llc_downloads/kplr010924340-2009166043257_llc.fits,0.6238119059529765,0.156,4.127499730588394e-05,3.466877694292478e-07,0.00017588973872537632,19.989270547989943,0.516963663828001,0.9908480780964003,33.47135034513485,0.25547957,active,low_priority
kplr006437993-2009166043257_llc.fits,131.5533922214163,1.0000269670851307,0.00028482293702476074,101,0.0002,/Users/adarsh/Documents/MyCodeProjects/Exoplanet_Transit_Research/kepler_llc_downloads,148,high_confidence,0.16347561623115325,70.0,0.67277681876422,unstable,review_with_caution,above threshold with weaker supporting signals,0.00017733473643406135,0.0001457273757057287,0.0007766910306629127,2.2934304475085163,moderate,93.54913580056012,90fcd581-cda7-44e8-aa50-55d5073b700c,2026-08-12T23:00:36.850610+00:00,https://archive.stsci.edu/pub/kepler/lightcurves/0064/006437993/kplr006437993-2009166043257_llc.fits,/Users/adarsh/Documents/MyCodeProjects/Exoplanet_Transit_Research/kepler_llc_downloads/kplr006437993-2009166043257_llc.fits,15.456478239119559,0.3,0.0006080977827259315,5.546743700342914e-06,0.00028482293702476074,6.22439351156917,0.792184496298334,0.9908480780964003,33.47147396080254,0.16976142,active,low_priority
kplr002305372-2009166043257_llc.fits,131.57390162664524,0.9421458703717962,0.17272454568346043,101,0.0002,/Users/adarsh/Documents/MyCodeProjects/Exoplanet_Transit_Research/kepler_llc_downloads,79,high_confidence,0.4597756517250673,70.0,0.5405385693931019,unstable,review_with_caution,above threshold with weaker supporting signals,0.22625243480434543,0.08567415813374912,0.7079355651939279,5.963729218183744,weak,2.0802155328113763,90fcd581-cda7-44e8-aa50-55d5073b700c,2026-08-12T23:00:36.850610+00:00,https://archive.stsci.edu/pub/kepler/lightcurves/0023/002305372/kplr002305372-2009166043257_llc.fits,/Users/adarsh/Documents/MyCodeProjects/Exoplanet_Transit_Research/kepler_llc_downloads/kplr002305372-2009166043257_llc.fits,1.416208104052026,0.3,0.2713423401628154,12.369279814925546,0.17272454568346043,4.408687665203798,1.3589684325840665,0.9908480780964003,33.471660311115556,0.010703947,active,low_priority
kplr003338674-2009131105131_llc.fits,120.58016458541533,0.9999362698889428,0.0006892395031288997,101,0.0002,/Users/adarsh/Documents/MyCodeProjects/Exoplanet_Transit_Research/kepler_llc_downloads,66,high_confidence,0.12260746512038168,70.0,0.5287176970670501,unstable,review_with_caution,above threshold with weaker supporting signals,0.000352957060809459,0.00022442469155137257,0.0027254260085148863,2.4050104872496547,weak,14.388078897324025,90fcd581-cda7-44e8-aa50-55d5073b700c,2026-08-12T23:00:36.850610+00:00,https://archive.stsci.edu/pub/kepler/lightcurves/0033/003338674/kplr003338674-2009131105131_llc.fits,/Users/adarsh/Documents/MyCodeProjects/Exoplanet_Transit_Research/kepler_llc_downloads/kplr003338674-2009131105131_llc.fits,1.8866933466733367,0.184,0.001618471570750499,6.0247355182534515e-05,0.0006892395031288997,2.645284846319892,2.0356724934876342,0.9852941176470589,9.706427144432382,0.037754875,active,low_priority
kplr008579684-2009131105131_llc.fits,120.824606626069,1.0000248753876508,0.00015028598292616982,101,0.0002,/Users/adarsh/Documents/MyCodeProjects/Exoplanet_Transit_Research/kepler_llc_downloads,45,high_confidence,0.16347588066855678,70.0,0.6290389302821896,unstable,review_with_caution,above threshold with weaker supporting signals,0.00013069528618225363,0.00013473556781551377,0.0003239972076257702,2.833783593971134,moderate,7.057204364967762,90fcd581-cda7-44e8-aa50-55d5073b700c,2026-08-12T23:00:36.850610+00:00,https://archive.stsci.edu/pub/kepler/lightcurves/0085/008579684/kplr008579684-2009131105131_llc.fits,/Users/adarsh/Documents/MyCodeProjects/Exoplanet_Transit_Research/kepler_llc_downloads/kplr008579684-2009131105131_llc.fits,1.3171585792896447,0.3,9.819255526752544e-05,4.86909784453285e-07,0.00015028598292616982,6.014091589044511,0.7615774151619251,0.9852941176470589,9.70637848442857,0.1743198,active,low_priority
kplr004742414-2009131105131_llc.fits,120.58013294093689,1.0000186906734172,0.0004429597870651609,101,0.0002,/Users/adarsh/Documents/MyCodeProjects/Exoplanet_Transit_Research/kepler_llc_downloads,43,high_confidence,0.18391087561758468,70.0,0.6501295093703016,unstable,review_with_caution,above threshold with weaker supporting signals,0.00016300349739458166,0.0001773178102038031,0.0019170541271230634,2.6946310858201628,weak,37.12991607798131,90fcd581-cda7-44e8-aa50-55d5073b700c,2026-08-12T23:00:36.850610+00:00,https://archive.stsci.edu/pub/kepler/lightcurves/0047/004742414/kplr004742414-2009131105131_llc.fits,/Users/adarsh/Documents/MyCodeProjects/Exoplanet_Transit_Research/kepler_llc_downloads/kplr004742414-2009131105131_llc.fits,7.012506253126563,0.3,0.0017816824662325048,2.3807943078602554e-05,0.0004429597870651609,2.6249575551295905,2.4633814268165373,0.9852941176470589,9.706409044410975,0.2572012,active,low_priority
kplr003851130-2009166043257_llc.fits,131.75776730122016,1.000074164294124,0.00045103653818174676,101,0.0002,/Users/adarsh/Documents/MyCodeProjects/Exoplanet_Transit_Research/kepler_llc_downloads,222,high_confidence,0.1226065084192669,70.0,0.7246724352306315,unstable,review_with_caution,above threshold with weaker supporting signals,9.51149581419094e-05,0.00016553578263195368,0.0009535446105658485,1.9169849083125214,moderate,38.22022076283129,90fcd581-cda7-44e8-aa50-55d5073b700c,2026-08-12T23:00:36.850610+00:00,https://archive.stsci.edu/pub/kepler/lightcurves/0038/003851130/kplr003851130-2009166043257_llc.fits,/Users/adarsh/Documents/MyCodeProjects/Exoplanet_Transit_Research/kepler_llc_downloads/kplr003851130-2009166043257_llc.fits,4.808654327163581,0.3,0.0004290960973085087,9.298234766632354e-06,0.00045103653818174676,5.4683543413424545,4.712365878465551,0.9908480780964003,33.471610959168174,0.11368561,active,low_priority
kplr008414216-2009166043257_llc.fits,131.65579913347756,1.0000232472285482,0.0005352500316118187,101,0.0002,/Users/adarsh/Documents/MyCodeProjects/Exoplanet_Transit_Research/kepler_llc_downloads,331,high_confidence,0.081737156771851,70.0,0.5118946618106963,unstable,review_with_caution,above threshold with weaker supporting signals,0.0001967399966826637,0.00019514033825807076,0.0005398183006192214,1.756608743819072,moderate,5.11716898100121,90fcd581-cda7-44e8-aa50-55d5073b700c,2026-08-12T23:00:36.850610+00:00,https://archive.stsci.edu/pub/kepler/lightcurves/0084/008414216/kplr008414216-2009166043257_llc.fits,/Users/adarsh/Documents/MyCodeProjects/Exoplanet_Transit_Research/kepler_llc_downloads/kplr008414216-2009166043257_llc.fits,0.5,0.3,4.69895887793525e-05,1.0764104586556672e-06,0.0005352500316118188,6.632913729812809,0.6106443792118319,0.9908480780964003,33.47121191654878,0.118688755,active,low_priority
kplr010601549-2009166043257_llc.fits,131.65508708719426,0.9983866329015694,0.020001723632484827,101,0.0002,/Users/adarsh/Documents/MyCodeProjects/Exoplanet_Transit_Research/kepler_llc_downloads,102,high_confidence,0.30651385316014057,70.0,0.624461797201059,unstable,review_with_caution,above threshold with weaker supporting signals,0.017867685453964065,0.002231306501806418,0.10287774867033594,3.4505503556252393,weak,3.701159410533314,90fcd581-cda7-44e8-aa50-55d5073b700c,2026-08-12T23:00:36.850610+00:00,https://archive.stsci.edu/pub/kepler/lightcurves/0106/010601549/kplr010601549-2009166043257_llc.fits,/Users/adarsh/Documents/MyCodeProjects/Exoplanet_Transit_Research/kepler_llc_downloads/kplr010601549-2009166043257_llc.fits,1.4409704852426213,0.3,0.030614680776655818,0.1593339754396117,0.020001723632484827,1.1266574545302714,1.9086298626579197,0.9908480780964003,33.47133604135888,0.013392617,active,low_priority
kplr003116302-2009166043257_llc.fits,131.73739137058146,1.0000102033544214,0.00017093392229331131,101,0.0002,/Users/adarsh/Documents/MyCodeProjects/Exoplanet_Transit_Research/kepler_llc_downloads,291,high_confidence,0.10217221434868407,70.0,0.5431647887866881,unstable,review_with_caution,above threshold with weaker supporting signals,0.0001918211515183971,0.00018748277845959116,0.0006584954222624839,1.809851694915153,strong,15.042223859157204,90fcd581-cda7-44e8-aa50-55d5073b700c,2026-08-12T23:00:36.850610+00:00,https://archive.stsci.edu/pub/kepler/lightcurves/0031/003116302/kplr003116302-2009166043257_llc.fits,/Users/adarsh/Documents/MyCodeProjects/Exoplanet_Transit_Research/kepler_llc_downloads/kplr003116302-2009166043257_llc.fits,1.6390695347673836,0.3,6.29910636952884e-05,5.773256823449946e-07,0.00017093392229331131,18.710251160802013,0.617611459534747,0.9908480780964003,33.47162510374619,0.19716287,active,low_priority
kplr011187436-2009166043257_llc.fits,131.55300028339116,1.0000538407673762,0.007053210361143574,101,0.0002,/Users/adarsh/Documents/MyCodeProjects/Exoplanet_Transit_Research/kepler_llc_downloads,158,high_confidence,0.12260501562559512,70.0,1.2397654685315838,unstable,review_with_caution,above threshold with weaker supporting signals,0.0015689832403465336,0.00045672647972699876,0.017494207697877906,1.196687182926894,weak,36.20101083944125,90fcd581-cda7-44e8-aa50-55d5073b700c,2026-08-12T23:00:36.850610+00:00,https://archive.stsci.edu/pub/kepler/lightcurves/0111/011187436/kplr011187436-2009166043257_llc.fits,/Users/adarsh/Documents/MyCodeProjects/Exoplanet_Transit_Research/kepler_llc_downloads/kplr011187436-2009166043257_llc.fits,4.561030515257628,0.3,0.013477221460137936,0.010444041151422145,0.007053210361143575,0.8139503198751442,5.838451881321215,0.9908480780964003,33.471242014100426,0.34105113,active,low_priority
kplr009101400-2013098041711_llc.fits,1472.3015391829395,0.9687502215396826,0.07993910782439417,101,0.0002,/Users/adarsh/Documents/MyCodeProjects/Exoplanet_Transit_Research/kepler_llc_downloads,218,high_confidence,0.306507535300625,70.0,2.0237763037941234,unstable,review_with_caution,above threshold with weaker supporting signals,0.10912419736169783,0.0017356149400118426,0.30520699745090984,1.29227830663217,weak,4.428355666121159,90fcd581-cda7-44e8-aa50-55d5073b700c,2026-08-12T23:00:36.850610+00:00,https://archive.stsci.edu/pub/kepler/lightcurves/0091/009101400/kplr009101400-2013098041711_llc.fits,/Users/adarsh/Documents/MyCodeProjects/Exoplanet_Transit_Research/kepler_llc_downloads/kplr009101400-2013098041711_llc.fits,1.6638319159579789,0.272,0.08104464654084007,1.9015039551831479,0.07993910782439417,0.3205695958762306,1.2617701280060158,0.8408279800142755,85.86162420595065,0.009218272,active,low_priority
kplr007919653-2009166043257_llc.fits,131.55263513910904,0.9949711486850621,0.01982140183648912,101,0.0002,/Users/adarsh/Documents/MyCodeProjects/Exoplanet_Transit_Research/kepler_llc_downloads,228,high_confidence,0.12260676825826522,70.0,0.7199939099036924,unstable,review_with_caution,above threshold with weaker supporting signals,0.006847336985649552,-4.725053343734853e-05,0.10882860934196947,1.460854641634242,weak,16.20585908393751,90fcd581-cda7-44e8-aa50-55d5073b700c,2026-08-12T23:00:36.850610+00:00,https://archive.stsci.edu/pub/kepler/lightcurves/0079/007919653/kplr007919653-2009166043257_llc.fits,/Users/adarsh/Documents/MyCodeProjects/Exoplanet_Transit_Research/kepler_llc_downloads/kplr007919653-2009166043257_llc.fits,2.109554777388694,0.156,0.06562136372727842,0.25836980264566634,0.01982140183648912,-0.035994800708141296,3.5721113915889187,0.9908480780964003,33.471671550607425,0.024284383,active,low_priority
kplr010023069-2009131105131_llc.fits,120.55904470463429,1.0000201657842789,0.0002118221523987061,101,0.0002,/Users/adarsh/Documents/MyCodeProjects/Exoplanet_Transit_Research/kepler_llc_downloads,80,high_confidence,0.10217209042457398,70.0,0.5808979471565854,unstable,review_with_caution,above threshold with weaker supporting signals,0.00018552220741192837,0.0001972693055897201,0.0006225497913261435,1.7352284896632568,moderate,4.136063860590071,90fcd581-cda7-44e8-aa50-55d5073b700c,2026-08-12T23:00:36.850610+00:00,https://archive.stsci.edu/pub/kepler/lightcurves/0100/010023069/kplr010023069-2009131105131_llc.fits,/Users/adarsh/Documents/MyCodeProjects/Exoplanet_Transit_Research/kepler_llc_downloads/kplr010023069-2009131105131_llc.fits,0.5247623811905953,0.3,9.370049178111567e-05,1.1501514629630031e-06,0.00021182215239870611,8.329772352468794,0.8728833985189316,0.9852941176470589,9.706339762771677,0.15517493,active,low_priority
kplr006851425-2009166043257_llc.fits,131.55348822133237,1.0000075577362677,0.00019877294920775962,101,0.0002,/Users/adarsh/Documents/MyCodeProjects/Exoplanet_Transit_Research/kepler_llc_downloads,292,high_confidence,0.102171058228123,70.0,0.5967090939114505,unstable,review_with_caution,above threshold with weaker supporting signals,0.0001868014254315269,0.00017555420144538258,0.0008655460993545194,1.826214431579615,strong,107.86704829786831,90fcd581-cda7-44e8-aa50-55d5073b700c,2026-08-12T23:00:36.850610+00:00,https://archive.stsci.edu/pub/kepler/lightcurves/0068/006851425/kplr006851425-2009166043257_llc.fits,/Users/adarsh/Documents/MyCodeProjects/Exoplanet_Transit_Research/kepler_llc_downloads/kplr006851425-2009166043257_llc.fits,11.123061530765382,0.128,0.0005434769941425676,2.8059888100412846e-06,0.00019877294920775962,15.091950495616262,0.6439103138176857,0.9908480780964003,33.471395507702255,0.76737154,active,review_now
kplr006545018-2009166043257_llc.fits,131.59373239784327,0.9828358280941337,0.061934054840335734,101,0.0002,/Users/adarsh/Documents/MyCodeProjects/Exoplanet_Transit_Research/kepler_llc_downloads,194,high_confidence,0.14304120167798828,70.0,0.7876201828699645,unstable,review_with_caution,above threshold with weaker supporting signals,0.021824563817959896,-3.0055645540927323e-05,0.28437052444682664,1.3816403066780225,weak,12.8823139636787,90fcd581-cda7-44e8-aa50-55d5073b700c,2026-08-12T23:00:36.850610+00:00,https://archive.stsci.edu/pub/kepler/lightcurves/0065/006545018/kplr006545018-2009166043257_llc.fits,/Users/adarsh/Documents/MyCodeProjects/Exoplanet_Transit_Research/kepler_llc_downloads/kplr006545018-2009166043257_llc.fits,1.9857428714357177,0.244,0.13901713350503447,1.9519021042036144,0.061934054840335734,-0.006759232898518614,3.299613070579665,0.9908480780964003,33.4716797570145,0.020286642,active,low_priority
kplr009696358-2009131105131_llc.fits,120.82547495992185,1.0000077842701987,7.418785328727692e-05,101,0.0002,/Users/adarsh/Documents/MyCodeProjects/Exoplanet_Transit_Research/kepler_llc_downloads,23,high_confidence,0.25542883010348305,70.0,0.7272174257596159,unstable,review_with_caution,above threshold with weaker supporting signals,0.00014222128959691683,0.0001400786606559068,0.00023080933769370482,2.8602872830362003,moderate,12.00914800565636,90fcd581-cda7-44e8-aa50-55d5073b700c,2026-08-12T23:00:36.850610+00:00,https://archive.stsci.edu/pub/kepler/lightcurves/0096/009696358/kplr009696358-2009131105131_llc.fits,/Users/adarsh/Documents/MyCodeProjects/Exoplanet_Transit_Research/kepler_llc_downloads/kplr009696358-2009131105131_llc.fits,3.322911455727864,0.272,7.551741935273738e-05,1.1120617220109528e-07,7.418785328727692e-05,9.055305238657368,0.31551786465742854,0.9852941176470589,9.706293069139065,0.822517,active,review_now
kplr005608566-2009166043257_llc.fits,131.55357914635533,0.9999777460828249,0.0007955706372586771,101,0.0002,/Users/adarsh/Documents/MyCodeProjects/Exoplanet_Transit_Research/kepler_llc_downloads,364,high_confidence,0.08173728873225627,70.0,0.5193662761557671,unstable,review_with_caution,above threshold with weaker supporting signals,0.0003531161918977923,0.00022507047349901166,0.00592418615157686,1.5854434522188363,moderate,52.68044273276623,90fcd581-cda7-44e8-aa50-55d5073b700c,2026-08-12T23:00:36.850610+00:00,https://archive.stsci.edu/pub/kepler/lightcurves/0056/005608566/kplr005608566-2009166043257_llc.fits,/Users/adarsh/Documents/MyCodeProjects/Exoplanet_Transit_Research/kepler_llc_downloads/kplr005608566-2009166043257_llc.fits,4.387693846923462,0.068,0.002320345089375289,6.999201733924423e-05,0.0007955706372586771,5.397472900508038,2.200208913961567,0.9908480780964003,33.47144406010921,0.13991778,active,low_priority
kplr003662838-2009131105131_llc.fits,121.00889738682599,1.0000093787220274,0.00021092767598405825,101,0.0002,/Users/adarsh/Documents/MyCodeProjects/Exoplanet_Transit_Research/kepler_llc_downloads,30,high_confidence,0.22478084373869933,70.0,0.7734028701867691,unstable,review_with_caution,above threshold with weaker supporting signals,0.00016708494370945015,0.00014075138080926752,0.0007246674764820327,2.4253420875058787,weak,26.231237450913177,90fcd581-cda7-44e8-aa50-55d5073b700c,2026-08-12T23:00:36.850610+00:00,https://archive.stsci.edu/pub/kepler/lightcurves/0036/003662838/kplr003662838-2009131105131_llc.fits,/Users/adarsh/Documents/MyCodeProjects/Exoplanet_Transit_Research/kepler_llc_downloads/kplr003662838-2009131105131_llc.fits,6.121060530265132,0.3,0.0006561121809949203,3.2286239553743323e-06,0.00021092767598405825,3.654935555970482,1.0199956933233298,0.9852941176470589,9.70644720285054,0.7313519,active,review_with_caution
kplr011457191-2009166043257_llc.fits,131.61411292549747,0.9947676727796343,0.0199844550244747,101,0.0002,/Users/adarsh/Documents/MyCodeProjects/Exoplanet_Transit_Research/kepler_llc_downloads,121,high_confidence,0.18390792064747075,70.0,0.8319888190949982,unstable,review_with_caution,above threshold with weaker supporting signals,0.006942526735731405,-0.004365093591851998,0.07900131372685903,1.7544880277266657,weak,11.41323069547879,90fcd581-cda7-44e8-aa50-55d5073b700c,2026-08-12T23:00:36.850610+00:00,https://archive.stsci.edu/pub/kepler/lightcurves/0114/011457191/kplr011457191-2009166043257_llc.fits,/Users/adarsh/Documents/MyCodeProjects/Exoplanet_Transit_Research/kepler_llc_downloads/kplr011457191-2009166043257_llc.fits,2.2828914457228615,0.3,0.042901983247870604,0.19326091749305982,0.019984455024474698,-2.4026689470174385,3.908523370529645,0.9908480780964003,33.47129330948519,0.043909308,active,low_priority
kplr008494542-2009166043257_llc.fits,131.61445785897376,1.0000102281779002,0.00022578018638808956,101,0.0002,/Users/adarsh/Documents/MyCodeProjects/Exoplanet_Transit_Research/kepler_llc_downloads,344,high_confidence,0.0817374952530372,70.0,0.5023708633554802,unstable,review_with_caution,above threshold with weaker supporting signals,0.00021206010676673372,0.0002083975476185329,0.0006767309166884061,1.7548758372330155,strong,65.70716078636453,90fcd581-cda7-44e8-aa50-55d5073b700c,2026-08-12T23:00:36.850610+00:00,https://archive.stsci.edu/pub/kepler/lightcurves/0084/008494542/kplr008494542-2009166043257_llc.fits,/Users/adarsh/Documents/MyCodeProjects/Exoplanet_Transit_Research/kepler_llc_downloads/kplr008494542-2009166043257_llc.fits,5.4524762381190595,0.128,0.0001567839836985748,4.5475252457130685e-07,0.00022578018638808956,17.11929981924333,0.5454198548544053,0.9908480780964003,33.471425385345356,0.78943586,active,review_now
kplr005966154-2009131105131_llc.fits,120.55941913018614,1.0000103082392218,0.00011058776057987496,101,0.0002,/Users/adarsh/Documents/MyCodeProjects/Exoplanet_Transit_Research/kepler_llc_downloads,59,high_confidence,0.15325899708113866,70.0,0.6014451993974324,unstable,review_with_caution,above threshold with weaker supporting signals,0.00014811378948482835,0.00015514505445302085,0.0002976931701104135,1.8702810833810433,strong,10.179485126292985,90fcd581-cda7-44e8-aa50-55d5073b700c,2026-08-12T23:00:36.850610+00:00,https://archive.stsci.edu/pub/kepler/lightcurves/0059/005966154/kplr005966154-2009131105131_llc.fits,/Users/adarsh/Documents/MyCodeProjects/Exoplanet_Transit_Research/kepler_llc_downloads/kplr005966154-2009131105131_llc.fits,1.7133566783391696,0.096,9.056573327188355e-05,1.0252690053842443e-07,0.00011058776057987496,10.775982523436067,0.4568707710537442,0.9852941176470589,9.706405808356067,0.74758357,active,review_with_caution
kplr006020753-2009166043257_llc.fits,131.65603277029732,1.0000171399801905,0.0002511296184076482,101,0.0002,/Users/adarsh/Documents/MyCodeProjects/Exoplanet_Transit_Research/kepler_llc_downloads,353,high_confidence,0.0817373311620031,70.0,0.5108763397518606,unstable,review_with_caution,above threshold with weaker supporting signals,0.00022330001039744802,0.00021325614567424545,0.0010005009298893475,1.7297196177469232,strong,48.74205584700773,90fcd581-cda7-44e8-aa50-55d5073b700c,2026-08-12T23:00:36.850610+00:00,https://archive.stsci.edu/pub/kepler/lightcurves/0060/006020753/kplr006020753-2009166043257_llc.fits,/Users/adarsh/Documents/MyCodeProjects/Exoplanet_Transit_Research/kepler_llc_downloads/kplr006020753-2009166043257_llc.fits,4.065782891445723,0.068,0.000563922189793617,3.6570947156287247e-06,0.0002511296184076482,15.954785565615529,0.7683326401953557,0.9908480780964003,33.47126558238233,0.470623,active,review_with_caution
kplr008548427-2009166043257_llc.fits,131.59432748165273,1.000007201424357,0.00016183334541120887,101,0.0002,/Users/adarsh/Documents/MyCodeProjects/Exoplanet_Transit_Research/kepler_llc_downloads,294,high_confidence,0.10217106556956423,70.0,0.5255433892385007,unstable,review_with_caution,above threshold with weaker supporting signals,0.0001917845945636657,0.0001869444520234964,0.000611003838761115,1.8935436520437463,strong,186.87704416990667,90fcd581-cda7-44e8-aa50-55d5073b700c,2026-08-12T23:00:36.850610+00:00,https://archive.stsci.edu/pub/kepler/lightcurves/0085/008548427/kplr008548427-2009166043257_llc.fits,/Users/adarsh/Documents/MyCodeProjects/Exoplanet_Transit_Research/kepler_llc_downloads/kplr008548427-2009166043257_llc.fits,19.19559779889945,0.128,0.00023517896785309035,3.318548815226694e-07,0.00016183334541120887,19.80697869013107,0.5249742176931548,0.9908480780964003,33.471286016414524,0.55632204,active,review_with_caution
kplr010026502-2009166043257_llc.fits,131.5731187901838,1.0000146829749028,0.0003418803267368848,101,0.0002,/Users/adarsh/Documents/MyCodeProjects/Exoplanet_Transit_Research/kepler_llc_downloads,268,high_confidence,0.1021720475910115,70.0,0.5629999411224277,unstable,review_with_caution,above threshold with weaker supporting signals,0.00019010193896435004,0.00017972192125681463,0.0006991098499717907,1.7945622124808551,moderate,4.6207853039279625,90fcd581-cda7-44e8-aa50-55d5073b700c,2026-08-12T23:00:36.850610+00:00,https://archive.stsci.edu/pub/kepler/lightcurves/0100/010026502/kplr010026502-2009166043257_llc.fits,/Users/adarsh/Documents/MyCodeProjects/Exoplanet_Transit_Research/kepler_llc_downloads/kplr010026502-2009166043257_llc.fits,0.5742871435717859,0.3,3.88944773499833e-05,6.376369252504054e-07,0.0003418803267368848,8.605861240198687,0.5614767232079376,0.9908480780964003,33.471486366252066,0.07702919,active,low_priority
kplr009412623-2009166043257_llc.fits,131.79807165724196,1.0000102368549617,0.00017802527095414029,101,0.0002,/Users/adarsh/Documents/MyCodeProjects/Exoplanet_Transit_Research/kepler_llc_downloads,275,high_confidence,0.10217181405823794,70.0,0.5957037289027814,unstable,review_with_caution,above threshold with weaker supporting signals,0.000190574541203835,0.00018424966786856345,0.0005661214449940166,1.754432908467379,strong,235.1053474305313,90fcd581-cda7-44e8-aa50-55d5073b700c,2026-08-12T23:00:36.850610+00:00,https://archive.stsci.edu/pub/kepler/lightcurves/0094/009412623/kplr009412623-2009166043257_llc.fits,/Users/adarsh/Documents/MyCodeProjects/Exoplanet_Transit_Research/kepler_llc_downloads/kplr009412623-2009166043257_llc.fits,24.123311655827912,0.3,0.00025502668399672546,9.430598384803022e-07,0.00017802527095414029,17.16292897048992,0.7091254196511786,0.9908480780964003,33.47147183959896,0.3663744,active,low_priority
kplr007203194-2009166043257_llc.fits,131.5531868679318,1.0000128409436224,0.00021187996104903812,101,0.0002,/Users/adarsh/Documents/MyCodeProjects/Exoplanet_Transit_Research/kepler_llc_downloads,335,high_confidence,0.08173786172483233,70.0,0.5061531451753413,unstable,review_with_caution,above threshold with weaker supporting signals,0.00022109542004493832,0.00020747732764625493,0.0006761911929484832,1.785526374159872,strong,59.34493842916437,90fcd581-cda7-44e8-aa50-55d5073b700c,2026-08-12T23:00:36.850610+00:00,https://archive.stsci.edu/pub/kepler/lightcurves/0072/007203194/kplr007203194-2009166043257_llc.fits,/Users/adarsh/Documents/MyCodeProjects/Exoplanet_Transit_Research/kepler_llc_downloads/kplr007203194-2009166043257_llc.fits,4.932466233116558,0.068,0.00019380518518465626,4.507253976535069e-07,0.00021187996104903812,17.92268882657459,0.6038371273437984,0.9908480780964003,33.47151628231222,0.3246422,active,low_priority
kplr009458343-2009166043257_llc.fits,131.61452285364794,1.0000120933245618,0.00020278986373917007,101,0.0002,/Users/adarsh/Documents/MyCodeProjects/Exoplanet_Transit_Research/kepler_llc_downloads,353,high_confidence,0.08173718918988016,70.0,0.5118229235574224,unstable,review_with_caution,above threshold with weaker supporting signals,0.00020695564452282025,0.00020480742645745398,0.0007582536460664091,1.8558510638300163,strong,53.28641054681658,90fcd581-cda7-44e8-aa50-55d5073b700c,2026-08-12T23:00:36.850610+00:00,https://archive.stsci.edu/pub/kepler/lightcurves/0094/009458343/kplr009458343-2009166043257_llc.fits,/Users/adarsh/Documents/MyCodeProjects/Exoplanet_Transit_Research/kepler_llc_downloads/kplr009458343-2009166043257_llc.fits,4.437218609304653,0.096,0.00018056771562439085,6.031869486275014e-07,0.00020278986373917004,18.975219556944317,0.630062343557755,0.9908480780964003,33.47130170570745,0.6451084,active,review_with_caution
kplr008655458-2009166043257_llc.fits,131.61381098600395,0.9997140564154944,0.001255576949174493,101,0.0002,/Users/adarsh/Documents/MyCodeProjects/Exoplanet_Transit_Research/kepler_llc_downloads,372,high_confidence,0.08173778605851112,70.0,0.5655885362287307,unstable,review_with_caution,above threshold with weaker supporting signals,0.0005711478284142551,0.00021307777542856066,0.0057034376987243895,1.3298267610131802,weak,8.752509980102879,90fcd581-cda7-44e8-aa50-55d5073b700c,2026-08-12T23:00:36.850610+00:00,https://archive.stsci.edu/pub/kepler/lightcurves/0086/008655458/kplr008655458-2009166043257_llc.fits,/Users/adarsh/Documents/MyCodeProjects/Exoplanet_Transit_Research/kepler_llc_downloads/kplr008655458-2009166043257_llc.fits,0.7971485742871436,0.156,0.002406573289985465,0.0008629476550106482,0.001255576949174493,3.273152876075545,2.1210196678226407,0.9908480780964003,33.47165587458585,0.03585577,active,low_priority
kplr009995402-2009166043257_llc.fits,131.5534973132526,1.0000191369140514,0.00020849912202742352,101,0.0002,/Users/adarsh/Documents/MyCodeProjects/Exoplanet_Transit_Research/kepler_llc_downloads,340,high_confidence,0.08173671945405658,70.0,0.5290721805668769,unstable,review_with_caution,above threshold with weaker supporting signals,0.0002079130952837385,0.00019578477941784023,0.0007827931466938276,1.8266771907695158,strong,59.64873471088552,90fcd581-cda7-44e8-aa50-55d5073b700c,2026-08-12T23:00:36.850610+00:00,https://archive.stsci.edu/pub/kepler/lightcurves/0099/009995402/kplr009995402-2009166043257_llc.fits,/Users/adarsh/Documents/MyCodeProjects/Exoplanet_Transit_Research/kepler_llc_downloads/kplr009995402-2009166043257_llc.fits,4.957228614307153,0.128,0.0001436762078228232,4.2317848023411525e-07,0.00020849912202742352,17.3146674225961,0.6461613994956963,0.9908480780964003,33.47112033296435,0.7246405,active,review_with_caution
kplr008480285-2009166043257_llc.fits,131.5944507667591,1.0000125557909312,0.00020714274877765227,101,0.0002,/Users/adarsh/Documents/MyCodeProjects/Exoplanet_Transit_Research/kepler_llc_downloads,330,high_confidence,0.08173735858144937,70.0,0.5201260701482172,unstable,review_with_caution,above threshold with weaker supporting signals,0.0002063802106095819,0.00019303029721862153,0.0009331122427493899,1.74236048595729,strong,345.9365701506239,90fcd581-cda7-44e8-aa50-55d5073b700c,2026-08-12T23:00:36.850610+00:00,https://archive.stsci.edu/pub/kepler/lightcurves/0084/008480285/kplr008480285-2009166043257_llc.fits,/Users/adarsh/Documents/MyCodeProjects/Exoplanet_Transit_Research/kepler_llc_downloads/kplr008480285-2009166043257_llc.fits,28.35767883941971,0.3,0.0006189414683914882,2.8731640597095866e-06,0.00020714274877765227,16.928275341740225,0.6161360558902762,0.9908480780964003,33.471227234826074,0.7331141,active,review_with_caution
kplr010419108-2009131105131_llc.fits,120.94722407609515,1.0000164031404057,0.00010342513050105756,101,0.0002,/Users/adarsh/Documents/MyCodeProjects/Exoplanet_Transit_Research/kepler_llc_downloads,53,high_confidence,0.14304074570463854,70.0,0.6502167446708886,unstable,review_with_caution,above threshold with weaker supporting signals,0.00012920373417732496,0.0001348906745287648,0.00025355276449690045,2.0699675983370867,moderate,13.22858657364304,90fcd581-cda7-44e8-aa50-55d5073b700c,2026-08-12T23:00:36.850610+00:00,https://archive.stsci.edu/pub/kepler/lightcurves/0104/010419108/kplr010419108-2009131105131_llc.fits,/Users/adarsh/Documents/MyCodeProjects/Exoplanet_Transit_Research/kepler_llc_downloads/kplr010419108-2009131105131_llc.fits,2.0352676338169085,0.3,6.21671186331763e-05,1.1594251917454246e-07,0.00010342513050105756,9.494974082711348,0.4743769821420698,0.9852941176470589,9.7063340203822,0.5589818,active,review_with_caution
kplr003229028-2009131105131_llc.fits,120.58021864612965,1.0000144935354756,0.00014435602733718346,101,0.0002,/Users/adarsh/Documents/MyCodeProjects/Exoplanet_Transit_Research/kepler_llc_downloads,68,high_confidence,0.1021729815256549,70.0,0.6981110491258742,unstable,review_with_caution,above threshold with weaker supporting signals,0.00015072834046433512,0.00015615376261229885,0.0003794088417313768,1.8929618491247062,moderate,15.769175693565897,90fcd581-cda7-44e8-aa50-55d5073b700c,2026-08-12T23:00:36.850610+00:00,https://archive.stsci.edu/pub/kepler/lightcurves/0032/003229028/kplr003229028-2009131105131_llc.fits,/Users/adarsh/Documents/MyCodeProjects/Exoplanet_Transit_Research/kepler_llc_downloads/kplr003229028-2009131105131_llc.fits,1.7133566783391696,0.3,0.00010915356609483169,4.408365366750952e-07,0.00014435602733718346,8.920146515036345,0.8239093741110385,0.9852941176470589,9.706424916941614,0.48307928,active,review_with_caution
kplr005716932-2009131105131_llc.fits,120.68190342661546,1.0000312905258857,0.00017886607081636893,101,0.0002,/Users/adarsh/Documents/MyCodeProjects/Exoplanet_Transit_Research/kepler_llc_downloads,82,high_confidence,0.10217282320081722,70.0,0.5464585079717564,unstable,review_with_caution,above threshold with weaker supporting signals,0.00014870605652495932,0.00016542187618390214,0.0004067263496767559,1.8114997618672533,moderate,10.194972157198148,90fcd581-cda7-44e8-aa50-55d5073b700c,2026-08-12T23:00:36.850610+00:00,https://archive.stsci.edu/pub/kepler/lightcurves/0057/005716932/kplr005716932-2009131105131_llc.fits,/Users/adarsh/Documents/MyCodeProjects/Exoplanet_Transit_Research/kepler_llc_downloads/kplr005716932-2009131105131_llc.fits,1.1438219109554777,0.3,0.00010357514487367725,6.490325434539954e-07,0.00017886607081636893,8.374750964683402,0.8155187654105867,0.9852941176470589,9.706416088469268,0.6387355,active,review_with_caution
kplr005121173-2009131105131_llc.fits,120.57960879096208,1.0000190992275917,0.00020940519927239765,101,0.0002,/Users/adarsh/Documents/MyCodeProjects/Exoplanet_Transit_Research/kepler_llc_downloads,67,high_confidence,0.11239034908430767,70.0,0.6106477845076316,unstable,review_with_caution,above threshold with weaker supporting signals,0.00013995591911267243,0.00014833533782998565,0.0005380990544268105,2.0206664798306804,moderate,24.59996136446623,90fcd581-cda7-44e8-aa50-55d5073b700c,2026-08-12T23:00:36.850610+00:00,https://archive.stsci.edu/pub/kepler/lightcurves/0051/005121173/kplr005121173-2009131105131_llc.fits,/Users/adarsh/Documents/MyCodeProjects/Exoplanet_Transit_Research/kepler_llc_downloads/kplr005121173-2009131105131_llc.fits,2.8771885942971487,0.3,0.00024931918490366667,1.367521231142632e-06,0.00020940519927239765,5.798218348408286,1.1827580809554394,0.9852941176470589,9.706433332372399,0.76765484,active,review_now
kplr005120087-2009131105131_llc.fits,120.57963162349915,1.0000236001854708,0.00021161656043283106,101,0.0002,/Users/adarsh/Documents/MyCodeProjects/Exoplanet_Transit_Research/kepler_llc_downloads,79,high_confidence,0.1021729985550337,70.0,0.59381590830455,unstable,review_with_caution,above threshold with weaker supporting signals,0.00019042407841382664,0.00016192303034900934,0.0007325026650123467,1.6027460929110475,moderate,19.162176349340523,90fcd581-cda7-44e8-aa50-55d5073b700c,2026-08-12T23:00:36.850610+00:00,https://archive.stsci.edu/pub/kepler/lightcurves/0051/005120087/kplr005120087-2009131105131_llc.fits,/Users/adarsh/Documents/MyCodeProjects/Exoplanet_Transit_Research/kepler_llc_downloads/kplr005120087-2009131105131_llc.fits,2.060030015007504,0.272,0.00026888132318077083,1.8435777318637744e-06,0.00021161656043283106,6.800995968553714,0.941147067729297,0.9852941176470589,9.70643288463907,0.75847065,active,review_now
kplr010383687-2009131105131_llc.fits,120.74389967463503,1.0000369356941496,0.00021636860680910038,101,0.0002,/Users/adarsh/Documents/MyCodeProjects/Exoplanet_Transit_Research/kepler_llc_downloads,88,high_confidence,0.10217109653603984,70.0,0.5478244193977606,unstable,review_with_caution,above threshold with weaker supporting signals,0.0001787111627748939,0.00017426213168092453,0.0006573042445432442,1.8448402346544412,moderate,5.347923327952085,90fcd581-cda7-44e8-aa50-55d5073b700c,2026-08-12T23:00:36.850610+00:00,https://archive.stsci.edu/pub/kepler/lightcurves/0103/010383687/kplr010383687-2009131105131_llc.fits,/Users/adarsh/Documents/MyCodeProjects/Exoplanet_Transit_Research/kepler_llc_downloads/kplr010383687-2009131105131_llc.fits,0.6485742871435718,0.3,7.78511461406766e-05,6.636577046181598e-07,0.00021636860680910035,7.555272096360851,0.7182414254198459,0.9852941176470589,9.706257379810268,0.24294627,active,low_priority
kplr011853905-2009131105131_llc.fits,120.64132614069968,0.9999954495534171,0.00016423855045977315,101,0.0002,/Users/adarsh/Documents/MyCodeProjects/Exoplanet_Transit_Research/kepler_llc_downloads,46,high_confidence,0.18390798572363565,70.0,0.6362883824518024,unstable,review_with_caution,above threshold with weaker supporting signals,0.00016044281073133692,0.00013409141112241674,0.000871438880921116,2.0709534005147425,moderate,16.39510950102121,90fcd581-cda7-44e8-aa50-55d5073b700c,2026-08-12T23:00:36.850610+00:00,https://archive.stsci.edu/pub/kepler/lightcurves/0118/011853905/kplr011853905-2009131105131_llc.fits,/Users/adarsh/Documents/MyCodeProjects/Exoplanet_Transit_Research/kepler_llc_downloads/kplr011853905-2009131105131_llc.fits,3.1990995497748873,0.156,0.0005467497988765187,3.2882887682866498e-06,0.00016423855045977315,5.537385684354878,0.9357046690111246,0.9852941176470589,9.70624986205803,0.76909804,active,review_now
kplr009753154-2009131105131_llc.fits,120.78473337472678,1.000014639094026,0.00014370595849885328,101,0.0002,/Users/adarsh/Documents/MyCodeProjects/Exoplanet_Transit_Research/kepler_llc_downloads,36,high_confidence,0.20434278665925376,70.0,0.6572788353551153,unstable,review_with_caution,above threshold with weaker supporting signals,0.00013831382778721016,0.00010992807907422852,0.00042109797575218266,2.3619880200955254,weak,10.898955537495715,90fcd581-cda7-44e8-aa50-55d5073b700c,2026-08-12T23:00:36.850610+00:00,https://archive.stsci.edu/pub/kepler/lightcurves/0097/009753154/kplr009753154-2009131105131_llc.fits,/Users/adarsh/Documents/MyCodeProjects/Exoplanet_Transit_Research/kepler_llc_downloads/kplr009753154-2009131105131_llc.fits,2.431465732866433,0.3,0.00015148449274918213,6.769527705325719e-07,0.00014370595849885328,4.589708605928363,0.7790800556535221,0.9852941176470589,9.706279114783683,0.6363246,active,review_with_caution
kplr012058147-2009131105131_llc.fits,120.5593510638937,1.0000105201859513,0.00016119189411224847,101,0.0002,/Users/adarsh/Documents/MyCodeProjects/Exoplanet_Transit_Research/kepler_llc_downloads,81,high_confidence,0.10217118655054946,70.0,0.5565959124361222,unstable,review_with_caution,above threshold with weaker supporting signals,0.0001971292957171849,0.0002104218182084061,0.0005665955223385089,1.8181324433892314,strong,23.040320925917825,90fcd581-cda7-44e8-aa50-55d5073b700c,2026-08-12T23:00:36.850610+00:00,https://archive.stsci.edu/pub/kepler/lightcurves/0120/012058147/kplr012058147-2009131105131_llc.fits,/Users/adarsh/Documents/MyCodeProjects/Exoplanet_Transit_Research/kepler_llc_downloads/kplr012058147-2009131105131_llc.fits,2.456228114057028,0.068,0.00021053523589731533,2.8811305610319834e-07,0.00016119189411224847,11.748707181000558,0.552575745606709,0.9852941176470589,9.706261103878205,0.7409227,active,review_with_caution
kplr009239670-2009166043257_llc.fits,131.9408718215709,1.0000028307545363,7.42382085111725e-05,101,0.0002,/Users/adarsh/Documents/MyCodeProjects/Exoplanet_Transit_Research/kepler_llc_downloads,89,high_confidence,0.3065164553336217,70.0,0.694308638774767,unstable,review_with_caution,above threshold with weaker supporting signals,0.00013469716507004574,0.00012693239459771188,0.00031699337734658606,2.6066109498165133,strong,11.052687904033586,90fcd581-cda7-44e8-aa50-55d5073b700c,2026-08-12T23:00:36.850610+00:00,https://archive.stsci.edu/pub/kepler/lightcurves/0092/009239670/kplr009239670-2009166043257_llc.fits,/Users/adarsh/Documents/MyCodeProjects/Exoplanet_Transit_Research/kepler_llc_downloads/kplr009239670-2009166043257_llc.fits,3.6943471735867934,0.3,3.916928105524072e-05,1.0202646646256525e-07,7.42382085111725e-05,16.130208954346774,0.34278595885489443,0.9908480780964003,33.47157373618393,0.4856108,active,review_with_caution
kplr005551240-2009166043257_llc.fits,131.5938819694129,1.000020548941576,0.00034558999395530645,101,0.0002,/Users/adarsh/Documents/MyCodeProjects/Exoplanet_Transit_Research/kepler_llc_downloads,360,high_confidence,0.08173794926551636,70.0,0.5357849369578785,unstable,review_with_caution,above threshold with weaker supporting signals,0.00022807832093918332,0.00022208019857694605,0.0011265316700549421,1.5444033382729572,strong,23.2940138488826,90fcd581-cda7-44e8-aa50-55d5073b700c,2026-08-12T23:00:36.850610+00:00,https://archive.stsci.edu/pub/kepler/lightcurves/0055/005551240/kplr005551240-2009166043257_llc.fits,/Users/adarsh/Documents/MyCodeProjects/Exoplanet_Transit_Research/kepler_llc_downloads/kplr005551240-2009166043257_llc.fits,1.9857428714357177,0.3,0.0002714367912878574,8.951868697254714e-06,0.00034558999395530645,12.192701114195856,1.2781199079483747,0.9908480780964003,33.47168886860891,0.3633919,active,low_priority
kplr004932691-2009166043257_llc.fits,131.61450232462084,0.9996824640742138,0.014890369125699276,101,0.0002,/Users/adarsh/Documents/MyCodeProjects/Exoplanet_Transit_Research/kepler_llc_downloads,86,high_confidence,0.3882550735870609,70.0,0.5722187362105488,unstable,review_with_caution,above threshold with weaker supporting signals,0.008546731796165797,0.005573293635349641,0.12287851627196777,8.871736807433663,weak,45.69820600203506,90fcd581-cda7-44e8-aa50-55d5073b700c,2026-08-12T23:00:36.850610+00:00,https://archive.stsci.edu/pub/kepler/lightcurves/0049/004932691/kplr004932691-2009166043257_llc.fits,/Users/adarsh/Documents/MyCodeProjects/Exoplanet_Transit_Research/kepler_llc_downloads/kplr004932691-2009166043257_llc.fits,18.13081540770385,0.184,0.09511316086192564,0.0814186203223189,0.014890369125699274,3.471008576167834,2.282035739409003,0.9908480780964003,33.47165109719208,0.024332354,active,low_priority
kplr007983117-2009131105131_llc.fits,120.70199034769757,1.0000113385563267,8.030313401569094e-05,101,0.0002,/Users/adarsh/Documents/MyCodeProjects/Exoplanet_Transit_Research/kepler_llc_downloads,27,high_confidence,0.2860831679936382,70.0,0.590540469978316,unstable,review_with_caution,above threshold with weaker supporting signals,0.00011982935245913318,0.00011640088464670573,0.00019512892111528402,3.2240310233701166,moderate,0.9208566733762217,90fcd581-cda7-44e8-aa50-55d5073b700c,2026-08-12T23:00:36.850610+00:00,https://archive.stsci.edu/pub/kepler/lightcurves/0079/007983117/kplr007983117-2009131105131_llc.fits,/Users/adarsh/Documents/MyCodeProjects/Exoplanet_Transit_Research/kepler_llc_downloads/kplr007983117-2009131105131_llc.fits,0.5495247623811906,0.212,3.6893421496852314e-05,1.204595226523798e-07,8.030313401569094e-05,7.531919472084269,0.3263510485491497,0.9852941176470589,9.706391246545536,0.60360146,active,review_with_caution
kplr011409698-2009166043257_llc.fits,131.81833477508917,0.9963309802419681,0.025864368890254282,101,0.0002,/Users/adarsh/Documents/MyCodeProjects/Exoplanet_Transit_Research/kepler_llc_downloads,311,high_confidence,0.10217113337785122,70.0,0.5292470616467336,unstable,review_with_caution,above threshold with weaker supporting signals,0.002997963554291038,0.0001733708389276556,0.24924537554819515,1.806580863290037,weak,99.38430474451344,90fcd581-cda7-44e8-aa50-55d5073b700c,2026-08-12T23:00:36.850610+00:00,https://archive.stsci.edu/pub/kepler/lightcurves/0114/011409698/kplr011409698-2009166043257_llc.fits,/Users/adarsh/Documents/MyCodeProjects/Exoplanet_Transit_Research/kepler_llc_downloads/kplr011409698-2009166043257_llc.fits,10.256378189094546,0.156,0.2030115179090082,0.49456411684463475,0.02586436889025428,0.11821003868352777,8.127625671059096,0.9908480780964003,33.47134899617231,0.09229398,active,low_priority
kplr010971944-2009166043257_llc.fits,131.67563861708186,1.0000177086079778,0.00022632256722765918,101,0.0002,/Users/adarsh/Documents/MyCodeProjects/Exoplanet_Transit_Research/kepler_llc_downloads,235,high_confidence,0.12260515974776354,70.0,0.552213158171998,unstable,review_with_caution,above threshold with weaker supporting signals,0.00016643267760307794,0.00017662410363272762,0.0006084566020296833,1.9652179654196402,strong,22.46710856391696,90fcd581-cda7-44e8-aa50-55d5073b700c,2026-08-12T23:00:36.850610+00:00,https://archive.stsci.edu/pub/kepler/lightcurves/0109/010971944/kplr010971944-2009166043257_llc.fits,/Users/adarsh/Documents/MyCodeProjects/Exoplanet_Transit_Research/kepler_llc_downloads/kplr010971944-2009166043257_llc.fits,2.8771885942971487,0.3,0.00015537223585216755,2.076085723938336e-06,0.00022632256722765918,11.963439045600511,1.0428319308725795,0.9908480780964003,33.471246876884834,0.53987175,active,review_with_caution
kplr007175184-2009131105131_llc.fits,120.70321149101801,1.0000077419658073,8.866843071636538e-05,101,0.0002,/Users/adarsh/Documents/MyCodeProjects/Exoplanet_Transit_Research/kepler_llc_downloads,22,high_confidence,0.3882530147820944,70.0,0.6515998078955177,unstable,review_with_caution,above threshold with weaker supporting signals,0.00013341427539943394,0.00012447546048416358,0.0002704468336199861,3.096056682071465,moderate,6.474381047926835,90fcd581-cda7-44e8-aa50-55d5073b700c,2026-08-12T23:00:36.850610+00:00,https://archive.stsci.edu/pub/kepler/lightcurves/0071/007175184/kplr007175184-2009131105131_llc.fits,/Users/adarsh/Documents/MyCodeProjects/Exoplanet_Transit_Research/kepler_llc_downloads/kplr007175184-2009131105131_llc.fits,2.9019509754877437,0.3,8.910026544054775e-05,1.7068543198388546e-07,8.866843071636538e-05,6.584549392035657,0.43488521804291125,0.9852941176470589,9.706323526064807,0.727733,active,review_with_caution
kplr007303287-2009166043257_llc.fits,131.5936996567325,1.0000579631195203,0.0010342077340797816,101,0.0002,/Users/adarsh/Documents/MyCodeProjects/Exoplanet_Transit_Research/kepler_llc_downloads,240,high_confidence,0.1021724929305492,70.0,0.8711374714387152,unstable,review_with_caution,above threshold with weaker supporting signals,0.00022163965109572997,0.00024162161302077045,0.0027770996296389017,1.5001486958157102,weak,82.90258495465281,90fcd581-cda7-44e8-aa50-55d5073b700c,2026-08-12T23:00:36.850610+00:00,https://archive.stsci.edu/pub/kepler/lightcurves/0073/007303287/kplr007303287-2009166043257_llc.fits,/Users/adarsh/Documents/MyCodeProjects/Exoplanet_Transit_Research/kepler_llc_downloads/kplr007303287-2009166043257_llc.fits,8.572536268134067,0.3,0.0022635131407464266,0.0001511430062807867,0.0010342077340797816,3.61937530527509,4.778827977369805,0.9908480780964003,33.471638330156566,0.14800663,active,low_priority
kplr005369827-2009131105131_llc.fits,120.70244073736103,1.000139868269058,0.0006267953591332564,101,0.0002,/Users/adarsh/Documents/MyCodeProjects/Exoplanet_Transit_Research/kepler_llc_downloads,65,high_confidence,0.12260734131268691,70.0,0.6359806860200661,unstable,review_with_caution,above threshold with weaker supporting signals,5.2881914779834284e-05,0.00016140654310914382,0.0009457319768115813,1.7193522311631,weak,59.42627034283032,90fcd581-cda7-44e8-aa50-55d5073b700c,2026-08-12T23:00:36.850610+00:00,https://archive.stsci.edu/pub/kepler/lightcurves/0053/005369827/kplr005369827-2009131105131_llc.fits,/Users/adarsh/Documents/MyCodeProjects/Exoplanet_Transit_Research/kepler_llc_downloads/kplr005369827-2009131105131_llc.fits,7.408704352176088,0.3,0.0009030084181010247,6.1156815237098625e-06,0.0006267953591332564,2.076118040515234,11.911483093598003,0.9852941176470589,9.706416058492323,0.5097871,active,review_with_caution
kplr007509886-2009131105131_llc.fits,120.80511395069334,1.0001466720891794,0.0005317284465561214,101,0.0002,/Users/adarsh/Documents/MyCodeProjects/Exoplanet_Transit_Research/kepler_llc_downloads,48,high_confidence,0.14304078921850305,70.0,0.7495830967348941,unstable,review_with_caution,above threshold with weaker supporting signals,7.701045320039392e-05,0.00015949492705463753,0.0007713805408267049,1.8292690696405742,weak,57.19957021847334,90fcd581-cda7-44e8-aa50-55d5073b700c,2026-08-12T23:00:36.850610+00:00,https://archive.stsci.edu/pub/kepler/lightcurves/0075/007509886/kplr007509886-2009131105131_llc.fits,/Users/adarsh/Documents/MyCodeProjects/Exoplanet_Transit_Research/kepler_llc_downloads/kplr007509886-2009131105131_llc.fits,8.324912456228112,0.3,0.0006800751683260402,3.4687667593026897e-06,0.0005317284465561214,2.0781533807141677,4.892773997441093,0.9852941176470589,9.706339881369786,0.33020476,active,low_priority
kplr005791705-2009131105131_llc.fits,120.5595415124335,1.0000143926151295,0.00015982940183319655,101,0.0002,/Users/adarsh/Documents/MyCodeProjects/Exoplanet_Transit_Research/kepler_llc_downloads,74,high_confidence,0.1226071735000005,70.0,0.5113359388310308,unstable,review_with_caution,above threshold with weaker supporting signals,0.00017016058087473897,0.00016703529697975616,0.00047187326538866703,1.906296285599808,moderate,14.590080688581603,90fcd581-cda7-44e8-aa50-55d5073b700c,2026-08-12T23:00:36.850610+00:00,https://archive.stsci.edu/pub/kepler/lightcurves/0057/005791705/kplr005791705-2009131105131_llc.fits,/Users/adarsh/Documents/MyCodeProjects/Exoplanet_Transit_Research/kepler_llc_downloads/kplr005791705-2009131105131_llc.fits,1.911455727863932,0.3,0.000122654674799095,5.566342622526548e-07,0.00015982940183319655,8.990160378604902,0.6251878807621037,0.9852941176470589,9.706401740048022,0.4237103,active,review_with_caution
kplr009450647-2009131105131_llc.fits,120.92766703856614,1.0000057224669432,0.00010159844569521271,101,0.0002,/Users/adarsh/Documents/MyCodeProjects/Exoplanet_Transit_Research/kepler_llc_downloads,34,high_confidence,0.26564583790604956,70.0,0.5894346608601951,unstable,review_with_caution,above threshold with weaker supporting signals,0.00013827390863333446,0.0001188302438756006,0.0006058400619297633,2.0310852903715997,moderate,18.03390686985948,90fcd581-cda7-44e8-aa50-55d5073b700c,2026-08-12T23:00:36.850610+00:00,https://archive.stsci.edu/pub/kepler/lightcurves/0094/009450647/kplr009450647-2009131105131_llc.fits,/Users/adarsh/Documents/MyCodeProjects/Exoplanet_Transit_Research/kepler_llc_downloads/kplr009450647-2009131105131_llc.fits,5.056278139069534,0.128,0.0004409739305688969,6.80603026044838e-07,0.00010159844569521271,6.819921613466292,0.7268123828710554,0.9852941176470589,9.70629784740595,0.73894376,active,review_with_caution
kplr005542983-2009131105131_llc.fits,120.66152409221831,1.0000219955790408,0.0001474841023508645,101,0.0002,/Users/adarsh/Documents/MyCodeProjects/Exoplanet_Transit_Research/kepler_llc_downloads,77,high_confidence,0.11239005865354557,70.0,0.5202122137549545,unstable,review_with_caution,above threshold with weaker supporting signals,0.00015782545558372187,0.00016445070811055285,0.0004924424774930269,1.8236741655528022,moderate,15.56668737243339,90fcd581-cda7-44e8-aa50-55d5073b700c,2026-08-12T23:00:36.850610+00:00,https://archive.stsci.edu/pub/kepler/lightcurves/0055/005542983/kplr005542983-2009131105131_llc.fits,/Users/adarsh/Documents/MyCodeProjects/Exoplanet_Transit_Research/kepler_llc_downloads/kplr005542983-2009131105131_llc.fits,1.8619309654827414,0.3,8.832883759543309e-05,2.8087140783457417e-07,0.0001474841023508645,9.784438350640032,0.5765806265089355,0.9852941176470589,9.706416770604847,0.7004801,active,review_with_caution
kplr009536048-2009166043257_llc.fits,131.65499004850426,1.0000112381674955,0.00017942394679744565,101,0.0002,/Users/adarsh/Documents/MyCodeProjects/Exoplanet_Transit_Research/kepler_llc_downloads,299,high_confidence,0.10217173105775146,70.0,0.5366384460844406,unstable,review_with_caution,above threshold with weaker supporting signals,0.00018779232249102615,0.00018218881661580255,0.0005903886799004665,1.8399453884160266,strong,185.66401846677485,90fcd581-cda7-44e8-aa50-55d5073b700c,2026-08-12T23:00:36.850610+00:00,https://archive.stsci.edu/pub/kepler/lightcurves/0095/009536048/kplr009536048-2009166043257_llc.fits,/Users/adarsh/Documents/MyCodeProjects/Exoplanet_Transit_Research/kepler_llc_downloads/kplr009536048-2009166043257_llc.fits,19.071785892946473,0.3,0.00017481342862910184,4.431161550214002e-07,0.00017942394679744565,17.55807514831438,0.54304346052493,0.9908480780964003,33.47147339246294,0.35500136,active,low_priority
kplr006849046-2009166043257_llc.fits,131.57398244355863,0.9998423724649862,0.0010667674162566124,101,0.0002,/Users/adarsh/Documents/MyCodeProjects/Exoplanet_Transit_Research/kepler_llc_downloads,313,high_confidence,0.10217109938093927,70.0,0.503152748034551,unstable,review_with_caution,above threshold with weaker supporting signals,0.00037770922449225893,0.00019116025336429754,0.007837543610416997,1.9551487224407538,weak,40.24803593309981,90fcd581-cda7-44e8-aa50-55d5073b700c,2026-08-12T23:00:36.850610+00:00,https://archive.stsci.edu/pub/kepler/lightcurves/0068/006849046/kplr006849046-2009166043257_llc.fits,/Users/adarsh/Documents/MyCodeProjects/Exoplanet_Transit_Research/kepler_llc_downloads/kplr006849046-2009166043257_llc.fits,4.214357178589294,0.128,0.00505044284904237,0.0006376743242860803,0.0010667674162566124,3.170297544122567,3.116949416257053,0.9908480780964003,33.4713672191283,0.26987916,active,low_priority
kplr010958972-2009166043257_llc.fits,131.63523451770016,1.0000106858524735,0.0002247010543563187,101,0.0002,/Users/adarsh/Documents/MyCodeProjects/Exoplanet_Transit_Research/kepler_llc_downloads,346,high_confidence,0.08173654251004336,70.0,0.5145007955933535,unstable,review_with_caution,above threshold with weaker supporting signals,0.00023337452428125142,0.00021734863286865247,0.0006703374974742493,1.7371980946141008,strong,86.00583067867244,90fcd581-cda7-44e8-aa50-55d5073b700c,2026-08-12T23:00:36.850610+00:00,https://archive.stsci.edu/pub/kepler/lightcurves/0109/010958972/kplr010958972-2009166043257_llc.fits,/Users/adarsh/Documents/MyCodeProjects/Exoplanet_Transit_Research/kepler_llc_downloads/kplr010958972-2009166043257_llc.fits,7.111555777888944,0.184,0.00016979340720363106,6.342556248559976e-07,0.0002247010543563187,17.992431252228656,0.6042862437586101,0.9908480780964003,33.47102285049914,0.3951995,active,low_priority
kplr005631630-2009166043257_llc.fits,131.63482916560315,1.0000032259536686,0.00017072108715813808,101,0.0002,/Users/adarsh/Documents/MyCodeProjects/Exoplanet_Transit_Research/kepler_llc_downloads,197,high_confidence,0.14304183514468605,70.0,0.5766654741147679,unstable,review_with_caution,above threshold with weaker supporting signals,0.00017639246808329417,0.00017020549293822462,0.0006003316746218124,2.136243453564475,strong,128.34853014747645,90fcd581-cda7-44e8-aa50-55d5073b700c,2026-08-12T23:00:36.850610+00:00,https://archive.stsci.edu/pub/kepler/lightcurves/0056/005631630/kplr005631630-2009166043257_llc.fits,/Users/adarsh/Documents/MyCodeProjects/Exoplanet_Transit_Research/kepler_llc_downloads/kplr005631630-2009166043257_llc.fits,18.50225112556278,0.3,0.0003091113176462596,1.3854721971065986e-06,0.0001707210871581381,13.993279768149952,0.6835378933960601,0.9908480780964003,33.4716467064718,0.24221055,active,low_priority
kplr005735762-2009131105131_llc.fits,120.59987455952796,1.0000159697502953,0.0002028663789482955,101,0.0002,/Users/adarsh/Documents/MyCodeProjects/Exoplanet_Transit_Research/kepler_llc_downloads,67,high_confidence,0.12260751274880022,70.0,0.6601170719280968,unstable,review_with_caution,above threshold with weaker supporting signals,0.00017237872817278945,0.0001542121068905944,0.0009127751131330353,1.7829325853664386,moderate,39.43168728545684,90fcd581-cda7-44e8-aa50-55d5073b700c,2026-08-12T23:00:36.850610+00:00,https://archive.stsci.edu/pub/kepler/lightcurves/0057/005735762/kplr005735762-2009131105131_llc.fits,/Users/adarsh/Documents/MyCodeProjects/Exoplanet_Transit_Research/kepler_llc_downloads/kplr005735762-2009131105131_llc.fits,4.957228614307153,0.128,0.0007138092871513059,1.5285710952703665e-06,0.0002028663789482955,6.222226192122917,0.7962114025981368,0.9852941176470589,9.706431376798719,0.44274592,active,review_with_caution
kplr007115550-2009166043257_llc.fits,131.53286576063692,1.000015492872913,0.00022929463206503023,101,0.0002,/Users/adarsh/Documents/MyCodeProjects/Exoplanet_Transit_Research/kepler_llc_downloads,336,high_confidence,0.08173772202280816,70.0,0.5163105879948588,unstable,review_with_caution,above threshold with weaker supporting signals,0.00021361525097508694,0.00021698718610935197,0.0007433672216285991,1.7837665009473085,strong,162.04483568810016,90fcd581-cda7-44e8-aa50-55d5073b700c,2026-08-12T23:00:36.850610+00:00,https://archive.stsci.edu/pub/kepler/lightcurves/0071/007115550/kplr007115550-2009166043257_llc.fits,/Users/adarsh/Documents/MyCodeProjects/Exoplanet_Transit_Research/kepler_llc_downloads/kplr007115550-2009166043257_llc.fits,13.326913456728363,0.3,0.00024073937322087195,8.693316872816742e-07,0.00022929463206503023,17.346419255023214,0.5989341748567537,0.9908480780964003,33.471475971644395,0.23058757,active,low_priority
kplr011287726-2009166043257_llc.fits,132.329708179328,0.9968597840157634,0.019815264341697555,101,0.0002,/Users/adarsh/Documents/MyCodeProjects/Exoplanet_Transit_Research/kepler_llc_downloads,148,high_confidence,0.16347353543096688,70.0,0.9063070176696164,unstable,review_with_caution,above threshold with weaker supporting signals,0.00670758999735522,0.00017409552784186655,0.11123695584198512,1.2994115199998646,weak,27.961061930364064,90fcd581-cda7-44e8-aa50-55d5073b700c,2026-08-12T23:00:36.850610+00:00,https://archive.stsci.edu/pub/kepler/lightcurves/0112/011287726/kplr011287726-2009166043257_llc.fits,/Users/adarsh/Documents/MyCodeProjects/Exoplanet_Transit_Research/kepler_llc_downloads/kplr011287726-2009166043257_llc.fits,4.734367183591796,0.184,0.08141924870324373,0.20881646287112063,0.019815264341697555,0.10688545307170746,3.6308802069612596,0.9908480780964003,33.47113669560349,0.06477711,active,low_priority
kplr007369523-2009166043257_llc.fits,131.5939700075687,0.9838616004979593,0.05880948517812375,101,0.0002,/Users/adarsh/Documents/MyCodeProjects/Exoplanet_Transit_Research/kepler_llc_downloads,362,high_confidence,0.08173737522156443,70.0,0.6238773182285892,unstable,review_with_caution,above threshold with weaker supporting signals,0.010170155436223434,0.00012300062035502934,0.31082627823029996,1.5269003489102033,weak,31.473848791776597,90fcd581-cda7-44e8-aa50-55d5073b700c,2026-08-12T23:00:36.850610+00:00,https://archive.stsci.edu/pub/kepler/lightcurves/0073/007369523/kplr007369523-2009166043257_llc.fits,/Users/adarsh/Documents/MyCodeProjects/Exoplanet_Transit_Research/kepler_llc_downloads/kplr007369523-2009166043257_llc.fits,2.6543271635817907,0.184,0.2185896658463065,2.556307147791797,0.05880948517812375,0.03979368973551416,5.3986080528313485,0.9908480780964003,33.47154138308542,0.0720779,active,low_priority
kplr003116412-2009166043257_llc.fits,131.59434822686308,1.0000124625252733,0.0002274355664582019,101,0.0002,/Users/adarsh/Documents/MyCodeProjects/Exoplanet_Transit_Research/kepler_llc_downloads,331,high_confidence,0.08173826132406248,70.0,0.5145629377225361,unstable,review_with_caution,above threshold with weaker supporting signals,0.00022741042350174967,0.0002176137959725155,0.0007036783124990675,1.8502298862529187,strong,158.1054457311065,90fcd581-cda7-44e8-aa50-55d5073b700c,2026-08-12T23:00:36.850610+00:00,https://archive.stsci.edu/pub/kepler/lightcurves/0031/003116412/kplr003116412-2009166043257_llc.fits,/Users/adarsh/Documents/MyCodeProjects/Exoplanet_Transit_Research/kepler_llc_downloads/kplr003116412-2009166043257_llc.fits,13.005002501250624,0.272,0.00019306854955157616,7.268715641060136e-07,0.00022743556645820189,17.40772594244588,0.6228160387856484,0.9908480780964003,33.47162622727046,0.16522221,active,low_priority
kplr003735634-2009166043257_llc.fits,131.53325898097683,0.9997353312181585,0.0018724912490509465,101,0.0002,/Users/adarsh/Documents/MyCodeProjects/Exoplanet_Transit_Research/kepler_llc_downloads,341,high_confidence,0.08173786492625368,70.0,0.5017676303419538,unstable,review_with_caution,above threshold with weaker supporting signals,0.0005136124325207079,0.00020578008238369971,0.022696250117926087,1.659301655381853,weak,56.012500194670764,90fcd581-cda7-44e8-aa50-55d5073b700c,2026-08-12T23:00:36.850610+00:00,https://archive.stsci.edu/pub/kepler/lightcurves/0037/003735634/kplr003735634-2009166043257_llc.fits,/Users/adarsh/Documents/MyCodeProjects/Exoplanet_Transit_Research/kepler_llc_downloads/kplr003735634-2009166043257_llc.fits,4.66008004002001,0.096,0.011552386167822708,0.0022020508318132737,0.0018724912490509465,2.029367633557413,4.392994719757871,0.9908480780964003,33.471498963670456,0.14672975,active,low_priority
kplr008178616-2009166043257_llc.fits,131.57330626227485,1.0000139674740216,0.00026279597707459335,101,0.0002,/Users/adarsh/Documents/MyCodeProjects/Exoplanet_Transit_Research/kepler_llc_downloads,327,high_confidence,0.08173776474723127,70.0,0.533980056764173,unstable,review_with_caution,above threshold with weaker supporting signals,0.00020028570722449153,0.00019153722641618298,0.0005508680725193615,1.7792142196583427,strong,19.658679649124768,90fcd581-cda7-44e8-aa50-55d5073b700c,2026-08-12T23:00:36.850610+00:00,https://archive.stsci.edu/pub/kepler/lightcurves/0081/008178616/kplr008178616-2009166043257_llc.fits,/Users/adarsh/Documents/MyCodeProjects/Exoplanet_Transit_Research/kepler_llc_downloads/kplr008178616-2009166043257_llc.fits,1.6885942971485743,0.3,0.00012371595076549093,2.1504419245702173e-06,0.0002627959770745933,13.17978597650436,0.5896733232893665,0.9908480780964003,33.47156244983489,0.40193567,active,review_with_caution
kplr009086251-2009131105131_llc.fits,120.82509287494031,1.0000141941266407,0.00010993696127388132,101,0.0002,/Users/adarsh/Documents/MyCodeProjects/Exoplanet_Transit_Research/kepler_llc_downloads,49,high_confidence,0.18390954437927576,70.0,0.5242835910400352,unstable,review_with_caution,above threshold with weaker supporting signals,0.0001425558963053304,0.00012432949390028813,0.00028283576645993236,2.2635333953439556,moderate,15.183162919057906,90fcd581-cda7-44e8-aa50-55d5073b700c,2026-08-12T23:00:36.850610+00:00,https://archive.stsci.edu/pub/kepler/lightcurves/0090/009086251/kplr009086251-2009131105131_llc.fits,/Users/adarsh/Documents/MyCodeProjects/Exoplanet_Transit_Research/kepler_llc_downloads/kplr009086251-2009131105131_llc.fits,2.9762381190595297,0.272,9.577190839515428e-05,1.7427291031534664e-07,0.00010993696127388132,7.916413617562697,0.45654728187260524,0.9852941176470589,9.706338576877897,0.77394927,active,review_now
kplr005536715-2009166043257_llc.fits,131.55328173827002,1.0000135529948297,0.0003347406334196692,101,0.0002,/Users/adarsh/Documents/MyCodeProjects/Exoplanet_Transit_Research/kepler_llc_downloads,334,high_confidence,0.08173794112371979,70.0,0.5683633374241404,unstable,review_with_caution,above threshold with weaker supporting signals,0.00022608799173509547,0.00023870990979008022,0.0011591880336025984,1.6572769156091454,strong,26.9293974663179,90fcd581-cda7-44e8-aa50-55d5073b700c,2026-08-12T23:00:36.850610+00:00,https://archive.stsci.edu/pub/kepler/lightcurves/0055/005536715/kplr005536715-2009166043257_llc.fits,/Users/adarsh/Documents/MyCodeProjects/Exoplanet_Transit_Research/kepler_llc_downloads/kplr005536715-2009166043257_llc.fits,2.2828914457228615,0.3,0.00024202396689637632,6.003999056606472e-06,0.0003347406334196692,13.032725511411094,1.330771592088369,0.9908480780964003,33.47158378864697,0.2238292,active,low_priority
kplr009592579-2009166043257_llc.fits,131.59380459094245,0.9999329446955726,0.000884068668008949,101,0.0002,/Users/adarsh/Documents/MyCodeProjects/Exoplanet_Transit_Research/kepler_llc_downloads,390,high_confidence,0.08173703704233048,70.0,0.5236057550619536,unstable,review_with_caution,above threshold with weaker supporting signals,0.0004303414843440992,0.00030162956997686896,0.004264915032529792,1.6394733209815797,moderate,31.171031365247316,90fcd581-cda7-44e8-aa50-55d5073b700c,2026-08-12T23:00:36.850610+00:00,https://archive.stsci.edu/pub/kepler/lightcurves/0095/009592579/kplr009592579-2009166043257_llc.fits,/Users/adarsh/Documents/MyCodeProjects/Exoplanet_Transit_Research/kepler_llc_downloads/kplr009592579-2009166043257_llc.fits,2.6295647823911956,0.156,0.002417492067394019,0.0002834469929517809,0.0008840686680089492,6.737832638454631,1.7298007958464665,0.9908480780964003,33.47142072675342,0.1177961,active,low_priority
kplr011546211-2009166043257_llc.fits,131.63506664040324,0.9940291087122722,0.01619511469141384,101,0.0002,/Users/adarsh/Documents/MyCodeProjects/Exoplanet_Transit_Research/kepler_llc_downloads,243,high_confidence,0.10217029844716308,70.0,0.8321638042260627,unstable,review_with_caution,above threshold with weaker supporting signals,0.0075838249925188695,-0.001421394254792041,0.05301896013162555,1.3424589839889904,weak,20.37452815692659,90fcd581-cda7-44e8-aa50-55d5073b700c,2026-08-12T23:00:36.850610+00:00,https://archive.stsci.edu/pub/kepler/lightcurves/0115/011546211/kplr011546211-2009166043257_llc.fits,/Users/adarsh/Documents/MyCodeProjects/Exoplanet_Transit_Research/kepler_llc_downloads/kplr011546211-2009166043257_llc.fits,2.1838419209604805,0.3,0.027581729863842573,0.08406307636215937,0.01619511469141384,-1.368149841737398,2.4745761563300777,0.9908480780964003,33.47104719329218,0.08077637,active,low_priority
kplr003634051-2009131105131_llc.fits,120.78469885141385,1.0000259923614487,0.0002997508087549558,101,0.0002,/Users/adarsh/Documents/MyCodeProjects/Exoplanet_Transit_Research/kepler_llc_downloads,84,high_confidence,0.10217263903905405,70.0,0.6359788015525754,unstable,review_with_caution,above threshold with weaker supporting signals,0.00018213113931137532,0.00018311995061470743,0.00044161243640539194,1.8513984061811186,moderate,4.1360362825708386,90fcd581-cda7-44e8-aa50-55d5073b700c,2026-08-12T23:00:36.850610+00:00,https://archive.stsci.edu/pub/kepler/lightcurves/0036/003634051/kplr003634051-2009131105131_llc.fits,/Users/adarsh/Documents/MyCodeProjects/Exoplanet_Transit_Research/kepler_llc_downloads/kplr003634051-2009131105131_llc.fits,0.5247623811905953,0.3,5.1450907293795395e-05,3.5869503921356565e-07,0.00029975080875495585,5.5990576868433415,0.5360057022519027,0.9852941176470589,9.706409715778136,0.11469165,active,low_priority
kplr007777397-2009350155506_llc.fits,260.3070304679495,1.000012250892979,0.00017830239464810472,101,0.0002,/Users/adarsh/Documents/MyCodeProjects/Exoplanet_Transit_Research/kepler_llc_downloads,358,high_confidence,0.20432915361016057,70.0,0.7289468441004003,unstable,review_with_caution,above threshold with weaker supporting signals,0.00018005878063816677,0.00019059032539114895,0.0005071754818795071,3.2538063465564164,strong,16.110862851869488,90fcd581-cda7-44e8-aa50-55d5073b700c,2026-08-12T23:00:36.850610+00:00,https://archive.stsci.edu/pub/kepler/lightcurves/0077/007777397/kplr007777397-2009350155506_llc.fits,/Users/adarsh/Documents/MyCodeProjects/Exoplanet_Transit_Research/kepler_llc_downloads/kplr007777397-2009350155506_llc.fits,3.496248124062031,0.3,0.00018052530774431764,6.208278173242403e-06,0.00017830239464810472,20.22484439474251,0.812716691075208,0.9459954233409611,89.27064970587526,0.063045114,active,low_priority
kplr005307574-2009166043257_llc.fits,131.53238543637417,1.000053894849374,0.000689651679043055,101,0.0002,/Users/adarsh/Documents/MyCodeProjects/Exoplanet_Transit_Research/kepler_llc_downloads,452,medium_confidence,0.06130379955720855,63.0,0.3990076547411322,moderate,low_priority,below review threshold or weak supporting signals,0.00037537023830168885,0.0003676396812229421,0.0013792249620259156,1.623503378197995,strong,7.963959270882966,90fcd581-cda7-44e8-aa50-55d5073b700c,2026-08-12T23:00:36.850610+00:00,https://archive.stsci.edu/pub/kepler/lightcurves/0053/005307574/kplr005307574-2009166043257_llc.fits,/Users/adarsh/Documents/MyCodeProjects/Exoplanet_Transit_Research/kepler_llc_downloads/kplr005307574-2009166043257_llc.fits,0.5495247623811906,0.3,8.13169946105675e-05,2.939235630754056e-06,0.0006896516790430551,11.333441320319555,0.7806578269326856,0.9908480780964003,33.4717704035138,0.45383528,active,review_with_caution
kplr004374610-2009166043257_llc.fits,131.5736741710134,1.0000108284199687,0.0003690022629484596,101,0.0002,/Users/adarsh/Documents/MyCodeProjects/Exoplanet_Transit_Research/kepler_llc_downloads,409,medium_confidence,0.08173751399590401,63.0,0.45452685538546794,moderate,low_priority,below review threshold or weak supporting signals,0.0003123232207606302,0.00029988392272128905,0.0012288843154459883,1.5336909743145952,strong,142.353499592939,90fcd581-cda7-44e8-aa50-55d5073b700c,2026-08-12T23:00:36.850610+00:00,https://archive.stsci.edu/pub/kepler/lightcurves/0043/004374610/kplr004374610-2009166043257_llc.fits,/Users/adarsh/Documents/MyCodeProjects/Exoplanet_Transit_Research/kepler_llc_downloads/kplr004374610-2009166043257_llc.fits,11.71735867933967,0.3,0.00044633184059504594,4.382666462437153e-06,0.00036900226294845967,16.435609252652796,0.8875088789371387,0.9908480780964003,33.47166357214155,0.7005073,active,review_with_caution
kplr010798838-2009166043257_llc.fits,131.59376647877798,1.0000196716204128,0.00031310859293740614,101,0.0002,/Users/adarsh/Documents/MyCodeProjects/Exoplanet_Transit_Research/kepler_llc_downloads,411,medium_confidence,0.0817369319156569,63.0,0.4475669560715561,moderate,low_priority,below review threshold or weak supporting signals,0.00029468803671699585,0.00027927299776320247,0.0009629106339156257,1.597390241384005,strong,57.5279118490698,90fcd581-cda7-44e8-aa50-55d5073b700c,2026-08-12T23:00:36.850610+00:00,https://archive.stsci.edu/pub/kepler/lightcurves/0107/010798838/kplr010798838-2009166043257_llc.fits,/Users/adarsh/Documents/MyCodeProjects/Exoplanet_Transit_Research/kepler_llc_downloads/kplr010798838-2009166043257_llc.fits,4.783891945972987,0.3,0.0001692487908300495,1.4465802364704092e-06,0.0003131085929374061,18.08235000388056,0.7562855539930216,0.9908480780964003,33.471326875980594,0.9351033,active,review_now
kplr010345478-2009166043257_llc.fits,131.59372015060217,1.0000207071180498,0.0005691397153390807,101,0.0002,/Users/adarsh/Documents/MyCodeProjects/Exoplanet_Transit_Research/kepler_llc_downloads,452,medium_confidence,0.06130304437101586,63.0,0.4425753262757072,moderate,low_priority,below review threshold or weak supporting signals,0.00043559237871651946,0.0004110606549347917,0.0039042960971309437,1.5554230513720029,strong,235.37888658491457,90fcd581-cda7-44e8-aa50-55d5073b700c,2026-08-12T23:00:36.850610+00:00,https://archive.stsci.edu/pub/kepler/lightcurves/0103/010345478/kplr010345478-2009166043257_llc.fits,/Users/adarsh/Documents/MyCodeProjects/Exoplanet_Transit_Research/kepler_llc_downloads/kplr010345478-2009166043257_llc.fits,14.490745372686343,0.096,0.00297935344580817,4.438273477524508e-05,0.0005691397153390807,15.355226781992217,0.9679020457283722,0.9908480780964003,33.47139249627071,0.592417,active,review_with_caution
kplr008949247-2009166043257_llc.fits,131.55318481250288,0.9998175051279132,0.0031205675217618645,101,0.0002,/Users/adarsh/Documents/MyCodeProjects/Exoplanet_Transit_Research/kepler_llc_downloads,412,medium_confidence,0.08173674437421141,63.0,0.4635011806953121,moderate,low_priority,below review threshold or weak supporting signals,0.00045044568102135444,0.0003114466493812085,0.0605157824901853,1.6756437159383353,weak,257.4769395149978,90fcd581-cda7-44e8-aa50-55d5073b700c,2026-08-12T23:00:36.850610+00:00,https://archive.stsci.edu/pub/kepler/lightcurves/0089/008949247/kplr008949247-2009166043257_llc.fits,/Users/adarsh/Documents/MyCodeProjects/Exoplanet_Transit_Research/kepler_llc_downloads/kplr008949247-2009166043257_llc.fits,21.12706353176588,0.128,0.048770917006609085,0.007135807036996655,0.003120567521761865,2.025809889283587,6.597617646345327,0.9908480780964003,33.47137353337894,0.567274,active,review_with_caution
kplr003124412-2009166043257_llc.fits,131.553347760193,0.999970650677424,0.0005541302874655425,101,0.0002,/Users/adarsh/Documents/MyCodeProjects/Exoplanet_Transit_Research/kepler_llc_downloads,414,medium_confidence,0.08173745893145679,63.0,0.4648943116830671,moderate,low_priority,below review threshold or weak supporting signals,0.0003813810602450529,0.0002647737748200374,0.0019990404153550356,1.4905508957218672,moderate,10.570250333127893,90fcd581-cda7-44e8-aa50-55d5073b700c,2026-08-12T23:00:36.850610+00:00,https://archive.stsci.edu/pub/kepler/lightcurves/0031/003124412/kplr003124412-2009166043257_llc.fits,/Users/adarsh/Documents/MyCodeProjects/Exoplanet_Transit_Research/kepler_llc_downloads/kplr003124412-2009166043257_llc.fits,0.9457228614307154,0.156,0.0007496946329045444,7.643771779439963e-05,0.0005541302874655425,9.722170863032993,1.258534581654862,0.9908480780964003,33.47167876108142,0.22639504,active,low_priority
kplr012470530-2009166043257_llc.fits,131.59339091270522,0.9953013043509207,0.03603452171337889,101,0.0002,/Users/adarsh/Documents/MyCodeProjects/Exoplanet_Transit_Research/kepler_llc_downloads,410,medium_confidence,0.06130283435777528,63.0,0.4855644308234298,moderate,low_priority,below review threshold or weak supporting signals,0.005155208942573229,0.0003172766382107395,0.3955863610749778,1.4351612618994238,weak,132.78012022106378,90fcd581-cda7-44e8-aa50-55d5073b700c,2026-08-12T23:00:36.850610+00:00,https://archive.stsci.edu/pub/kepler/lightcurves/0124/012470530/kplr012470530-2009166043257_llc.fits,/Users/adarsh/Documents/MyCodeProjects/Exoplanet_Transit_Research/kepler_llc_downloads/kplr012470530-2009166043257_llc.fits,8.201100550275136,0.096,0.3063648563489052,0.8447348268511679,0.036034521713378884,0.17828354520056,7.744118091363983,0.9908480780964003,33.47129545909411,0.65713567,active,review_with_caution
kplr006385302-2009166043257_llc.fits,131.55288940326864,1.0001058878996378,0.002378715853848011,101,0.0002,/Users/adarsh/Documents/MyCodeProjects/Exoplanet_Transit_Research/kepler_llc_downloads,441,medium_confidence,0.061303614573262166,63.0,0.47203492512074463,moderate,low_priority,below review threshold or weak supporting signals,0.0004007195198149638,0.00040762380257042263,0.001366470512574658,1.5396733326703353,weak,8.771846716256421,90fcd581-cda7-44e8-aa50-55d5073b700c,2026-08-12T23:00:36.850610+00:00,https://archive.stsci.edu/pub/kepler/lightcurves/0063/006385302/kplr006385302-2009166043257_llc.fits,/Users/adarsh/Documents/MyCodeProjects/Exoplanet_Transit_Research/kepler_llc_downloads/kplr006385302-2009166043257_llc.fits,0.5990495247623812,0.3,0.00021178298803840786,1.8165073779102944e-05,0.002378715853848011,3.5986222734974156,0.7744743757502358,0.9908480780964003,33.471679468188086,0.4992249,active,review_with_caution
kplr010407271-2009166043257_llc.fits,131.5324715547249,1.00003327156304,0.0003519875012437341,101,0.0002,/Users/adarsh/Documents/MyCodeProjects/Exoplanet_Transit_Research/kepler_llc_downloads,413,medium_confidence,0.08173685298970668,63.0,0.4609443270989587,moderate,low_priority,below review threshold or weak supporting signals,0.0003042984649947798,0.0003040940937203418,0.0010018021191274817,1.6908912696777634,strong,15.11462309976037,90fcd581-cda7-44e8-aa50-55d5073b700c,2026-08-12T23:00:36.850610+00:00,https://archive.stsci.edu/pub/kepler/lightcurves/0104/010407271/kplr010407271-2009166043257_llc.fits,/Users/adarsh/Documents/MyCodeProjects/Exoplanet_Transit_Research/kepler_llc_downloads/kplr010407271-2009166043257_llc.fits,1.3171585792896447,0.3,9.591044353606266e-05,1.6741839986297361e-06,0.0003519875012437341,17.557220708470233,0.7854475538238607,0.9908480780964003,33.47135491298104,0.77647305,active,review_now
kplr001026032-2009166043257_llc.fits,131.59445197515015,0.9986940420270115,0.00799487273439545,101,0.0002,/Users/adarsh/Documents/MyCodeProjects/Exoplanet_Transit_Research/kepler_llc_downloads,453,medium_confidence,0.06130357400252251,63.0,0.4753772021499035,moderate,low_priority,below review threshold or weak supporting signals,0.0012166968136321115,0.0003049862938496739,0.077585698287581,1.4212877947438756,weak,136.81781078267056,90fcd581-cda7-44e8-aa50-55d5073b700c,2026-08-12T23:00:36.850610+00:00,https://archive.stsci.edu/pub/kepler/lightcurves/0010/001026032/kplr001026032-2009166043257_llc.fits,/Users/adarsh/Documents/MyCodeProjects/Exoplanet_Transit_Research/kepler_llc_downloads/kplr001026032-2009166043257_llc.fits,8.448724362181089,0.128,0.05765585817235637,0.03989037577909048,0.00799487273439545,0.8119286542941069,6.244975990843558,0.9908480780964003,33.471660220078775,0.3585911,active,low_priority
kplr004566999-2009166043257_llc.fits,131.61459194998315,1.0000140405235234,0.0003440939368028112,101,0.0002,/Users/adarsh/Documents/MyCodeProjects/Exoplanet_Transit_Research/kepler_llc_downloads,407,medium_confidence,0.08173756608448457,63.0,0.42658888714869264,moderate,low_priority,below review threshold or weak supporting signals,0.0003297405879201044,0.0003070874567301374,0.0012128328493082874,1.6662003577253017,strong,39.350468365161205,90fcd581-cda7-44e8-aa50-55d5073b700c,2026-08-12T23:00:36.850610+00:00,https://archive.stsci.edu/pub/kepler/lightcurves/0045/004566999/kplr004566999-2009166043257_llc.fits,/Users/adarsh/Documents/MyCodeProjects/Exoplanet_Transit_Research/kepler_llc_downloads/kplr004566999-2009166043257_llc.fits,3.2981490745372684,0.068,0.00029322328649211183,1.4616582276009967e-06,0.0003440939368028112,18.004549624667604,0.6692067927659052,0.9908480780964003,33.471632744549424,0.76923907,active,review_now
kplr010535708-2009166043257_llc.fits,131.53250872613717,1.000034508281618,0.0006381604238842771,101,0.0002,/Users/adarsh/Documents/MyCodeProjects/Exoplanet_Transit_Research/kepler_llc_downloads,468,medium_confidence,0.06130288383428706,63.0,0.4383848429707129,moderate,low_priority,below review threshold or weak supporting signals,0.00047836354739408323,0.0004934094351503604,0.0024716248940078733,1.4308676299095566,strong,270.11791673627107,90fcd581-cda7-44e8-aa50-55d5073b700c,2026-08-12T23:00:36.850610+00:00,https://archive.stsci.edu/pub/kepler/lightcurves/0105/010535708/kplr010535708-2009166043257_llc.fits,/Users/adarsh/Documents/MyCodeProjects/Exoplanet_Transit_Research/kepler_llc_downloads/kplr010535708-2009166043257_llc.fits,16.620310155077537,0.3,0.0007691213547357604,8.873214874658571e-06,0.0006381604238842771,16.72632414969329,1.028719955964969,0.9908480780964003,33.47133041163033,0.2965618,active,low_priority
kplr004367854-2009166043257_llc.fits,131.5942188496265,1.0000661717997137,0.0005978178986504188,101,0.0002,/Users/adarsh/Documents/MyCodeProjects/Exoplanet_Transit_Research/kepler_llc_downloads,426,medium_confidence,0.061303635528020095,63.0,0.45569950490993427,moderate,low_priority,below review threshold or weak supporting signals,0.0002956492797781454,0.0003386879910563523,0.0015980384048469576,1.5162311873247063,strong,356.15169516605437,90fcd581-cda7-44e8-aa50-55d5073b700c,2026-08-12T23:00:36.850610+00:00,https://archive.stsci.edu/pub/kepler/lightcurves/0043/004367854/kplr004367854-2009166043257_llc.fits,/Users/adarsh/Documents/MyCodeProjects/Exoplanet_Transit_Research/kepler_llc_downloads/kplr004367854-2009166043257_llc.fits,21.894697348674335,0.3,0.0007913349973339947,8.766955092078307e-06,0.0005978178986504188,11.693262088825536,1.7307828097375162,0.9908480780964003,33.47161625431909,0.82010484,active,review_now
kplr010527135-2009166043257_llc.fits,131.53272107606608,1.0000426213460667,0.000721634577329248,101,0.0002,/Users/adarsh/Documents/MyCodeProjects/Exoplanet_Transit_Research/kepler_llc_downloads,452,medium_confidence,0.061302757407247555,63.0,0.4757258251200747,moderate,low_priority,below review threshold or weak supporting signals,0.0003970038285584365,0.00039919228131540807,0.0014578600693158084,1.4814263549084608,strong,26.949096432269243,90fcd581-cda7-44e8-aa50-55d5073b700c,2026-08-12T23:00:36.850610+00:00,https://archive.stsci.edu/pub/kepler/lightcurves/0105/010527135/kplr010527135-2009166043257_llc.fits,/Users/adarsh/Documents/MyCodeProjects/Exoplanet_Transit_Research/kepler_llc_downloads/kplr010527135-2009166043257_llc.fits,1.7133566783391696,0.212,0.0002080247734090161,4.219244869307568e-06,0.000721634577329248,11.76072292269022,0.8213749568908261,0.9908480780964003,33.471232433003024,0.93528295,active,review_now
kplr007035812-2009166043257_llc.fits,131.55321101398295,1.000040945004951,0.0006444068464371635,101,0.0002,/Users/adarsh/Documents/MyCodeProjects/Exoplanet_Transit_Research/kepler_llc_downloads,445,medium_confidence,0.06130340706295101,63.0,0.4223972180384324,moderate,low_priority,below review threshold or weak supporting signals,0.0003587214038614078,0.00035820924555274303,0.0012435129781275256,1.5677687718216262,strong,7.964016662514315,90fcd581-cda7-44e8-aa50-55d5073b700c,2026-08-12T23:00:36.850610+00:00,https://archive.stsci.edu/pub/kepler/lightcurves/0070/007035812/kplr007035812-2009166043257_llc.fits,/Users/adarsh/Documents/MyCodeProjects/Exoplanet_Transit_Research/kepler_llc_downloads/kplr007035812-2009166043257_llc.fits,0.5495247623811906,0.3,8.499444981294029e-05,3.193032972559956e-06,0.0006444068464371635,11.726182542647043,0.7251614155589224,0.9908480780964003,33.47151771317294,0.65824866,active,review_with_caution
kplr007902719-2009166043257_llc.fits,131.59378448496864,1.000014667933398,0.00042102737084360304,101,0.0002,/Users/adarsh/Documents/MyCodeProjects/Exoplanet_Transit_Research/kepler_llc_downloads,437,medium_confidence,0.061303520156798186,63.0,0.3959200905216321,moderate,low_priority,below review threshold or weak supporting signals,0.00038500008196872774,0.0003838897876674574,0.0014088504440412652,1.4541992326342097,strong,43.50991232109515,90fcd581-cda7-44e8-aa50-55d5073b700c,2026-08-12T23:00:36.850610+00:00,https://archive.stsci.edu/pub/kepler/lightcurves/0079/007902719/kplr007902719-2009166043257_llc.fits,/Users/adarsh/Documents/MyCodeProjects/Exoplanet_Transit_Research/kepler_llc_downloads/kplr007902719-2009166043257_llc.fits,2.7286143071535767,0.3,0.00017558357049338597,2.713003939994114e-06,0.00042102737084360315,19.060616676869394,0.7793234299224072,0.9908480780964003,33.47156522354635,0.8939474,active,review_now
kplr003859363-2009166043257_llc.fits,131.57371654316375,1.000037018602366,0.0005206383826321325,101,0.0002,/Users/adarsh/Documents/MyCodeProjects/Exoplanet_Transit_Research/kepler_llc_downloads,465,medium_confidence,0.06130361276882468,63.0,0.42221627579621923,moderate,low_priority,below review threshold or weak supporting signals,0.00038871703094125586,0.00038444446982210945,0.0015706096981960016,1.5340571215942873,strong,62.89849516820332,90fcd581-cda7-44e8-aa50-55d5073b700c,2026-08-12T23:00:36.850610+00:00,https://archive.stsci.edu/pub/kepler/lightcurves/0038/003859363/kplr003859363-2009166043257_llc.fits,/Users/adarsh/Documents/MyCodeProjects/Exoplanet_Transit_Research/kepler_llc_downloads/kplr003859363-2009166043257_llc.fits,3.917208604302151,0.212,0.0002717415687580097,3.396800088788949e-06,0.0005206383826321326,15.922963968199264,0.8027533893360923,0.9908480780964003,33.471674343702034,0.6133813,active,review_with_caution
kplr006621116-2009166043257_llc.fits,131.59384777427476,1.000018565079925,0.00044786231503617514,101,0.0002,/Users/adarsh/Documents/MyCodeProjects/Exoplanet_Transit_Research/kepler_llc_downloads,452,medium_confidence,0.061303532267629635,63.0,0.4601430461793612,moderate,low_priority,below review threshold or weak supporting signals,0.00039221962819967486,0.00037911519038369423,0.0015068868687956316,1.5996345488409247,strong,26.54481242250065,90fcd581-cda7-44e8-aa50-55d5073b700c,2026-08-12T23:00:36.850610+00:00,https://archive.stsci.edu/pub/kepler/lightcurves/0066/006621116/kplr006621116-2009166043257_llc.fits,/Users/adarsh/Documents/MyCodeProjects/Exoplanet_Transit_Research/kepler_llc_downloads/kplr006621116-2009166043257_llc.fits,1.6885942971485743,0.244,0.0002341405458840757,6.304506451092691e-06,0.00044786231503617514,17.996824552098374,0.7515338263470984,0.9908480780964003,33.47162591201777,0.8829282,active,review_now
kplr005553652-2009166043257_llc.fits,131.59384560894978,1.000071035709307,0.0007510699427185334,101,0.0002,/Users/adarsh/Documents/MyCodeProjects/Exoplanet_Transit_Research/kepler_llc_downloads,496,medium_confidence,0.061303532966121566,63.0,0.39539562877922146,moderate,low_priority,below review threshold or weak supporting signals,0.0005440248657749607,0.0005079783075340738,0.0026958529520113572,1.5097304249924122,strong,122.68032727739119,90fcd581-cda7-44e8-aa50-55d5073b700c,2026-08-12T23:00:36.850610+00:00,https://archive.stsci.edu/pub/kepler/lightcurves/0055/005553652/kplr005553652-2009166043257_llc.fits,/Users/adarsh/Documents/MyCodeProjects/Exoplanet_Transit_Research/kepler_llc_downloads/kplr005553652-2009166043257_llc.fits,7.582041020510255,0.156,0.0007247119619076494,9.453733699176617e-06,0.0007510699427185334,15.062796988209893,0.9248127021103646,0.9908480780964003,33.471700564739876,0.16476725,active,low_priority
kplr005685113-2009166043257_llc.fits,131.55382337312767,1.0000071451982995,0.0003778050098996381,101,0.0002,/Users/adarsh/Documents/MyCodeProjects/Exoplanet_Transit_Research/kepler_llc_downloads,439,medium_confidence,0.06130314215988619,63.0,0.43360143572333215,moderate,low_priority,below review threshold or weak supporting signals,0.00035547049898073714,0.0003445374869038842,0.0010849251408353577,1.5762867641889216,strong,129.54798202476402,90fcd581-cda7-44e8-aa50-55d5073b700c,2026-08-12T23:00:36.850610+00:00,https://archive.stsci.edu/pub/kepler/lightcurves/0056/005685113/kplr005685113-2009166043257_llc.fits,/Users/adarsh/Documents/MyCodeProjects/Exoplanet_Transit_Research/kepler_llc_downloads/kplr005685113-2009166043257_llc.fits,8.003001500750376,0.156,0.00035027981498857543,1.9017872062206749e-06,0.0003778050098996381,19.1073750876843,0.7644780436191188,0.9908480780964003,33.47130687536264,0.9191705,active,review_now
kplr009027841-2009166043257_llc.fits,131.55296746358363,1.000027111945348,0.0005415512968494885,101,0.0002,/Users/adarsh/Documents/MyCodeProjects/Exoplanet_Transit_Research/kepler_llc_downloads,456,medium_confidence,0.061303200251131784,63.0,0.4309826070808193,moderate,low_priority,below review threshold or weak supporting signals,0.0004705558913824057,0.0004275171813645784,0.0021904569618068637,1.5547335027723648,strong,89.55849841671109,90fcd581-cda7-44e8-aa50-55d5073b700c,2026-08-12T23:00:36.850610+00:00,https://archive.stsci.edu/pub/kepler/lightcurves/0090/009027841/kplr009027841-2009166043257_llc.fits,/Users/adarsh/Documents/MyCodeProjects/Exoplanet_Transit_Research/kepler_llc_downloads/kplr009027841-2009166043257_llc.fits,5.5515257628814405,0.068,0.0006920557692839433,4.789411877991906e-06,0.0005415512968494885,16.857625218783657,0.8817829157856731,0.9908480780964003,33.47146237398556,0.3004465,active,low_priority
kplr006436505-2009166043257_llc.fits,131.5329904004684,1.0000328942893109,0.0005936798218076593,101,0.0002,/Users/adarsh/Documents/MyCodeProjects/Exoplanet_Transit_Research/kepler_llc_downloads,465,medium_confidence,0.061303211543418,63.0,0.4491530017444678,moderate,low_priority,below review threshold or weak supporting signals,0.0004887417849792446,0.0004787211355310461,0.002223635446591099,1.4698751192859163,strong,110.96692299100205,90fcd581-cda7-44e8-aa50-55d5073b700c,2026-08-12T23:00:36.850610+00:00,https://archive.stsci.edu/pub/kepler/lightcurves/0064/006436505/kplr006436505-2009166043257_llc.fits,/Users/adarsh/Documents/MyCodeProjects/Exoplanet_Transit_Research/kepler_llc_downloads/kplr006436505-2009166043257_llc.fits,6.863931965982991,0.156,0.0004710241698782532,4.326343487885201e-06,0.0005936798218076594,17.38828661767581,0.8951161019597258,0.9908480780964003,33.47146061634703,0.17172706,active,low_priority
kplr006635813-2009166043257_llc.fits,131.63451460971555,1.0000419360209423,0.0005771615797343908,101,0.0002,/Users/adarsh/Documents/MyCodeProjects/Exoplanet_Transit_Research/kepler_llc_downloads,434,medium_confidence,0.0613036576542072,63.0,0.44954254681563066,moderate,low_priority,below review threshold or weak supporting signals,0.00033378710990845906,0.00031663060745212857,0.0011112756365916354,1.5884241240666883,strong,73.80455607257728,90fcd581-cda7-44e8-aa50-55d5073b700c,2026-08-12T23:00:36.850610+00:00,https://archive.stsci.edu/pub/kepler/lightcurves/0066/006635813/kplr006635813-2009166043257_llc.fits,/Users/adarsh/Documents/MyCodeProjects/Exoplanet_Transit_Research/kepler_llc_downloads/kplr006635813-2009166043257_llc.fits,4.585792896448224,0.184,0.0002751172265468468,2.3463741386276994e-06,0.0005771615797343908,11.428792438284733,0.7185130706346914,0.9908480780964003,33.47170472769358,0.732439,active,review_with_caution
kplr010964747-2009166043257_llc.fits,131.55328345015732,1.0000308590135498,0.000503272296929467,101,0.0002,/Users/adarsh/Documents/MyCodeProjects/Exoplanet_Transit_Research/kepler_llc_downloads,447,medium_confidence,0.06130267562548397,63.0,0.4359142354615191,moderate,low_priority,below review threshold or weak supporting signals,0.00040933334155333374,0.00038416503801708135,0.0014338208405635378,1.535680063523614,strong,54.41680790662601,90fcd581-cda7-44e8-aa50-55d5073b700c,2026-08-12T23:00:36.850610+00:00,https://archive.stsci.edu/pub/kepler/lightcurves/0109/010964747/kplr010964747-2009166043257_llc.fits,/Users/adarsh/Documents/MyCodeProjects/Exoplanet_Transit_Research/kepler_llc_downloads/kplr010964747-2009166043257_llc.fits,3.39719859929965,0.156,0.0002978253455226602,3.3705975845562936e-06,0.0005032722969294669,16.138700972965886,0.7879217868899869,0.9908480780964003,33.47113990144862,0.9301067,active,review_now
kplr010275766-2009166043257_llc.fits,131.5325013601905,1.0000001870695978,0.000863457431733197,101,0.0002,/Users/adarsh/Documents/MyCodeProjects/Exoplanet_Transit_Research/kepler_llc_downloads,465,medium_confidence,0.061303007056267234,63.0,0.4074625121803483,moderate,low_priority,below review threshold or weak supporting signals,0.0005213060074537185,0.0004902977936063202,0.002864512088408877,1.4273965046520516,strong,214.37445200130006,90fcd581-cda7-44e8-aa50-55d5073b700c,2026-08-12T23:00:36.850610+00:00,https://archive.stsci.edu/pub/kepler/lightcurves/0102/010275766/kplr010275766-2009166043257_llc.fits,/Users/adarsh/Documents/MyCodeProjects/Exoplanet_Transit_Research/kepler_llc_downloads/kplr010275766-2009166043257_llc.fits,13.203101550775386,0.3,0.0016999083565953158,4.334532631233881e-05,0.000863457431733197,12.244624842602255,1.4368779987653044,0.9908480780964003,33.471353992135846,0.6364234,active,review_with_caution
kplr005473535-2009166043257_llc.fits,131.57333219751308,1.000020772561675,0.0003863179459872947,101,0.0002,/Users/adarsh/Documents/MyCodeProjects/Exoplanet_Transit_Research/kepler_llc_downloads,415,medium_confidence,0.081737578369939,63.0,0.45031899631298355,moderate,low_priority,below review threshold or weak supporting signals,0.00032743725834388744,0.00030882335513227055,0.0011238738362011613,1.606745413319004,strong,115.3908564836503,90fcd581-cda7-44e8-aa50-55d5073b700c,2026-08-12T23:00:36.850610+00:00,https://archive.stsci.edu/pub/kepler/lightcurves/0054/005473535/kplr005473535-2009166043257_llc.fits,/Users/adarsh/Documents/MyCodeProjects/Exoplanet_Transit_Research/kepler_llc_downloads/kplr005473535-2009166043257_llc.fits,9.513506753376689,0.3,0.0003987695221889856,3.4983769001903015e-06,0.0003863179459872947,16.28505771251973,0.8524659921861657,0.9908480780964003,33.47173263110744,0.6513451,active,review_with_caution
kplr008975776-2009166043257_llc.fits,131.59352854902681,1.0000232593315082,0.0003391883668528129,101,0.0002,/Users/adarsh/Documents/MyCodeProjects/Exoplanet_Transit_Research/kepler_llc_downloads,432,medium_confidence,0.06130339873197954,63.0,0.4519706152082579,moderate,low_priority,below review threshold or weak supporting signals,0.0003057839284204093,0.00029973288288298594,0.001035216038094533,1.585068320932379,strong,26.54487242267209,90fcd581-cda7-44e8-aa50-55d5073b700c,2026-08-12T23:00:36.850610+00:00,https://archive.stsci.edu/pub/kepler/lightcurves/0089/008975776/kplr008975776-2009166043257_llc.fits,/Users/adarsh/Documents/MyCodeProjects/Exoplanet_Transit_Research/kepler_llc_downloads/kplr008975776-2009166043257_llc.fits,1.6885942971485743,0.3,0.00010221005740312811,1.4677888647262795e-06,0.0003391883668528129,18.366876906873546,0.7163360909956631,0.9908480780964003,33.471577708332916,0.8899079,active,review_now
kplr004661634-2009166043257_llc.fits,131.5736844473431,0.9983142432895199,0.01629680693880983,101,0.0002,/Users/adarsh/Documents/MyCodeProjects/Exoplanet_Transit_Research/kepler_llc_downloads,460,medium_confidence,0.06130353052139981,63.0,0.4565188072049978,moderate,low_priority,below review threshold or weak supporting signals,0.001012414330757486,0.00035687266065442813,0.21300922271309486,1.5206663068676676,weak,465.21361000013184,90fcd581-cda7-44e8-aa50-55d5073b700c,2026-08-12T23:00:36.850610+00:00,https://archive.stsci.edu/pub/kepler/lightcurves/0046/004661634/kplr004661634-2009166043257_llc.fits,/Users/adarsh/Documents/MyCodeProjects/Exoplanet_Transit_Research/kepler_llc_downloads/kplr004661634-2009166043257_llc.fits,28.580540270135067,0.272,0.17467725467991166,0.1983289314663197,0.016296806938809832,0.46966659692930296,9.96911286614328,0.9908480780964003,33.47164346535283,0.4489315,active,review_with_caution
kplr009602775-2009166043257_llc.fits,131.59359062557633,1.0000626021594095,0.0006807159439487093,101,0.0002,/Users/adarsh/Documents/MyCodeProjects/Exoplanet_Transit_Research/kepler_llc_downloads,484,medium_confidence,0.061303181741095614,63.0,0.42083857423723015,moderate,low_priority,below review threshold or weak supporting signals,0.0005032681282246451,0.0004943884267120668,0.0017666735603391048,1.5170187738648337,strong,200.23618152815433,90fcd581-cda7-44e8-aa50-55d5073b700c,2026-08-12T23:00:36.850610+00:00,https://archive.stsci.edu/pub/kepler/lightcurves/0096/009602775/kplr009602775-2009166043257_llc.fits,/Users/adarsh/Documents/MyCodeProjects/Exoplanet_Transit_Research/kepler_llc_downloads/kplr009602775-2009166043257_llc.fits,12.336418209104552,0.272,0.0007734682807426061,7.777291357093996e-06,0.0006807159439487092,15.97809700852989,0.8352045358895235,0.9908480780964003,33.47151053034759,0.6805885,active,review_with_caution
kplr002836076-2009166043257_llc.fits,131.5538015260463,1.000046074571538,0.0005172525931363621,101,0.0002,/Users/adarsh/Documents/MyCodeProjects/Exoplanet_Transit_Research/kepler_llc_downloads,453,medium_confidence,0.061303435526497196,63.0,0.43415746711331193,moderate,low_priority,below review threshold or weak supporting signals,0.0003768965441946337,0.0003826500940607991,0.0013598481473661161,1.5534347467455518,strong,8.771875256541762,90fcd581-cda7-44e8-aa50-55d5073b700c,2026-08-12T23:00:36.850610+00:00,https://archive.stsci.edu/pub/kepler/lightcurves/0028/002836076/kplr002836076-2009166043257_llc.fits,/Users/adarsh/Documents/MyCodeProjects/Exoplanet_Transit_Research/kepler_llc_downloads/kplr002836076-2009166043257_llc.fits,0.5990495247623812,0.3,9.982112691000187e-05,4.040506366609784e-06,0.0005172525931363621,15.74520243999564,0.8230481892140529,0.9908480780964003,33.4714970439818,0.580898,active,review_with_caution
kplr008127586-2009166043257_llc.fits,131.53215307488426,1.0000248065483457,0.0004339784247697488,101,0.0002,/Users/adarsh/Documents/MyCodeProjects/Exoplanet_Transit_Research/kepler_llc_downloads,460,medium_confidence,0.061303530404984485,63.0,0.41025413275449724,moderate,low_priority,below review threshold or weak supporting signals,0.0003748675412544878,0.00034192344615341375,0.0012420755124969984,1.5145072707092027,strong,27.352674765178637,90fcd581-cda7-44e8-aa50-55d5073b700c,2026-08-12T23:00:36.850610+00:00,https://archive.stsci.edu/pub/kepler/lightcurves/0081/008127586/kplr008127586-2009166043257_llc.fits,/Users/adarsh/Documents/MyCodeProjects/Exoplanet_Transit_Research/kepler_llc_downloads/kplr008127586-2009166043257_llc.fits,1.7381190595297649,0.3,0.00013027721406069702,2.342157045471501e-06,0.0004339784247697488,16.898169369637255,0.7932594580429664,0.9908480780964003,33.47167201865523,0.82482713,active,review_now
kplr007436215-2009166043257_llc.fits,131.59424961959303,1.0000190489017393,0.0004491745020838979,101,0.0002,/Users/adarsh/Documents/MyCodeProjects/Exoplanet_Transit_Research/kepler_llc_downloads,445,medium_confidence,0.06130320176453097,63.0,0.44364530565709254,moderate,low_priority,below review threshold or weak supporting signals,0.00041713729882590525,0.0003975672570138977,0.0017289388661964056,1.5592108773265636,strong,337.5733080244402,90fcd581-cda7-44e8-aa50-55d5073b700c,2026-08-12T23:00:36.850610+00:00,https://archive.stsci.edu/pub/kepler/lightcurves/0074/007436215/kplr007436215-2009166043257_llc.fits,/Users/adarsh/Documents/MyCodeProjects/Exoplanet_Transit_Research/kepler_llc_downloads/kplr007436215-2009166043257_llc.fits,20.75562781390695,0.156,0.0005949918078941466,2.6551143859585874e-06,0.0004491745020838979,18.671341395093815,0.7669840001461022,0.9908480780964003,33.47140394583403,0.93254614,active,review_now
kplr009911882-2009166043257_llc.fits,131.53214061506878,1.000024497972079,0.00042278576899266307,101,0.0002,/Users/adarsh/Documents/MyCodeProjects/Exoplanet_Transit_Research/kepler_llc_downloads,428,medium_confidence,0.06130329547886504,63.0,0.4426504964405185,moderate,low_priority,below review threshold or weak supporting signals,0.0003827454233399786,0.0003681681945131854,0.0015389422963841826,1.584534475136401,strong,26.544918816488995,90fcd581-cda7-44e8-aa50-55d5073b700c,2026-08-12T23:00:36.850610+00:00,https://archive.stsci.edu/pub/kepler/lightcurves/0099/009911882/kplr009911882-2009166043257_llc.fits,/Users/adarsh/Documents/MyCodeProjects/Exoplanet_Transit_Research/kepler_llc_downloads/kplr009911882-2009166043257_llc.fits,1.6885942971485743,0.184,0.00020691054094498028,3.6604236020793433e-06,0.00042278576899266307,18.015561053120678,0.7621002575962772,0.9908480780964003,33.47153351812449,0.9233665,active,review_now
kplr008847111-2009166043257_llc.fits,131.5525188482352,1.0000126037782535,0.0004831436896969504,101,0.0002,/Users/adarsh/Documents/MyCodeProjects/Exoplanet_Transit_Research/kepler_llc_downloads,403,medium_confidence,0.08173774385431898,63.0,0.4530298728157348,moderate,low_priority,below review threshold or weak supporting signals,0.0002952877071792136,0.0002744587574062818,0.0011433780968902463,1.4837125580513657,strong,46.621160550370156,90fcd581-cda7-44e8-aa50-55d5073b700c,2026-08-12T23:00:36.850610+00:00,https://archive.stsci.edu/pub/kepler/lightcurves/0088/008847111/kplr008847111-2009166043257_llc.fits,/Users/adarsh/Documents/MyCodeProjects/Exoplanet_Transit_Research/kepler_llc_downloads/kplr008847111-2009166043257_llc.fits,3.8924462231115555,0.3,0.0005161082887303846,1.7846640301645802e-05,0.0004831436896969504,11.403897475476716,1.117946685396899,0.9908480780964003,33.47163464753248,0.8336902,active,review_now
kplr002441151-2009166043257_llc.fits,131.57397438086628,0.9999953454573262,0.0004479687920856064,101,0.0002,/Users/adarsh/Documents/MyCodeProjects/Exoplanet_Transit_Research/kepler_llc_downloads,415,medium_confidence,0.08173720607737778,63.0,0.4550374256952796,moderate,low_priority,below review threshold or weak supporting signals,0.0003412809895871353,0.0003057048100181259,0.0022963431866198647,1.5557377205994953,strong,52.68049701588508,90fcd581-cda7-44e8-aa50-55d5073b700c,2026-08-12T23:00:36.850610+00:00,https://archive.stsci.edu/pub/kepler/lightcurves/0024/002441151/kplr002441151-2009166043257_llc.fits,/Users/adarsh/Documents/MyCodeProjects/Exoplanet_Transit_Research/kepler_llc_downloads/kplr002441151-2009166043257_llc.fits,4.387693846923462,0.096,0.0013359644973784041,3.391122162685511e-05,0.0004479687920856064,13.902040860597195,1.0622241969052562,0.9908480780964003,33.47162719293556,0.6587213,active,review_with_caution
kplr008308260-2009166043257_llc.fits,131.53250353808835,1.000017224676542,0.00045879805158105573,101,0.0002,/Users/adarsh/Documents/MyCodeProjects/Exoplanet_Transit_Research/kepler_llc_downloads,422,medium_confidence,0.08173729733971413,63.0,0.42835599805358093,moderate,low_priority,below review threshold or weak supporting signals,0.0003336584470353797,0.00029606729226711037,0.001532314449589789,1.624426241652813,strong,52.37748626064524,90fcd581-cda7-44e8-aa50-55d5073b700c,2026-08-12T23:00:36.850610+00:00,https://archive.stsci.edu/pub/kepler/lightcurves/0083/008308260/kplr008308260-2009166043257_llc.fits,/Users/adarsh/Documents/MyCodeProjects/Exoplanet_Transit_Research/kepler_llc_downloads/kplr008308260-2009166043257_llc.fits,4.362931465732866,0.3,0.00037844403057352453,8.378363230188984e-06,0.00045879805158105573,13.256384504422416,1.1105121949913972,0.9908480780964003,33.47152242648008,0.82962114,active,review_now
kplr003557493-2009166043257_llc.fits,131.55323668938217,1.0000527789471398,0.0005677529426152124,101,0.0002,/Users/adarsh/Documents/MyCodeProjects/Exoplanet_Transit_Research/kepler_llc_downloads,449,medium_confidence,0.061303753402171424,63.0,0.43155280205584623,moderate,low_priority,below review threshold or weak supporting signals,0.0004145236176878704,0.000403481751919732,0.002380868503696676,1.5096765101816345,strong,26.544713063013905,90fcd581-cda7-44e8-aa50-55d5073b700c,2026-08-12T23:00:36.850610+00:00,https://archive.stsci.edu/pub/kepler/lightcurves/0035/003557493/kplr003557493-2009166043257_llc.fits,/Users/adarsh/Documents/MyCodeProjects/Exoplanet_Transit_Research/kepler_llc_downloads/kplr003557493-2009166043257_llc.fits,1.6885942971485743,0.184,0.00029745126928857566,7.609044153719089e-06,0.0005677529426152124,15.058706699516412,0.8627862604183425,0.9908480780964003,33.47170770530647,0.32027867,active,low_priority
kplr007052511-2009166043257_llc.fits,131.5528920447323,1.000031773984993,0.0006251388339822984,101,0.0002,/Users/adarsh/Documents/MyCodeProjects/Exoplanet_Transit_Research/kepler_llc_downloads,470,medium_confidence,0.06130346009740606,63.0,0.41223321846999145,moderate,low_priority,below review threshold or weak supporting signals,0.0005414430295056843,0.000528242208890084,0.0018172939312296466,1.5449599339407314,strong,87.1345272706146,90fcd581-cda7-44e8-aa50-55d5073b700c,2026-08-12T23:00:36.850610+00:00,https://archive.stsci.edu/pub/kepler/lightcurves/0070/007052511/kplr007052511-2009166043257_llc.fits,/Users/adarsh/Documents/MyCodeProjects/Exoplanet_Transit_Research/kepler_llc_downloads/kplr007052511-2009166043257_llc.fits,5.4029514757378685,0.096,0.0005918289729453881,4.728530698437504e-06,0.0006251388339822984,18.319159793480132,0.7949993115226297,0.9908480780964003,33.471634973204345,0.57894593,active,review_with_caution
kplr006948480-2009166043257_llc.fits,131.59413074464828,1.0000261696644503,0.0003981096904458435,101,0.0002,/Users/adarsh/Documents/MyCodeProjects/Exoplanet_Transit_Research/kepler_llc_downloads,438,medium_confidence,0.06130339291848941,63.0,0.41805916934245047,moderate,low_priority,below review threshold or weak supporting signals,0.00035173419399306367,0.00032632883757177655,0.0011786253606117514,1.5680300626266614,strong,91.17394044008256,90fcd581-cda7-44e8-aa50-55d5073b700c,2026-08-12T23:00:36.850610+00:00,https://archive.stsci.edu/pub/kepler/lightcurves/0069/006948480/kplr006948480-2009166043257_llc.fits,/Users/adarsh/Documents/MyCodeProjects/Exoplanet_Transit_Research/kepler_llc_downloads/kplr006948480-2009166043257_llc.fits,5.6505752876438216,0.096,0.0004131924293648309,2.390191771581751e-06,0.00039810969044584346,17.154961994928982,0.7663859563349673,0.9908480780964003,33.47150058533589,0.8540674,active,review_now
kplr010552700-2009131105131_llc.fits,120.64063756747055,0.9999982207552919,0.00033785096152245427,101,0.0002,/Users/adarsh/Documents/MyCodeProjects/Exoplanet_Transit_Research/kepler_llc_downloads,18,medium_confidence,0.4495567462363397,63.0,0.44317170886390883,moderate,low_priority,below review threshold or weak supporting signals,0.0002509238103903429,0.00019350902363890476,0.0009313617383475137,5.343589715834327,weak,3.14170398080044,90fcd581-cda7-44e8-aa50-55d5073b700c,2026-08-12T23:00:36.850610+00:00,https://archive.stsci.edu/pub/kepler/lightcurves/0105/010552700/kplr010552700-2009131105131_llc.fits,/Users/adarsh/Documents/MyCodeProjects/Exoplanet_Transit_Research/kepler_llc_downloads/kplr010552700-2009131105131_llc.fits,1.8619309654827414,0.3,0.0005193021698336231,1.2000526089928957e-05,0.00033785096152245427,2.4300338034129885,1.4015453554745245,0.9852941176470589,9.706333541420463,0.2118293,active,low_priority
kplr011403389-2009166043257_llc.fits,131.6141652615188,1.000015880664428,0.0003191238597590088,101,0.0002,/Users/adarsh/Documents/MyCodeProjects/Exoplanet_Transit_Research/kepler_llc_downloads,415,medium_confidence,0.08173677522063372,63.0,0.45683009731952934,moderate,low_priority,below review threshold or weak supporting signals,0.0003045897255976882,0.0003135261944164913,0.0010370681584384034,1.60369189022191,strong,9.3585360981381,90fcd581-cda7-44e8-aa50-55d5073b700c,2026-08-12T23:00:36.850610+00:00,https://archive.stsci.edu/pub/kepler/lightcurves/0114/011403389/kplr011403389-2009166043257_llc.fits,/Users/adarsh/Documents/MyCodeProjects/Exoplanet_Transit_Research/kepler_llc_downloads/kplr011403389-2009166043257_llc.fits,0.8466733366683341,0.3,6.713084675795061e-05,1.313659495947099e-06,0.00031912385975900877,20.01421695803794,0.7531462862518704,0.9908480780964003,33.47127654591168,0.8437175,active,review_now
kplr009216775-2009166043257_llc.fits,131.55311344583606,1.0000187614916385,0.0003347032988100189,101,0.0002,/Users/adarsh/Documents/MyCodeProjects/Exoplanet_Transit_Research/kepler_llc_downloads,441,medium_confidence,0.06130312650202541,63.0,0.42264171603779876,moderate,low_priority,below review threshold or weak supporting signals,0.0002935746282389893,0.00027141812760234085,0.0011590409027266713,1.639821545693394,strong,21.293860356790795,90fcd581-cda7-44e8-aa50-55d5073b700c,2026-08-12T23:00:36.850610+00:00,https://archive.stsci.edu/pub/kepler/lightcurves/0092/009216775/kplr009216775-2009166043257_llc.fits,/Users/adarsh/Documents/MyCodeProjects/Exoplanet_Transit_Research/kepler_llc_downloads/kplr009216775-2009166043257_llc.fits,1.3666833416708353,0.3,0.00010526066228697876,1.950046036416437e-06,0.0003347032988100189,17.029353161184147,0.7869448166913885,0.9908480780964003,33.47137913563347,0.938071,active,review_now
kplr003244792-2009166043257_llc.fits,131.55330557034904,1.0000250108343098,0.0004435581023961748,101,0.0002,/Users/adarsh/Documents/MyCodeProjects/Exoplanet_Transit_Research/kepler_llc_downloads,458,medium_confidence,0.061303626680455636,63.0,0.4771002312929117,moderate,low_priority,below review threshold or weak supporting signals,0.00038401588367806017,0.0003891630111314548,0.0013665611564810387,1.4144399759517796,strong,96.0207503861623,90fcd581-cda7-44e8-aa50-55d5073b700c,2026-08-12T23:00:36.850610+00:00,https://archive.stsci.edu/pub/kepler/lightcurves/0032/003244792/kplr003244792-2009166043257_llc.fits,/Users/adarsh/Documents/MyCodeProjects/Exoplanet_Transit_Research/kepler_llc_downloads/kplr003244792-2009166043257_llc.fits,5.947723861930966,0.184,0.00034116320234117416,2.618827439212911e-06,0.0004435581023961748,18.776462630326645,0.7990949618345358,0.9908480780964003,33.47169246397971,0.7336341,active,review_with_caution
kplr004757437-2009166043257_llc.fits,131.53274002743274,1.0000078330197069,0.0002971401955462941,101,0.0002,/Users/adarsh/Documents/MyCodeProjects/Exoplanet_Transit_Research/kepler_llc_downloads,407,medium_confidence,0.08173772557711345,63.0,0.4157805747262186,moderate,low_priority,below review threshold or weak supporting signals,0.0002818715674380122,0.0002642419328403589,0.0011577687597703612,1.6565466809695408,strong,160.5300824381178,90fcd581-cda7-44e8-aa50-55d5073b700c,2026-08-12T23:00:36.850610+00:00,https://archive.stsci.edu/pub/kepler/lightcurves/0047/004757437/kplr004757437-2009166043257_llc.fits,/Users/adarsh/Documents/MyCodeProjects/Exoplanet_Transit_Research/kepler_llc_downloads/kplr004757437-2009166043257_llc.fits,13.203101550775386,0.212,0.000517076407567159,4.0105201689383815e-06,0.00029714019554629405,17.940623704949964,0.7441385052444909,0.9908480780964003,33.47167029384582,0.9062179,active,review_now
kplr002574338-2009166043257_llc.fits,131.53308310233842,1.0000132579730108,0.0005431519150517004,101,0.0002,/Users/adarsh/Documents/MyCodeProjects/Exoplanet_Transit_Research/kepler_llc_downloads,461,medium_confidence,0.061303624002903234,63.0,0.4098834217409506,moderate,low_priority,below review threshold or weak supporting signals,0.0004674888557249598,0.00046840556033189706,0.0016555301071154993,1.4691099271733492,strong,38.66267528900548,90fcd581-cda7-44e8-aa50-55d5073b700c,2026-08-12T23:00:36.850610+00:00,https://archive.stsci.edu/pub/kepler/lightcurves/0025/002574338/kplr002574338-2009166043257_llc.fits,/Users/adarsh/Documents/MyCodeProjects/Exoplanet_Transit_Research/kepler_llc_downloads/kplr002574338-2009166043257_llc.fits,2.431465732866433,0.04,0.0005465410146226691,3.43513142764493e-06,0.0005431519150517004,18.51617127729396,0.7791430529792354,0.9908480780964003,33.47162859818491,0.77932,active,review_now
kplr005520547-2009166043257_llc.fits,131.57406559797528,1.000023292575164,0.0003594300240748059,101,0.0002,/Users/adarsh/Documents/MyCodeProjects/Exoplanet_Transit_Research/kepler_llc_downloads,404,medium_confidence,0.0817370008371654,63.0,0.4485208475234779,moderate,low_priority,below review threshold or weak supporting signals,0.0003091561157838714,0.00030841769180056655,0.0011155821177267766,1.5912687408144848,strong,9.358507505738528,90fcd581-cda7-44e8-aa50-55d5073b700c,2026-08-12T23:00:36.850610+00:00,https://archive.stsci.edu/pub/kepler/lightcurves/0055/005520547/kplr005520547-2009166043257_llc.fits,/Users/adarsh/Documents/MyCodeProjects/Exoplanet_Transit_Research/kepler_llc_downloads/kplr005520547-2009166043257_llc.fits,0.8466733366683341,0.3,8.738430560313513e-05,2.172446798303631e-06,0.0003594300240748059,17.247081402992634,0.7357384070481172,0.9908480780964003,33.47142620968225,0.7310448,active,review_with_caution
kplr012156174-2009166043257_llc.fits,131.57337920858117,1.0000293526005728,0.0005007370965410682,101,0.0002,/Users/adarsh/Documents/MyCodeProjects/Exoplanet_Transit_Research/kepler_llc_downloads,443,medium_confidence,0.06130264052626444,63.0,0.4535577785125868,moderate,low_priority,below review threshold or weak supporting signals,0.0003701927673338701,0.0003596827105653011,0.001279625806050677,1.632385860820932,strong,352.1181259230413,90fcd581-cda7-44e8-aa50-55d5073b700c,2026-08-12T23:00:36.850610+00:00,https://archive.stsci.edu/pub/kepler/lightcurves/0121/012156174/kplr012156174-2009166043257_llc.fits,/Users/adarsh/Documents/MyCodeProjects/Exoplanet_Transit_Research/kepler_llc_downloads/kplr012156174-2009166043257_llc.fits,21.64707353676838,0.156,0.000599673702373983,2.8768683945513624e-06,0.0005007370965410682,15.118602849643498,0.7810857505227828,0.9908480780964003,33.47116297019238,0.93204117,active,review_now
kplr007285757-2009166043257_llc.fits,131.57359891316446,1.0000312820012234,0.0006069305000009225,101,0.0002,/Users/adarsh/Documents/MyCodeProjects/Exoplanet_Transit_Research/kepler_llc_downloads,461,medium_confidence,0.06130331014719559,63.0,0.44826592961386086,moderate,low_priority,below review threshold or weak supporting signals,0.00044195140444322397,0.00043537504383273085,0.0014930207729111356,1.4688462472893207,strong,8.36796303809473,90fcd581-cda7-44e8-aa50-55d5073b700c,2026-08-12T23:00:36.850610+00:00,https://archive.stsci.edu/pub/kepler/lightcurves/0072/007285757/kplr007285757-2009166043257_llc.fits,/Users/adarsh/Documents/MyCodeProjects/Exoplanet_Transit_Research/kepler_llc_downloads/kplr007285757-2009166043257_llc.fits,0.5742871435717859,0.3,9.046548598654171e-05,3.4536497533176554e-06,0.0006069305000009225,15.401925959201293,0.7527428468123986,0.9908480780964003,33.471520432285615,0.7065781,active,review_with_caution
kplr007204981-2009166043257_llc.fits,131.55315416931262,1.0000161325904748,0.00038093602805455685,101,0.0002,/Users/adarsh/Documents/MyCodeProjects/Exoplanet_Transit_Research/kepler_llc_downloads,442,medium_confidence,0.06130342423421098,63.0,0.43919541730801065,moderate,low_priority,below review threshold or weak supporting signals,0.0003547742614015707,0.00035288078139172896,0.0014705743117215953,1.5334498337138882,strong,236.589216233862,90fcd581-cda7-44e8-aa50-55d5073b700c,2026-08-12T23:00:36.850610+00:00,https://archive.stsci.edu/pub/kepler/lightcurves/0072/007204981/kplr007204981-2009166043257_llc.fits,/Users/adarsh/Documents/MyCodeProjects/Exoplanet_Transit_Research/kepler_llc_downloads/kplr007204981-2009166043257_llc.fits,14.565032516258128,0.068,0.0006421934217209295,2.0620619545081782e-06,0.0003809360280545568,19.475431643676757,0.7253080723512142,0.9908480780964003,33.47153208243253,0.8237716,active,review_now
kplr007542813-2009166043257_llc.fits,131.5937938865536,1.0000146811356232,0.00033278976292684795,101,0.0002,/Users/adarsh/Documents/MyCodeProjects/Exoplanet_Transit_Research/kepler_llc_downloads,446,medium_confidence,0.061303480113565456,63.0,0.44332525069218087,moderate,low_priority,below review threshold or weak supporting signals,0.00030703748974626277,0.0002999096421024694,0.0011138453416849048,1.476988741478067,strong,53.20428741683391,90fcd581-cda7-44e8-aa50-55d5073b700c,2026-08-12T23:00:36.850610+00:00,https://archive.stsci.edu/pub/kepler/lightcurves/0075/007542813/kplr007542813-2009166043257_llc.fits,/Users/adarsh/Documents/MyCodeProjects/Exoplanet_Transit_Research/kepler_llc_downloads/kplr007542813-2009166043257_llc.fits,3.322911455727864,0.096,0.00024067930262208358,1.3902366410556597e-06,0.0003327897629268479,19.032152090426006,0.7489147803212941,0.9908480780964003,33.471588376924046,0.87497306,active,review_now
kplr010744335-2009166043257_llc.fits,131.63440881496354,1.0000611903463204,0.0006018775504838788,101,0.0002,/Users/adarsh/Documents/MyCodeProjects/Exoplanet_Transit_Research/kepler_llc_downloads,467,medium_confidence,0.06130304786347551,63.0,0.4293882620723072,moderate,low_priority,below review threshold or weak supporting signals,0.0004740683011062981,0.00045175596805635543,0.002059846923637809,1.6071936395629791,strong,396.144578206996,90fcd581-cda7-44e8-aa50-55d5073b700c,2026-08-12T23:00:36.850610+00:00,https://archive.stsci.edu/pub/kepler/lightcurves/0107/010744335/kplr010744335-2009166043257_llc.fits,/Users/adarsh/Documents/MyCodeProjects/Exoplanet_Transit_Research/kepler_llc_downloads/kplr010744335-2009166043257_llc.fits,24.34617308654327,0.068,0.0011289198734206862,4.460610282114624e-06,0.0006018775504838788,16.22012490090764,0.8691474208495978,0.9908480780964003,33.47142800457368,0.5457127,active,review_with_caution
kplr005601258-2009166043257_llc.fits,131.59462314537086,1.0000205156253534,0.00041690213899743067,101,0.0002,/Users/adarsh/Documents/MyCodeProjects/Exoplanet_Transit_Research/kepler_llc_downloads,432,medium_confidence,0.0817363293535891,63.0,0.4322045453717119,moderate,low_priority,below review threshold or weak supporting signals,0.00035420246923063966,0.00035376396845576696,0.00153962624464965,1.6158007087416877,strong,105.0921852189301,90fcd581-cda7-44e8-aa50-55d5073b700c,2026-08-12T23:00:36.850610+00:00,https://archive.stsci.edu/pub/kepler/lightcurves/0056/005601258/kplr005601258-2009166043257_llc.fits,/Users/adarsh/Documents/MyCodeProjects/Exoplanet_Transit_Research/kepler_llc_downloads/kplr005601258-2009166043257_llc.fits,8.671585792896447,0.3,0.0003948600753567244,4.521519894210824e-06,0.00041690213899743067,17.63686323297156,0.8760994719451175,0.9908480780964003,33.47134658835421,0.88353854,active,review_now
kplr007212184-2009166043257_llc.fits,131.5325549777117,1.0000148492863854,0.0003795096848473324,101,0.0002,/Users/adarsh/Documents/MyCodeProjects/Exoplanet_Transit_Research/kepler_llc_downloads,427,medium_confidence,0.08173728832480265,63.0,0.4444599180970985,moderate,low_priority,below review threshold or weak supporting signals,0.00034907067505653003,0.0003504364010586958,0.0011867245640480029,1.6422344991169666,strong,12.08502874641057,90fcd581-cda7-44e8-aa50-55d5073b700c,2026-08-12T23:00:36.850610+00:00,https://archive.stsci.edu/pub/kepler/lightcurves/0072/007212184/kplr007212184-2009166043257_llc.fits,/Users/adarsh/Documents/MyCodeProjects/Exoplanet_Transit_Research/kepler_llc_downloads/kplr007212184-2009166043257_llc.fits,1.0695347673836917,0.244,9.224943422185215e-05,1.5573223349080841e-06,0.0003795096848473324,19.08096283985163,0.7229191792956361,0.9908480780964003,33.47158637725806,0.7282779,active,review_with_caution
kplr007427764-2009166043257_llc.fits,131.53316358618758,1.0000207961752292,0.0004931981392299603,101,0.0002,/Users/adarsh/Documents/MyCodeProjects/Exoplanet_Transit_Research/kepler_llc_downloads,440,medium_confidence,0.061303116199269425,63.0,0.43375047890750273,moderate,low_priority,below review threshold or weak supporting signals,0.0003893353301391948,0.0003626744082427802,0.0016316396204664185,1.5980263278263465,strong,248.7084145317627,90fcd581-cda7-44e8-aa50-55d5073b700c,2026-08-12T23:00:36.850610+00:00,https://archive.stsci.edu/pub/kepler/lightcurves/0074/007427764/kplr007427764-2009166043257_llc.fits,/Users/adarsh/Documents/MyCodeProjects/Exoplanet_Transit_Research/kepler_llc_downloads/kplr007427764-2009166043257_llc.fits,15.307903951975987,0.3,0.000752884456989043,8.502525083635292e-06,0.0004931981392299603,15.424880919615397,0.9746319693805152,0.9908480780964003,33.471303829937824,0.9246321,active,review_now
kplr007021681-2009166043257_llc.fits,131.65566304710956,0.9999999648805445,0.0004499737614569469,101,0.0002,/Users/adarsh/Documents/MyCodeProjects/Exoplanet_Transit_Research/kepler_llc_downloads,435,medium_confidence,0.06130318808573065,63.0,0.45155067520586567,moderate,low_priority,below review threshold or weak supporting signals,0.00036724403897537265,0.000328456674926203,0.003125219980970928,1.46619234803552,strong,447.8470948763629,90fcd581-cda7-44e8-aa50-55d5073b700c,2026-08-12T23:00:36.850610+00:00,https://archive.stsci.edu/pub/kepler/lightcurves/0070/007021681/kplr007021681-2009166043257_llc.fits,/Users/adarsh/Documents/MyCodeProjects/Exoplanet_Transit_Research/kepler_llc_downloads/kplr007021681-2009166043257_llc.fits,27.515757878939468,0.156,0.0021155842774932382,3.35677262638244e-05,0.0004499737614569469,15.22423679585861,0.9731774576802927,0.9908480780964003,33.47138335138152,0.77529484,active,review_now
kplr007109675-2009166043257_llc.fits,131.53296288978163,1.0000029812116016,0.0008813238890016899,101,0.0002,/Users/adarsh/Documents/MyCodeProjects/Exoplanet_Transit_Research/kepler_llc_downloads,443,medium_confidence,0.06130320997181116,63.0,0.4411711276845851,moderate,low_priority,below review threshold or weak supporting signals,0.00038983242850790175,0.00036881670615196427,0.007694411265403933,1.5643279291616636,moderate,352.1148458086009,90fcd581-cda7-44e8-aa50-55d5073b700c,2026-08-12T23:00:36.850610+00:00,https://archive.stsci.edu/pub/kepler/lightcurves/0071/007109675/kplr007109675-2009166043257_llc.fits,/Users/adarsh/Documents/MyCodeProjects/Exoplanet_Transit_Research/kepler_llc_downloads/kplr007109675-2009166043257_llc.fits,21.64707353676838,0.128,0.0065606196411738486,0.00015064605526654627,0.0008813238890016898,8.807991884735884,1.1583017145950203,0.9908480780964003,33.47142345983593,0.76755357,active,review_now
kplr010002866-2009166043257_llc.fits,131.573664901327,1.0000412314109077,0.0006802271816524674,101,0.0002,/Users/adarsh/Documents/MyCodeProjects/Exoplanet_Transit_Research/kepler_llc_downloads,404,medium_confidence,0.08173661247565178,63.0,0.4399147282782428,moderate,low_priority,below review threshold or weak supporting signals,0.00036936595640240413,0.00036221257780455485,0.0034828645316343776,1.6443741273073869,strong,131.4487598467961,90fcd581-cda7-44e8-aa50-55d5073b700c,2026-08-12T23:00:36.850610+00:00,https://archive.stsci.edu/pub/kepler/lightcurves/0100/010002866/kplr010002866-2009166043257_llc.fits,/Users/adarsh/Documents/MyCodeProjects/Exoplanet_Transit_Research/kepler_llc_downloads/kplr010002866-2009166043257_llc.fits,10.82591295647824,0.3,0.0013489598486054915,4.003323880929451e-05,0.0006802271816524674,10.702869433997853,1.6255026628440923,0.9908480780964003,33.47124443495704,0.83606935,active,review_now
kplr008430964-2009166043257_llc.fits,131.55313566288532,1.000021441089422,0.0004745086954341004,101,0.0002,/Users/adarsh/Documents/MyCodeProjects/Exoplanet_Transit_Research/kepler_llc_downloads,449,medium_confidence,0.06130324012337951,63.0,0.4271743889807842,moderate,low_priority,below review threshold or weak supporting signals,0.00042471677265364306,0.0004201435511805851,0.0020562335942821974,1.6057541905772155,strong,10.79156973204874,90fcd581-cda7-44e8-aa50-55d5073b700c,2026-08-12T23:00:36.850610+00:00,https://archive.stsci.edu/pub/kepler/lightcurves/0084/008430964/kplr008430964-2009166043257_llc.fits,/Users/adarsh/Documents/MyCodeProjects/Exoplanet_Transit_Research/kepler_llc_downloads/kplr008430964-2009166043257_llc.fits,0.7228614307153577,0.3,0.00010768430165195342,3.913619227515754e-06,0.0004745086954341004,18.76189482473487,0.7452651501733006,0.9908480780964003,33.471436244566576,0.52750957,active,review_with_caution
kplr010028535-2009166043257_llc.fits,131.55264626893768,1.0000197369782728,0.0006353417728735967,101,0.0002,/Users/adarsh/Documents/MyCodeProjects/Exoplanet_Transit_Research/kepler_llc_downloads,422,medium_confidence,0.061303310612856876,63.0,0.4613163106172479,moderate,low_priority,below review threshold or weak supporting signals,0.00045711156688873084,0.0004564169261462303,0.0014309266247853891,1.6308020381165989,strong,8.367962966935478,90fcd581-cda7-44e8-aa50-55d5073b700c,2026-08-12T23:00:36.850610+00:00,https://archive.stsci.edu/pub/kepler/lightcurves/0100/010028535/kplr010028535-2009166043257_llc.fits,/Users/adarsh/Documents/MyCodeProjects/Exoplanet_Transit_Research/kepler_llc_downloads/kplr010028535-2009166043257_llc.fits,0.5742871435717859,0.3,9.924302320772941e-05,4.151428381755281e-06,0.0006353417728735967,14.757424047713444,0.6939881086549589,0.9908480780964003,33.471498260463704,0.7071587,active,review_with_caution
kplr005357901-2009166043257_llc.fits,131.5738848165056,0.9997390951435868,0.0018683854617253315,101,0.0002,/Users/adarsh/Documents/MyCodeProjects/Exoplanet_Transit_Research/kepler_llc_downloads,417,medium_confidence,0.0817369944343227,63.0,0.49004926509801994,moderate,low_priority,below review threshold or weak supporting signals,0.0005655764688697103,0.000262497129412953,0.014687843152286328,1.5109754670763778,weak,45.40978940566801,90fcd581-cda7-44e8-aa50-55d5073b700c,2026-08-12T23:00:36.850610+00:00,https://archive.stsci.edu/pub/kepler/lightcurves/0053/005357901/kplr005357901-2009166043257_llc.fits,/Users/adarsh/Documents/MyCodeProjects/Exoplanet_Transit_Research/kepler_llc_downloads/kplr005357901-2009166043257_llc.fits,3.7933966983491745,0.096,0.010658545652962068,0.0023856965041618087,0.0018683854617253315,2.8689706584301926,3.6424135693339474,0.9908480780964003,33.471520417617285,0.49320453,active,review_with_caution
kplr010686864-2009166043257_llc.fits,131.53209063791292,1.00004459857204,0.0007351674863892286,101,0.0002,/Users/adarsh/Documents/MyCodeProjects/Exoplanet_Transit_Research/kepler_llc_downloads,473,medium_confidence,0.061303176153160166,63.0,0.3761162249565889,moderate,low_priority,below review threshold or weak supporting signals,0.000581354552932761,0.000527420032774728,0.002375148941295424,1.5270443500056103,strong,286.27394741672805,90fcd581-cda7-44e8-aa50-55d5073b700c,2026-08-12T23:00:36.850610+00:00,https://archive.stsci.edu/pub/kepler/lightcurves/0106/010686864/kplr010686864-2009166043257_llc.fits,/Users/adarsh/Documents/MyCodeProjects/Exoplanet_Transit_Research/kepler_llc_downloads/kplr010686864-2009166043257_llc.fits,17.61080540270135,0.272,0.0007908962304066442,7.818960590892994e-06,0.0007351674863892286,15.602741025387141,0.8119582473098638,0.9908480780964003,33.47148859676963,0.32583827,active,low_priority
kplr008009350-2009166043257_llc.fits,131.53328180047538,1.0000796000106522,0.001607414864399099,101,0.0002,/Users/adarsh/Documents/MyCodeProjects/Exoplanet_Transit_Research/kepler_llc_downloads,473,medium_confidence,0.061302746580622625,63.0,0.40662812000352705,moderate,low_priority,below review threshold or weak supporting signals,0.0005161133667964454,0.0004994760807116583,0.0019841432117270186,1.5668521990185695,moderate,18.46644709902569,90fcd581-cda7-44e8-aa50-55d5073b700c,2026-08-12T23:00:36.850610+00:00,https://archive.stsci.edu/pub/kepler/lightcurves/0080/008009350/kplr008009350-2009166043257_llc.fits,/Users/adarsh/Documents/MyCodeProjects/Exoplanet_Transit_Research/kepler_llc_downloads/kplr008009350-2009166043257_llc.fits,1.1933466733366682,0.128,0.00030593771280399004,8.096216976011223e-06,0.001607414864399099,6.757985965115288,0.8688924188507993,0.9908480780964003,33.47119674902933,0.7521034,active,review_now
kplr003859079-2009166043257_llc.fits,131.57372083819064,1.0000180758002892,0.0004168688970045856,101,0.0002,/Users/adarsh/Documents/MyCodeProjects/Exoplanet_Transit_Research/kepler_llc_downloads,459,medium_confidence,0.061303661783313146,63.0,0.4232668724730563,moderate,low_priority,below review threshold or weak supporting signals,0.00036780598616400475,0.0003604829753017791,0.001465106450758702,1.43751334810554,strong,279.40486363149523,90fcd581-cda7-44e8-aa50-55d5073b700c,2026-08-12T23:00:36.850610+00:00,https://archive.stsci.edu/pub/kepler/lightcurves/0038/003859079/kplr003859079-2009166043257_llc.fits,/Users/adarsh/Documents/MyCodeProjects/Exoplanet_Transit_Research/kepler_llc_downloads/kplr003859079-2009166043257_llc.fits,17.18984492246123,0.184,0.0009534418007828666,3.6362050699203022e-06,0.0004168688970045856,18.526424396187444,0.7846574918658167,0.9908480780964003,33.47167190875916,0.8952543,active,review_now
kplr010118816-2009166043257_llc.fits,131.5740524262801,1.0000372500829093,0.0006055820563715974,101,0.0002,/Users/adarsh/Documents/MyCodeProjects/Exoplanet_Transit_Research/kepler_llc_downloads,464,medium_confidence,0.061302478243305814,63.0,0.40813799725962646,moderate,low_priority,below review threshold or weak supporting signals,0.00047965010609381795,0.00046310634176571774,0.0016173393545028114,1.5242258377469398,strong,64.11149079539547,90fcd581-cda7-44e8-aa50-55d5073b700c,2026-08-12T23:00:36.850610+00:00,https://archive.stsci.edu/pub/kepler/lightcurves/0101/010118816/kplr010118816-2009166043257_llc.fits,/Users/adarsh/Documents/MyCodeProjects/Exoplanet_Transit_Research/kepler_llc_downloads/kplr010118816-2009166043257_llc.fits,3.991495747873937,0.3,0.00024246534487687934,3.4685771645095783e-06,0.0006055820563715974,16.4727732428534,0.7790701256921462,0.9908480780964003,33.47103616911045,0.9307015,active,review_now
kplr010028140-2009166043257_llc.fits,131.65482592467015,1.0000124154657177,0.00047605073107198534,101,0.0002,/Users/adarsh/Documents/MyCodeProjects/Exoplanet_Transit_Research/kepler_llc_downloads,456,medium_confidence,0.06130323203251464,63.0,0.4232583965114237,moderate,low_priority,below review threshold or weak supporting signals,0.0004199489590555532,0.0003920619732718511,0.001759344220671033,1.4965020580893906,strong,319.3961685072754,90fcd581-cda7-44e8-aa50-55d5073b700c,2026-08-12T23:00:36.850610+00:00,https://archive.stsci.edu/pub/kepler/lightcurves/0100/010028140/kplr010028140-2009166043257_llc.fits,/Users/adarsh/Documents/MyCodeProjects/Exoplanet_Transit_Research/kepler_llc_downloads/kplr010028140-2009166043257_llc.fits,19.641320660330162,0.096,0.001031637073635085,4.789237732642628e-06,0.00047605073107198534,17.58668181789378,0.8091606018001518,0.9908480780964003,33.471496856669546,0.9054478,active,review_now
kplr011360805-2009166043257_llc.fits,131.65478418570274,1.000042519610833,0.0005083719710894481,101,0.0002,/Users/adarsh/Documents/MyCodeProjects/Exoplanet_Transit_Research/kepler_llc_downloads,421,medium_confidence,0.08173691853153287,63.0,0.4305087366688078,moderate,low_priority,below review threshold or weak supporting signals,0.0003021582936528233,0.0002873382639750899,0.001199423921461551,1.6039015673402446,strong,87.21723931113922,90fcd581-cda7-44e8-aa50-55d5073b700c,2026-08-12T23:00:36.850610+00:00,https://archive.stsci.edu/pub/kepler/lightcurves/0113/011360805/kplr011360805-2009166043257_llc.fits,/Users/adarsh/Documents/MyCodeProjects/Exoplanet_Transit_Research/kepler_llc_downloads/kplr011360805-2009166043257_llc.fits,7.2106053026513255,0.272,0.00021524700351571122,1.5289319932422557e-06,0.0005083719710894481,11.59719377050673,0.7356223664345641,0.9908480780964003,33.4713883059012,0.9319159,active,review_now
kplr010354039-2009166043257_llc.fits,131.53224018078618,1.0000202775639073,0.0004480002032100386,101,0.0002,/Users/adarsh/Documents/MyCodeProjects/Exoplanet_Transit_Research/kepler_llc_downloads,446,medium_confidence,0.06130316986673279,63.0,0.4270891244739094,moderate,low_priority,below review threshold or weak supporting signals,0.0004013393939043499,0.00037056741231239476,0.0014816336576670697,1.5206104744439415,strong,26.544975256898077,90fcd581-cda7-44e8-aa50-55d5073b700c,2026-08-12T23:00:36.850610+00:00,https://archive.stsci.edu/pub/kepler/lightcurves/0103/010354039/kplr010354039-2009166043257_llc.fits,/Users/adarsh/Documents/MyCodeProjects/Exoplanet_Transit_Research/kepler_llc_downloads/kplr010354039-2009166043257_llc.fits,1.6885942971485743,0.3,0.00014914912191307643,3.1032417491581223e-06,0.0004480002032100385,17.46853334329184,0.7251601075274103,0.9908480780964003,33.47145958909823,0.93765706,active,review_now
kplr009415172-2009166043257_llc.fits,131.5527995201628,1.0000212485974234,0.0005188516385139227,101,0.0002,/Users/adarsh/Documents/MyCodeProjects/Exoplanet_Transit_Research/kepler_llc_downloads,452,medium_confidence,0.06130325985577656,63.0,0.41384544195986994,moderate,low_priority,below review threshold or weak supporting signals,0.0004167844303427675,0.0004028389488015538,0.0017883964598770508,1.583962546129328,strong,161.45840169409772,90fcd581-cda7-44e8-aa50-55d5073b700c,2026-08-12T23:00:36.850610+00:00,https://archive.stsci.edu/pub/kepler/lightcurves/0094/009415172/kplr009415172-2009166043257_llc.fits,/Users/adarsh/Documents/MyCodeProjects/Exoplanet_Transit_Research/kepler_llc_downloads/kplr009415172-2009166043257_llc.fits,9.959229614807404,0.128,0.0007697108585348306,7.405685071830325e-06,0.0005188516385139227,16.506594359321298,0.9139570836950336,0.9908480780964003,33.47149224516761,0.85147333,active,review_now
kplr010351231-2009166043257_llc.fits,131.53229788594035,1.0000409462737045,0.0005029434657694339,101,0.0002,/Users/adarsh/Documents/MyCodeProjects/Exoplanet_Transit_Research/kepler_llc_downloads,448,medium_confidence,0.0613031080501969,63.0,0.4469853134434209,moderate,low_priority,below review threshold or weak supporting signals,0.000373433001200037,0.0003641546038901655,0.0015731257715407843,1.6262617052114763,strong,26.545003032568932,90fcd581-cda7-44e8-aa50-55d5073b700c,2026-08-12T23:00:36.850610+00:00,https://archive.stsci.edu/pub/kepler/lightcurves/0103/010351231/kplr010351231-2009166043257_llc.fits,/Users/adarsh/Documents/MyCodeProjects/Exoplanet_Transit_Research/kepler_llc_downloads/kplr010351231-2009166043257_llc.fits,1.6885942971485743,0.272,0.00021452540981591186,5.890707386455671e-06,0.0005029434657694339,15.325182033311004,0.8491890018970278,0.9908480780964003,33.47144044145534,0.8783883,active,review_now
kplr010718726-2009166043257_llc.fits,131.61458530406526,1.000030334832358,0.00035051075739079017,101,0.0002,/Users/adarsh/Documents/MyCodeProjects/Exoplanet_Transit_Research/kepler_llc_downloads,436,medium_confidence,0.06130273563758237,63.0,0.4228993798838863,moderate,low_priority,below review threshold or weak supporting signals,0.00030020644592306797,0.0002891554813166386,0.001151556114437069,1.6093686049534472,strong,57.64824157407213,90fcd581-cda7-44e8-aa50-55d5073b700c,2026-08-12T23:00:36.850610+00:00,https://archive.stsci.edu/pub/kepler/lightcurves/0107/010718726/kplr010718726-2009166043257_llc.fits,/Users/adarsh/Documents/MyCodeProjects/Exoplanet_Transit_Research/kepler_llc_downloads/kplr010718726-2009166043257_llc.fits,3.595297648824412,0.068,0.00046011341025467653,2.963860904146636e-06,0.00035051075739079017,17.225558930914495,0.716059907083622,0.9908480780964003,33.471161739798845,0.8897159,active,review_now
kplr009244756-2009166043257_llc.fits,131.5320827693431,1.0000248959583524,0.0005534285871521473,101,0.0002,/Users/adarsh/Documents/MyCodeProjects/Exoplanet_Transit_Research/kepler_llc_downloads,475,medium_confidence,0.06130335886700777,63.0,0.40855723135213395,moderate,low_priority,below review threshold or weak supporting signals,0.00042611333352746416,0.00042797395149873907,0.0018751873130955499,1.4785636870351482,strong,259.6135869126134,90fcd581-cda7-44e8-aa50-55d5073b700c,2026-08-12T23:00:36.850610+00:00,https://archive.stsci.edu/pub/kepler/lightcurves/0092/009244756/kplr009244756-2009166043257_llc.fits,/Users/adarsh/Documents/MyCodeProjects/Exoplanet_Transit_Research/kepler_llc_downloads/kplr009244756-2009166043257_llc.fits,15.976488244122061,0.3,0.0008294396603663205,1.0319552252828958e-05,0.0005534285871521473,16.853983046397307,1.0141188920452702,0.9908480780964003,33.47160854785761,0.8566857,active,review_now
kplr009272070-2009166043257_llc.fits,131.61461995368882,1.0000547961822057,0.0007764381232556084,101,0.0002,/Users/adarsh/Documents/MyCodeProjects/Exoplanet_Transit_Research/kepler_llc_downloads,449,medium_confidence,0.06130286806001095,63.0,0.44519274089173116,moderate,low_priority,below review threshold or weak supporting signals,0.0003635119685121815,0.0003456386413460688,0.0013653282941785694,1.5390380152568923,moderate,7.964095478261258,90fcd581-cda7-44e8-aa50-55d5073b700c,2026-08-12T23:00:36.850610+00:00,https://archive.stsci.edu/pub/kepler/lightcurves/0092/009272070/kplr009272070-2009166043257_llc.fits,/Users/adarsh/Documents/MyCodeProjects/Exoplanet_Transit_Research/kepler_llc_downloads/kplr009272070-2009166043257_llc.fits,0.5495247623811906,0.3,7.257457836635545e-05,2.3306782205865137e-06,0.0007764381232556084,9.432756175647524,0.7110938864459395,0.9908480780964003,33.471276342417696,0.6911321,active,review_with_caution
kplr003120355-2009166043257_llc.fits,131.5534148513907,1.0000164846924484,0.00037214193871734803,101,0.0002,/Users/adarsh/Documents/MyCodeProjects/Exoplanet_Transit_Research/kepler_llc_downloads,428,medium_confidence,0.06130375776410801,63.0,0.44523143251194436,moderate,low_priority,below review threshold or weak supporting signals,0.00034383245172667296,0.0003417135657324266,0.0011255499075636388,1.6162700186285974,strong,417.1443005026073,90fcd581-cda7-44e8-aa50-55d5073b700c,2026-08-12T23:00:36.850610+00:00,https://archive.stsci.edu/pub/kepler/lightcurves/0031/003120355/kplr003120355-2009166043257_llc.fits,/Users/adarsh/Documents/MyCodeProjects/Exoplanet_Transit_Research/kepler_llc_downloads/kplr003120355-2009166043257_llc.fits,25.633816908454225,0.3,0.000631606498807027,2.9919507700145324e-06,0.00037214193871734803,18.996582976346165,0.7392261356684019,0.9908480780964003,33.4716510608705,0.87269664,active,review_now
kplr005962262-2009166043257_llc.fits,131.59414631740947,1.0000353857607893,0.0005975291307325634,101,0.0002,/Users/adarsh/Documents/MyCodeProjects/Exoplanet_Transit_Research/kepler_llc_downloads,433,medium_confidence,0.06130342854157789,63.0,0.49395112242946326,moderate,low_priority,below review threshold or weak supporting signals,0.00030354816636373946,0.0002983639875447919,0.001304636757401112,1.508089356696587,strong,26.544859028615623,90fcd581-cda7-44e8-aa50-55d5073b700c,2026-08-12T23:00:36.850610+00:00,https://archive.stsci.edu/pub/kepler/lightcurves/0059/005962262/kplr005962262-2009166043257_llc.fits,/Users/adarsh/Documents/MyCodeProjects/Exoplanet_Transit_Research/kepler_llc_downloads/kplr005962262-2009166043257_llc.fits,1.6885942971485743,0.272,0.00016750077122581946,3.563176561878027e-06,0.0005975291307325634,10.390376101779953,0.7984829498632234,0.9908480780964003,33.47155830079282,0.8449484,active,review_now
kplr009353742-2009166043257_llc.fits,131.61411065958964,1.000018972217518,0.0003455597792007482,101,0.0002,/Users/adarsh/Documents/MyCodeProjects/Exoplanet_Transit_Research/kepler_llc_downloads,423,medium_confidence,0.08173724210791988,63.0,0.4164448260851692,moderate,low_priority,below review threshold or weak supporting signals,0.0002859715692523133,0.00027482188257466067,0.001009148447495778,1.6010941830797947,strong,19.658811743600033,90fcd581-cda7-44e8-aa50-55d5073b700c,2026-08-12T23:00:36.850610+00:00,https://archive.stsci.edu/pub/kepler/lightcurves/0093/009353742/kplr009353742-2009166043257_llc.fits,/Users/adarsh/Documents/MyCodeProjects/Exoplanet_Transit_Research/kepler_llc_downloads/kplr009353742-2009166043257_llc.fits,1.6885942971485743,0.3,0.00013806344159205777,2.6686119465940963e-06,0.0003455597792007482,16.356798594340884,0.7184142356572037,0.9908480780964003,33.47149742099282,0.9392065,active,review_now
kplr008578780-2009166043257_llc.fits,131.53228832160676,1.000032067842209,0.0005470898986981597,101,0.0002,/Users/adarsh/Documents/MyCodeProjects/Exoplanet_Transit_Research/kepler_llc_downloads,448,medium_confidence,0.061303413174755406,63.0,0.4408667362223559,moderate,low_priority,below review threshold or weak supporting signals,0.00037679090422723015,0.0003729276346445265,0.0012682358342755995,1.4559073809585357,strong,285.4649736591151,90fcd581-cda7-44e8-aa50-55d5073b700c,2026-08-12T23:00:36.850610+00:00,https://archive.stsci.edu/pub/kepler/lightcurves/0085/008578780/kplr008578780-2009166043257_llc.fits,/Users/adarsh/Documents/MyCodeProjects/Exoplanet_Transit_Research/kepler_llc_downloads/kplr008578780-2009166043257_llc.fits,17.56128064032016,0.212,0.0005707795448837275,3.2578928885767513e-06,0.0005470898986981597,14.427958266322735,0.7620560302893834,0.9908480780964003,33.47158601456613,0.9045956,active,review_now
kplr011720424-2009166043257_llc.fits,131.57307341964042,1.0000446264139087,0.0006097449111452686,101,0.0002,/Users/adarsh/Documents/MyCodeProjects/Exoplanet_Transit_Research/kepler_llc_downloads,464,medium_confidence,0.06130289431166602,63.0,0.42235405815898075,moderate,low_priority,below review threshold or weak supporting signals,0.00041068542878719297,0.0003903456990196341,0.0016817201083371147,1.5450607344810194,strong,26.545099070913402,90fcd581-cda7-44e8-aa50-55d5073b700c,2026-08-12T23:00:36.850610+00:00,https://archive.stsci.edu/pub/kepler/lightcurves/0117/011720424/kplr011720424-2009166043257_llc.fits,/Users/adarsh/Documents/MyCodeProjects/Exoplanet_Transit_Research/kepler_llc_downloads/kplr011720424-2009166043257_llc.fits,1.6885942971485743,0.3,0.00017288514536165214,4.199442924884102e-06,0.0006097449111452686,13.789871026745098,0.7961210891527885,0.9908480780964003,33.47133742320875,0.9484994,active,review_now
kplr006786348-2009166043257_llc.fits,131.61440408929775,1.0000502787518335,0.0006405043508319487,101,0.0002,/Users/adarsh/Documents/MyCodeProjects/Exoplanet_Transit_Research/kepler_llc_downloads,474,medium_confidence,0.061303376853174996,63.0,0.4202795449836994,moderate,low_priority,below review threshold or weak supporting signals,0.0004794862441019357,0.0004597605272176897,0.0017159832782649431,1.4674979722883137,strong,17.25445166658751,90fcd581-cda7-44e8-aa50-55d5073b700c,2026-08-12T23:00:36.850610+00:00,https://archive.stsci.edu/pub/kepler/lightcurves/0067/006786348/kplr006786348-2009166043257_llc.fits,/Users/adarsh/Documents/MyCodeProjects/Exoplanet_Transit_Research/kepler_llc_downloads/kplr006786348-2009166043257_llc.fits,1.1190595297648824,0.3,0.00015321328101210304,5.10566231157237e-06,0.0006405043508319487,15.62783325631099,0.7558283583313774,0.9908480780964003,33.471579291290254,0.8548781,active,review_now
kplr004832837-2009166043257_llc.fits,131.61475012965093,1.0000453323539018,0.0005061887532689442,101,0.0002,/Users/adarsh/Documents/MyCodeProjects/Exoplanet_Transit_Research/kepler_llc_downloads,436,medium_confidence,0.06130350013700081,63.0,0.4753955810807791,moderate,low_priority,below review threshold or weak supporting signals,0.00032469422350417566,0.00032718127962649834,0.0017118467057167797,1.4747025209449873,strong,41.894203047373395,90fcd581-cda7-44e8-aa50-55d5073b700c,2026-08-12T23:00:36.850610+00:00,https://archive.stsci.edu/pub/kepler/lightcurves/0048/004832837/kplr004832837-2009166043257_llc.fits,/Users/adarsh/Documents/MyCodeProjects/Exoplanet_Transit_Research/kepler_llc_downloads/kplr004832837-2009166043257_llc.fits,2.6295647823911956,0.068,0.0007039193756676107,1.0901054723686135e-05,0.0005061887532689442,13.496439109793178,1.1333529886737914,0.9908480780964003,33.47155807215313,0.7437271,active,review_with_caution
kplr009836149-2009166043257_llc.fits,131.5528965368503,0.9999998382887666,0.0005722481023324567,101,0.0002,/Users/adarsh/Documents/MyCodeProjects/Exoplanet_Transit_Research/kepler_llc_downloads,412,medium_confidence,0.08173703308420954,63.0,0.4742719540510635,moderate,low_priority,below review threshold or weak supporting signals,0.00033502426319040134,0.0003001191808280068,0.002082826522394776,1.5004754813676868,strong,62.375068185870234,90fcd581-cda7-44e8-aa50-55d5073b700c,2026-08-12T23:00:36.850610+00:00,https://archive.stsci.edu/pub/kepler/lightcurves/0098/009836149/kplr009836149-2009166043257_llc.fits,/Users/adarsh/Documents/MyCodeProjects/Exoplanet_Transit_Research/kepler_llc_downloads/kplr009836149-2009166043257_llc.fits,5.180090045022511,0.3,0.0008711698613911269,3.377269326913247e-05,0.0005722481023324567,10.64530231000467,1.6006928202563655,0.9908480780964003,33.47141476396064,0.76572764,active,review_now
kplr009279354-2009166043257_llc.fits,131.61441161962284,1.000029535358178,0.0005534419536938982,101,0.0002,/Users/adarsh/Documents/MyCodeProjects/Exoplanet_Transit_Research/kepler_llc_downloads,441,medium_confidence,0.0613031312750536,63.0,0.40415921804066124,moderate,low_priority,below review threshold or weak supporting signals,0.0004560205322242832,0.00043956322287375116,0.0019350457945144228,1.6302736142010872,strong,350.49956558213614,90fcd581-cda7-44e8-aa50-55d5073b700c,2026-08-12T23:00:36.850610+00:00,https://archive.stsci.edu/pub/kepler/lightcurves/0092/009279354/kplr009279354-2009166043257_llc.fits,/Users/adarsh/Documents/MyCodeProjects/Exoplanet_Transit_Research/kepler_llc_downloads/kplr009279354-2009166043257_llc.fits,21.548024012006003,0.272,0.0010155753907832726,1.3923810553922057e-05,0.0005534419536938982,16.678944591638654,0.867461725497734,0.9908480780964003,33.471374261556775,0.90376794,active,review_now
kplr009349757-2009166043257_llc.fits,131.55289262645965,1.000024567458958,0.0004185881557071064,101,0.0002,/Users/adarsh/Documents/MyCodeProjects/Exoplanet_Transit_Research/kepler_llc_downloads,461,medium_confidence,0.06130315025075106,63.0,0.4256795016448005,moderate,low_priority,below review threshold or weak supporting signals,0.00034949989376896104,0.0003485278608430509,0.0012139270180558936,1.575863432639153,strong,138.8384297229332,90fcd581-cda7-44e8-aa50-55d5073b700c,2026-08-12T23:00:36.850610+00:00,https://archive.stsci.edu/pub/kepler/lightcurves/0093/009349757/kplr009349757-2009166043257_llc.fits,/Users/adarsh/Documents/MyCodeProjects/Exoplanet_Transit_Research/kepler_llc_downloads/kplr009349757-2009166043257_llc.fits,8.572536268134067,0.128,0.0004053740634934079,2.054101641914469e-06,0.0004185881557071064,17.877262945846976,0.732978916825382,0.9908480780964003,33.47146200564748,0.87881404,active,review_now
kplr006392727-2009166043257_llc.fits,131.59364624468435,0.9999930111817443,0.0009386841403304606,101,0.0002,/Users/adarsh/Documents/MyCodeProjects/Exoplanet_Transit_Research/kepler_llc_downloads,468,medium_confidence,0.06130365450371755,63.0,0.4362505026138196,moderate,low_priority,below review threshold or weak supporting signals,0.000501137746180444,0.0004028972323467661,0.004604655618627218,1.4918492455924408,moderate,73.80455991689914,90fcd581-cda7-44e8-aa50-55d5073b700c,2026-08-12T23:00:36.850610+00:00,https://archive.stsci.edu/pub/kepler/lightcurves/0063/006392727/kplr006392727-2009166043257_llc.fits,/Users/adarsh/Documents/MyCodeProjects/Exoplanet_Transit_Research/kepler_llc_downloads/kplr006392727-2009166043257_llc.fits,4.585792896448224,0.096,0.0033036143961605066,0.0001746218892563032,0.0009386841403304606,9.285338278693326,1.7667148345440338,0.9908480780964003,33.47172194621817,0.6428615,active,review_with_caution
kplr008229696-2009166043257_llc.fits,131.5328072239863,1.0000188451267167,0.00034377692891017205,101,0.0002,/Users/adarsh/Documents/MyCodeProjects/Exoplanet_Transit_Research/kepler_llc_downloads,423,medium_confidence,0.08173670141695766,63.0,0.45521859986223745,moderate,low_priority,below review threshold or weak supporting signals,0.000282524693341277,0.00027314092874930473,0.0009009328651852222,1.5851294616848008,strong,122.96593094028869,90fcd581-cda7-44e8-aa50-55d5073b700c,2026-08-12T23:00:36.850610+00:00,https://archive.stsci.edu/pub/kepler/lightcurves/0082/008229696/kplr008229696-2009166043257_llc.fits,/Users/adarsh/Documents/MyCodeProjects/Exoplanet_Transit_Research/kepler_llc_downloads/kplr008229696-2009166043257_llc.fits,10.13256628314157,0.184,0.00040623239847202347,2.145321900388327e-06,0.00034377692891017205,16.34106050113048,0.7235104055057276,0.9908480780964003,33.471409092322574,0.91896373,active,review_now
kplr012066335-2009166043257_llc.fits,131.57312944172008,1.0000484446875306,0.000600603831423768,101,0.0002,/Users/adarsh/Documents/MyCodeProjects/Exoplanet_Transit_Research/kepler_llc_downloads,456,medium_confidence,0.06130282097001327,63.0,0.40530713494723203,moderate,low_priority,below review threshold or weak supporting signals,0.0004326000872384958,0.00043662607188199587,0.0015552717507996139,1.5714451323236744,strong,163.07530649347876,90fcd581-cda7-44e8-aa50-55d5073b700c,2026-08-12T23:00:36.850610+00:00,https://archive.stsci.edu/pub/kepler/lightcurves/0120/012066335/kplr012066335-2009166043257_llc.fits,/Users/adarsh/Documents/MyCodeProjects/Exoplanet_Transit_Research/kepler_llc_downloads/kplr012066335-2009166043257_llc.fits,10.058279139569784,0.04,0.001194963200593133,4.283811152315353e-06,0.000600603831423768,15.524012643441926,0.9172876076484632,0.9908480780964003,33.47127527098928,0.9325509,active,review_now
kplr010854546-2009166043257_llc.fits,131.61440782355203,1.000020048604847,0.0003965139543836205,101,0.0002,/Users/adarsh/Documents/MyCodeProjects/Exoplanet_Transit_Research/kepler_llc_downloads,431,medium_confidence,0.06130277353076963,63.0,0.48462410351033086,moderate,low_priority,below review threshold or weak supporting signals,0.00035767234764943405,0.0003412938089230044,0.0012825527116465674,1.5736949349974338,strong,10.79165948099449,90fcd581-cda7-44e8-aa50-55d5073b700c,2026-08-12T23:00:36.850610+00:00,https://archive.stsci.edu/pub/kepler/lightcurves/0108/010854546/kplr010854546-2009166043257_llc.fits,/Users/adarsh/Documents/MyCodeProjects/Exoplanet_Transit_Research/kepler_llc_downloads/kplr010854546-2009166043257_llc.fits,0.7228614307153577,0.068,0.0002076679138494915,3.169758239531087e-06,0.00039651395438362056,17.86934235276673,0.7347890918285227,0.9908480780964003,33.47122325237433,0.83102673,active,review_now
kplr008235924-2009166043257_llc.fits,131.5735286143754,1.0000282516882806,0.0006898044949547644,101,0.0002,/Users/adarsh/Documents/MyCodeProjects/Exoplanet_Transit_Research/kepler_llc_downloads,430,medium_confidence,0.061303314338147175,63.0,0.4591953618699022,moderate,low_priority,below review threshold or weak supporting signals,0.0003633944480098825,0.00033119711662954465,0.0017293559015513216,1.5555764137614574,moderate,16.446605928745893,90fcd581-cda7-44e8-aa50-55d5073b700c,2026-08-12T23:00:36.850610+00:00,https://archive.stsci.edu/pub/kepler/lightcurves/0082/008235924/kplr008235924-2009166043257_llc.fits,/Users/adarsh/Documents/MyCodeProjects/Exoplanet_Transit_Research/kepler_llc_downloads/kplr008235924-2009166043257_llc.fits,1.0695347673836917,0.3,9.75422108159608e-05,2.1502731333355667e-06,0.0006898044949547644,9.956226199758483,0.7220296867429059,0.9908480780964003,33.471470566946664,0.8659248,active,review_now
kplr010157458-2009166043257_llc.fits,131.6139689230622,1.0000217536978435,0.0005053838614122136,101,0.0002,/Users/adarsh/Documents/MyCodeProjects/Exoplanet_Transit_Research/kepler_llc_downloads,452,medium_confidence,0.06130316683993442,63.0,0.43517843134852197,moderate,low_priority,below review threshold or weak supporting signals,0.00040308855660246086,0.0003700677755428261,0.0015072388223206223,1.5642724334713591,strong,264.0576678957748,90fcd581-cda7-44e8-aa50-55d5073b700c,2026-08-12T23:00:36.850610+00:00,https://archive.stsci.edu/pub/kepler/lightcurves/0101/010157458/kplr010157458-2009166043257_llc.fits,/Users/adarsh/Documents/MyCodeProjects/Exoplanet_Transit_Research/kepler_llc_downloads/kplr010157458-2009166043257_llc.fits,16.24887443721861,0.156,0.0006101353836720812,2.605856304860744e-06,0.0005053838614122136,15.567867179699892,0.7812529993072406,0.9908480780964003,33.47148044484493,0.92019904,active,review_now
kplr009589524-2009166043257_llc.fits,131.57344696986547,1.0000273340099495,0.00046480169985214855,101,0.0002,/Users/adarsh/Documents/MyCodeProjects/Exoplanet_Transit_Research/kepler_llc_downloads,401,medium_confidence,0.08173696521407692,63.0,0.44870889097891237,moderate,low_priority,below review threshold or weak supporting signals,0.0002826940794815408,0.0002756474975529333,0.0018121383875687735,1.6442489213923182,strong,255.35557680116827,90fcd581-cda7-44e8-aa50-55d5073b700c,2026-08-12T23:00:36.850610+00:00,https://archive.stsci.edu/pub/kepler/lightcurves/0095/009589524/kplr009589524-2009166043257_llc.fits,/Users/adarsh/Documents/MyCodeProjects/Exoplanet_Transit_Research/kepler_llc_downloads/kplr009589524-2009166043257_llc.fits,20.953726863431715,0.096,0.0014607467027607484,5.334452324065996e-06,0.0004648016998521486,11.875681260710792,0.7723523581013882,0.9908480780964003,33.47138922092563,0.94018376,active,review_now
kplr010874215-2009166043257_llc.fits,131.53222200614255,1.0000665483064857,0.0012463602115512717,101,0.0002,/Users/adarsh/Documents/MyCodeProjects/Exoplanet_Transit_Research/kepler_llc_downloads,467,medium_confidence,0.06130305909755407,63.0,0.40230747054588134,moderate,low_priority,below review threshold or weak supporting signals,0.0005157011581053635,0.0004980392600122396,0.0019187210174164138,1.4963057141956142,moderate,26.545025028219964,90fcd581-cda7-44e8-aa50-55d5073b700c,2026-08-12T23:00:36.850610+00:00,https://archive.stsci.edu/pub/kepler/lightcurves/0108/010874215/kplr010874215-2009166043257_llc.fits,/Users/adarsh/Documents/MyCodeProjects/Exoplanet_Transit_Research/kepler_llc_downloads/kplr010874215-2009166043257_llc.fits,1.6885942971485743,0.3,0.00022896915129336232,7.6281099115023845e-06,0.001246360211551272,8.63532014517867,0.7589130202422459,0.9908480780964003,33.47142320139392,0.82288504,active,review_now
kplr006149910-2009166043257_llc.fits,131.5323980083558,1.000017944592728,0.00039041082682147337,101,0.0002,/Users/adarsh/Documents/MyCodeProjects/Exoplanet_Transit_Research/kepler_llc_downloads,438,medium_confidence,0.06130366393335862,63.0,0.45846535628408625,moderate,low_priority,below review threshold or weak supporting signals,0.00035789833926767493,0.00035834966773329313,0.0012426108519429935,1.5772395795790999,strong,19.6779454207902,90fcd581-cda7-44e8-aa50-55d5073b700c,2026-08-12T23:00:36.850610+00:00,https://archive.stsci.edu/pub/kepler/lightcurves/0061/006149910/kplr006149910-2009166043257_llc.fits,/Users/adarsh/Documents/MyCodeProjects/Exoplanet_Transit_Research/kepler_llc_downloads/kplr006149910-2009166043257_llc.fits,1.2676338169084542,0.272,0.00010567017540473521,1.898251614911476e-06,0.00039041082682147326,19.209771918009803,0.7747251307132837,0.9908480780964003,33.47171811854059,0.7283204,active,review_with_caution
kplr011502867-2009166043257_llc.fits,131.53259277893085,0.9997505292781159,0.001865795362119004,101,0.0002,/Users/adarsh/Documents/MyCodeProjects/Exoplanet_Transit_Research/kepler_llc_downloads,427,medium_confidence,0.06130276561452774,63.0,0.4416483871566482,moderate,low_priority,below review threshold or weak supporting signals,0.0006739410162952266,0.0003373442585110631,0.014735544279821267,1.5415911135594342,weak,51.58917601266395,90fcd581-cda7-44e8-aa50-55d5073b700c,2026-08-12T23:00:36.850610+00:00,https://archive.stsci.edu/pub/kepler/lightcurves/0115/011502867/kplr011502867-2009166043257_llc.fits,/Users/adarsh/Documents/MyCodeProjects/Exoplanet_Transit_Research/kepler_llc_downloads/kplr011502867-2009166043257_llc.fits,3.223861930965483,0.096,0.00897373767990875,0.0019326712307475378,0.001865795362119004,3.7361409432678685,3.1320465160666666,0.9908480780964003,33.47120082752372,0.7847913,active,review_now
kplr008617363-2009166043257_llc.fits,131.55330793707253,1.0000596612263286,0.0006620736377435903,101,0.0002,/Users/adarsh/Documents/MyCodeProjects/Exoplanet_Transit_Research/kepler_llc_downloads,475,medium_confidence,0.0613029805754195,63.0,0.40833086314652756,moderate,low_priority,below review threshold or weak supporting signals,0.000520701579750543,0.0004931803067668161,0.0021302799036047038,1.515461844939864,strong,26.545060310259135,90fcd581-cda7-44e8-aa50-55d5073b700c,2026-08-12T23:00:36.850610+00:00,https://archive.stsci.edu/pub/kepler/lightcurves/0086/008617363/kplr008617363-2009166043257_llc.fits,/Users/adarsh/Documents/MyCodeProjects/Exoplanet_Transit_Research/kepler_llc_downloads/kplr008617363-2009166043257_llc.fits,1.6885942971485743,0.184,0.0002597924950801579,5.770578012747766e-06,0.0006620736377435903,16.234773562857754,0.835693175831533,0.9908480780964003,33.47134676821588,0.41808805,active,review_with_caution
kplr011414511-2009166043257_llc.fits,131.55257847185567,0.9995933086086635,0.0025896357661472544,101,0.0002,/Users/adarsh/Documents/MyCodeProjects/Exoplanet_Transit_Research/kepler_llc_downloads,426,medium_confidence,0.061303032089199405,63.0,0.4425044474298273,moderate,low_priority,below review threshold or weak supporting signals,0.0007929350242049071,0.0003661423972376454,0.017342905093127525,1.5942741893941843,weak,45.12600283459953,90fcd581-cda7-44e8-aa50-55d5073b700c,2026-08-12T23:00:36.850610+00:00,https://archive.stsci.edu/pub/kepler/lightcurves/0114/011414511/kplr011414511-2009166043257_llc.fits,/Users/adarsh/Documents/MyCodeProjects/Exoplanet_Transit_Research/kepler_llc_downloads/kplr011414511-2009166043257_llc.fits,2.8276638319159577,0.128,0.009051132061250702,0.0028673047056570135,0.0025896357661472544,2.9182072737409306,3.350481923265701,0.9908480780964003,33.47139427172078,0.61594063,active,review_with_caution
kplr012256520-2009166043257_llc.fits,131.5324618435916,1.0000219398431025,0.00033309490985961927,101,0.0002,/Users/adarsh/Documents/MyCodeProjects/Exoplanet_Transit_Research/kepler_llc_downloads,419,medium_confidence,0.0817363152091275,63.0,0.4476113273748432,moderate,low_priority,below review threshold or weak supporting signals,0.00031327594056651027,0.0003029117969510775,0.0009867954140919677,1.67267551807862,strong,12.691093449731595,90fcd581-cda7-44e8-aa50-55d5073b700c,2026-08-12T23:00:36.850610+00:00,https://archive.stsci.edu/pub/kepler/lightcurves/0122/012256520/kplr012256520-2009166043257_llc.fits,/Users/adarsh/Documents/MyCodeProjects/Exoplanet_Transit_Research/kepler_llc_downloads/kplr012256520-2009166043257_llc.fits,1.1190595297648824,0.3,8.359885891762803e-05,1.5375292267124845e-06,0.00033309490985961927,18.614664051273515,0.7024512863366328,0.9908480780964003,33.47117445712502,0.8470587,active,review_now
kplr009893318-2009166043257_llc.fits,131.53252853781305,1.0000175968701992,0.0005402076560231813,101,0.0002,/Users/adarsh/Documents/MyCodeProjects/Exoplanet_Transit_Research/kepler_llc_downloads,467,medium_confidence,0.06130302556994138,63.0,0.4247989014820026,moderate,low_priority,below review threshold or weak supporting signals,0.0004366387760351674,0.00043458149370201316,0.0015501771141430698,1.453589957653037,strong,37.85519431284279,90fcd581-cda7-44e8-aa50-55d5073b700c,2026-08-12T23:00:36.850610+00:00,https://archive.stsci.edu/pub/kepler/lightcurves/0098/009893318/kplr009893318-2009166043257_llc.fits,/Users/adarsh/Documents/MyCodeProjects/Exoplanet_Transit_Research/kepler_llc_downloads/kplr009893318-2009166043257_llc.fits,2.3819409704852426,0.3,0.00024215110654523435,5.893034419308685e-06,0.0005402076560231813,17.384769373695555,0.854857683486372,0.9908480780964003,33.47138446175086,0.8701381,active,review_now
kplr007457296-2009166043257_llc.fits,131.53253487732582,1.0000651084185903,0.0010258480223731758,101,0.0002,/Users/adarsh/Documents/MyCodeProjects/Exoplanet_Transit_Research/kepler_llc_downloads,455,medium_confidence,0.06130344518896891,63.0,0.4375437561858595,moderate,low_priority,below review threshold or weak supporting signals,0.0003651845951402926,0.00035477348771462136,0.0011452652266907837,1.5667789163242105,moderate,7.156148458846669,90fcd581-cda7-44e8-aa50-55d5073b700c,2026-08-12T23:00:36.850610+00:00,https://archive.stsci.edu/pub/kepler/lightcurves/0074/007457296/kplr007457296-2009166043257_llc.fits,/Users/adarsh/Documents/MyCodeProjects/Exoplanet_Transit_Research/kepler_llc_downloads/kplr007457296-2009166043257_llc.fits,0.5,0.272,0.00010222967344119342,4.587947791901048e-06,0.0010258480223731758,7.376898878306596,0.7954827570771956,0.9908480780964003,33.47157716601214,0.5718156,active,review_with_caution
kplr005364071-2009166043257_llc.fits,131.53289071635663,1.0000402204970724,0.0008126858638695707,101,0.0002,/Users/adarsh/Documents/MyCodeProjects/Exoplanet_Transit_Research/kepler_llc_downloads,499,medium_confidence,0.06130322883109329,63.0,0.46607817929513584,moderate,low_priority,below review threshold or weak supporting signals,0.0005144967847874623,0.0005294985301337318,0.0030858239356967854,1.2488857484509026,strong,26.948881502798542,90fcd581-cda7-44e8-aa50-55d5073b700c,2026-08-12T23:00:36.850610+00:00,https://archive.stsci.edu/pub/kepler/lightcurves/0053/005364071/kplr005364071-2009166043257_llc.fits,/Users/adarsh/Documents/MyCodeProjects/Exoplanet_Transit_Research/kepler_llc_downloads/kplr005364071-2009166043257_llc.fits,1.7133566783391696,0.3,0.0004968946616191757,3.5924576340489904e-05,0.0008126858638695707,14.554333631889273,1.3102763655367573,0.9908480780964003,33.47157653189788,0.27267042,active,low_priority
kplr002164169-2009166043257_llc.fits,131.63518874587317,1.0000119054016465,0.0003520254806487736,101,0.0002,/Users/adarsh/Documents/MyCodeProjects/Exoplanet_Transit_Research/kepler_llc_downloads,416,medium_confidence,0.08173754670860944,63.0,0.405410640365302,moderate,low_priority,below review threshold or weak supporting signals,0.0003281027294473839,0.00030482885561927686,0.0012293989528544547,1.6969848040253055,strong,381.0779594580037,90fcd581-cda7-44e8-aa50-55d5073b700c,2026-08-12T23:00:36.850610+00:00,https://archive.stsci.edu/pub/kepler/lightcurves/0021/002164169/kplr002164169-2009166043257_llc.fits,/Users/adarsh/Documents/MyCodeProjects/Exoplanet_Transit_Research/kepler_llc_downloads/kplr002164169-2009166043257_llc.fits,31.230115057528764,0.244,0.0008590448053608703,4.427747865704974e-06,0.00035202548064877355,17.661542911544526,0.7187655571390108,0.9908480780964003,33.471672253581346,0.89375156,active,review_now
kplr008681833-2009166043257_llc.fits,131.67591098516277,1.0000372647763818,0.0005276797514017536,101,0.0002,/Users/adarsh/Documents/MyCodeProjects/Exoplanet_Transit_Research/kepler_llc_downloads,449,medium_confidence,0.06130302399833454,63.0,0.43126913988045745,moderate,low_priority,below review threshold or weak supporting signals,0.00039034726507292984,0.00038347698892637894,0.0012764388741889343,1.534063350238739,strong,26.54504079920184,90fcd581-cda7-44e8-aa50-55d5073b700c,2026-08-12T23:00:36.850610+00:00,https://archive.stsci.edu/pub/kepler/lightcurves/0086/008681833/kplr008681833-2009166043257_llc.fits,/Users/adarsh/Documents/MyCodeProjects/Exoplanet_Transit_Research/kepler_llc_downloads/kplr008681833-2009166043257_llc.fits,1.6885942971485743,0.3,0.00014528896046728048,3.071342335897965e-06,0.0005276797514017536,15.398983362572167,0.7628589271904934,0.9908480780964003,33.47134045547864,0.9466791,active,review_now
kplr003426367-2009166043257_llc.fits,131.6355895993329,1.0000252098663696,0.00037708413064950323,101,0.0002,/Users/adarsh/Documents/MyCodeProjects/Exoplanet_Transit_Research/kepler_llc_downloads,410,medium_confidence,0.08173693459684728,63.0,0.4443185593358505,moderate,low_priority,below review threshold or weak supporting signals,0.00029651122082602317,0.00028894294943321297,0.001089282167213712,1.6522818084379196,strong,27.232693558861044,90fcd581-cda7-44e8-aa50-55d5073b700c,2026-08-12T23:00:36.850610+00:00,https://archive.stsci.edu/pub/kepler/lightcurves/0034/003426367/kplr003426367-2009166043257_llc.fits,/Users/adarsh/Documents/MyCodeProjects/Exoplanet_Transit_Research/kepler_llc_downloads/kplr003426367-2009166043257_llc.fits,2.3076538269134566,0.272,0.00013935622260007142,1.7963645019058608e-06,0.00037708413064950323,15.515499947823427,0.7184864021458398,0.9908480780964003,33.4714431027096,0.92419016,active,review_now
kplr003342970-2009166043257_llc.fits,131.55344871253328,1.0000258547006542,0.000684237447799264,101,0.0002,/Users/adarsh/Documents/MyCodeProjects/Exoplanet_Transit_Research/kepler_llc_downloads,466,medium_confidence,0.06130357464280678,63.0,0.4018022460600224,moderate,low_priority,below review threshold or weak supporting signals,0.00048370744285067377,0.0004400450309822168,0.0023827640429706642,1.5201066588117484,strong,131.56671334510725,90fcd581-cda7-44e8-aa50-55d5073b700c,2026-08-12T23:00:36.850610+00:00,https://archive.stsci.edu/pub/kepler/lightcurves/0033/003342970/kplr003342970-2009166043257_llc.fits,/Users/adarsh/Documents/MyCodeProjects/Exoplanet_Transit_Research/kepler_llc_downloads/kplr003342970-2009166043257_llc.fits,8.126813406703352,0.156,0.0010197445824787334,1.6118124709168255e-05,0.0006842374477992641,13.882997341967396,0.9172977511419107,0.9908480780964003,33.4716244982701,0.66521424,active,review_with_caution
kplr004072526-2009166043257_llc.fits,131.53272455187835,1.000028990821211,0.0005316077011688319,101,0.0002,/Users/adarsh/Documents/MyCodeProjects/Exoplanet_Transit_Research/kepler_llc_downloads,464,medium_confidence,0.06130361340910895,63.0,0.44225878617784004,moderate,low_priority,below review threshold or weak supporting signals,0.0003942638153962587,0.00038781109536800695,0.0015436223882479005,1.4485182459713144,strong,362.21077711913136,90fcd581-cda7-44e8-aa50-55d5073b700c,2026-08-12T23:00:36.850610+00:00,https://archive.stsci.edu/pub/kepler/lightcurves/0040/004072526/kplr004072526-2009166043257_llc.fits,/Users/adarsh/Documents/MyCodeProjects/Exoplanet_Transit_Research/kepler_llc_downloads/kplr004072526-2009166043257_llc.fits,22.266133066533264,0.212,0.0010759325004570666,6.3669691004688754e-06,0.0005316077011688319,15.71404370553929,0.7864364439799478,0.9908480780964003,33.47171017086657,0.8572717,active,review_now
kplr010662202-2009166043257_llc.fits,131.55303101296158,1.0000282683042327,0.0005888100416750508,101,0.0002,/Users/adarsh/Documents/MyCodeProjects/Exoplanet_Transit_Research/kepler_llc_downloads,452,medium_confidence,0.061302849841013085,63.0,0.4620193991817058,moderate,low_priority,below review threshold or weak supporting signals,0.00037984877228335306,0.0003748847607326633,0.0017623568874175488,1.482475897678171,strong,409.87965914061095,90fcd581-cda7-44e8-aa50-55d5073b700c,2026-08-12T23:00:36.850610+00:00,https://archive.stsci.edu/pub/kepler/lightcurves/0106/010662202/kplr010662202-2009166043257_llc.fits,/Users/adarsh/Documents/MyCodeProjects/Exoplanet_Transit_Research/kepler_llc_downloads/kplr010662202-2009166043257_llc.fits,25.18809404702351,0.3,0.0008403372337426946,1.0592499996214861e-05,0.0005888100416750508,13.53604520134735,1.1650846252272276,0.9908480780964003,33.47128063907439,0.94223595,active,review_now
kplr009364290-2009166043257_llc.fits,131.5730247337633,1.000026253298245,0.0003780524408383905,101,0.0002,/Users/adarsh/Documents/MyCodeProjects/Exoplanet_Transit_Research/kepler_llc_downloads,426,medium_confidence,0.08173729979171185,63.0,0.4330050293234508,moderate,low_priority,below review threshold or weak supporting signals,0.0003364704349772168,0.00030585350038242476,0.0012829647866896554,1.5808716030786059,strong,199.914529197819,90fcd581-cda7-44e8-aa50-55d5073b700c,2026-08-12T23:00:36.850610+00:00,https://archive.stsci.edu/pub/kepler/lightcurves/0093/009364290/kplr009364290-2009166043257_llc.fits,/Users/adarsh/Documents/MyCodeProjects/Exoplanet_Transit_Research/kepler_llc_downloads/kplr009364290-2009166043257_llc.fits,16.422211105552776,0.068,0.0007562174305259087,1.7155944066936223e-06,0.00037805244083839056,16.69806734952433,0.6831260977924534,0.9908480780964003,33.47156939028355,0.8521922,active,review_now
kplr010709622-2009166043257_llc.fits,131.55354678301228,1.0000231299805356,0.00042152212209550744,101,0.0002,/Users/adarsh/Documents/MyCodeProjects/Exoplanet_Transit_Research/kepler_llc_downloads,452,medium_confidence,0.061302409441850614,63.0,0.4364910200712376,moderate,low_priority,below review threshold or weak supporting signals,0.00037752581131201955,0.0003691014452447683,0.0012276906652373132,1.5749474747138947,strong,53.20523411693736,90fcd581-cda7-44e8-aa50-55d5073b700c,2026-08-12T23:00:36.850610+00:00,https://archive.stsci.edu/pub/kepler/lightcurves/0107/010709622/kplr010709622-2009166043257_llc.fits,/Users/adarsh/Documents/MyCodeProjects/Exoplanet_Transit_Research/kepler_llc_downloads/kplr010709622-2009166043257_llc.fits,3.322911455727864,0.3,0.00020126267183989926,2.936733073019786e-06,0.00042152212209550744,18.61635239041609,0.7670020234578413,0.9908480780964003,33.4710188042518,0.94232476,active,review_now
kplr002571075-2009166043257_llc.fits,131.55357234071562,1.000039893489636,0.0006743259591337132,101,0.0002,/Users/adarsh/Documents/MyCodeProjects/Exoplanet_Transit_Research/kepler_llc_downloads,489,medium_confidence,0.06130338145158021,63.0,0.4361507815304063,moderate,low_priority,below review threshold or weak supporting signals,0.0005448410460682895,0.0005027797489366437,0.0020517964050600357,1.4510919997309202,strong,69.76557576140763,90fcd581-cda7-44e8-aa50-55d5073b700c,2026-08-12T23:00:36.850610+00:00,https://archive.stsci.edu/pub/kepler/lightcurves/0025/002571075/kplr002571075-2009166043257_llc.fits,/Users/adarsh/Documents/MyCodeProjects/Exoplanet_Transit_Research/kepler_llc_downloads/kplr002571075-2009166043257_llc.fits,4.338169084542271,0.04,0.0009163991386624724,5.878511669389249e-06,0.0006743259591337132,16.487785452569437,0.8327090924834967,0.9908480780964003,33.47160663038085,0.16966106,active,low_priority
kplr010271806-2009166043257_llc.fits,131.6143370638747,1.000049866734554,0.001007402438352869,101,0.0002,/Users/adarsh/Documents/MyCodeProjects/Exoplanet_Transit_Research/kepler_llc_downloads,478,medium_confidence,0.06130283296079142,63.0,0.4064205377979252,moderate,low_priority,below review threshold or weak supporting signals,0.0005636871607531651,0.0005518387408036673,0.003465068960811668,1.4381594379434333,strong,21.293967108256645,90fcd581-cda7-44e8-aa50-55d5073b700c,2026-08-12T23:00:36.850610+00:00,https://archive.stsci.edu/pub/kepler/lightcurves/0102/010271806/kplr010271806-2009166043257_llc.fits,/Users/adarsh/Documents/MyCodeProjects/Exoplanet_Transit_Research/kepler_llc_downloads/kplr010271806-2009166043257_llc.fits,1.3666833416708353,0.3,0.0005753471656193055,5.809477535307258e-05,0.001007402438352869,11.976312969902574,1.6004775113263057,0.9908480780964003,33.47131260218157,0.7010924,active,review_with_caution
kplr010910878-2009166043257_llc.fits,131.55322137063922,1.0000207219425479,0.000735622421121476,101,0.0002,/Users/adarsh/Documents/MyCodeProjects/Exoplanet_Transit_Research/kepler_llc_downloads,480,medium_confidence,0.06130257206677925,63.0,0.4321719139962414,moderate,low_priority,below review threshold or weak supporting signals,0.0005059674309895479,0.0004815871962846052,0.005328976324663448,1.539229010122682,strong,261.23268008025406,90fcd581-cda7-44e8-aa50-55d5073b700c,2026-08-12T23:00:36.850610+00:00,https://archive.stsci.edu/pub/kepler/lightcurves/0109/010910878/kplr010910878-2009166043257_llc.fits,/Users/adarsh/Documents/MyCodeProjects/Exoplanet_Transit_Research/kepler_llc_downloads/kplr010910878-2009166043257_llc.fits,16.07553776888444,0.128,0.00434039740349859,0.00012245382253193245,0.000735622421121476,14.343019638178651,1.0187602158309623,0.9908480780964003,33.47117237794737,0.78536856,active,review_now
kplr008025596-2009166043257_llc.fits,131.57367969119514,1.0000490995870173,0.0006532210784750654,101,0.0002,/Users/adarsh/Documents/MyCodeProjects/Exoplanet_Transit_Research/kepler_llc_downloads,479,medium_confidence,0.06130308587307809,63.0,0.4236328741419153,moderate,low_priority,below review threshold or weak supporting signals,0.00048166754439146097,0.0004839602502824114,0.0019056261795605822,1.554222186546781,strong,359.7903005924023,90fcd581-cda7-44e8-aa50-55d5073b700c,2026-08-12T23:00:36.850610+00:00,https://archive.stsci.edu/pub/kepler/lightcurves/0080/008025596/kplr008025596-2009166043257_llc.fits,/Users/adarsh/Documents/MyCodeProjects/Exoplanet_Transit_Research/kepler_llc_downloads/kplr008025596-2009166043257_llc.fits,22.117558779389693,0.156,0.0007425292644523804,4.135122814261447e-06,0.0006532210784750653,16.21501142576041,0.7864020169885579,0.9908480780964003,33.471423579743714,0.87521386,active,review_now
kplr011754553-2009166043257_llc.fits,131.53270744511246,1.000060250182833,0.000650947335095488,101,0.0002,/Users/adarsh/Documents/MyCodeProjects/Exoplanet_Transit_Research/kepler_llc_downloads,459,medium_confidence,0.061302552981942426,63.0,0.42799017740812695,moderate,low_priority,below review threshold or weak supporting signals,0.0004356478510768359,0.000441088933945899,0.0021218904295048358,1.5999267780566697,strong,127.52955075326683,90fcd581-cda7-44e8-aa50-55d5073b700c,2026-08-12T23:00:36.850610+00:00,https://archive.stsci.edu/pub/kepler/lightcurves/0117/011754553/kplr011754553-2009166043257_llc.fits,/Users/adarsh/Documents/MyCodeProjects/Exoplanet_Transit_Research/kepler_llc_downloads/kplr011754553-2009166043257_llc.fits,7.879189594797398,0.096,0.0012431144088510156,1.3908000901437089e-05,0.000650947335095488,14.517326744727326,1.1264403961200384,0.9908480780964003,33.47111288738961,0.9040461,active,review_now
kplr012061222-2009166043257_llc.fits,131.5937330332381,1.0000219632725236,0.00036183472102858455,101,0.0002,/Users/adarsh/Documents/MyCodeProjects/Exoplanet_Transit_Research/kepler_llc_downloads,413,medium_confidence,0.07151957643873175,63.0,0.47696145460035,moderate,low_priority,below review threshold or weak supporting signals,0.0002903437777621627,0.00028041285318580744,0.0013928118967487801,1.6531733559670556,strong,239.35160411201753,90fcd581-cda7-44e8-aa50-55d5073b700c,2026-08-12T23:00:36.850610+00:00,https://archive.stsci.edu/pub/kepler/lightcurves/0120/012061222/kplr012061222-2009166043257_llc.fits,/Users/adarsh/Documents/MyCodeProjects/Exoplanet_Transit_Research/kepler_llc_downloads/kplr012061222-2009166043257_llc.fits,17.18984492246123,0.128,0.0009248680216003417,5.559975572963045e-06,0.00036183472102858455,15.749352503230567,0.8008319980529488,0.9908480780964003,33.47120736342913,0.94164145,active,review_now
kplr005791986-2009166043257_llc.fits,131.5533119781976,1.00001113157429,0.0003791127051965708,101,0.0002,/Users/adarsh/Documents/MyCodeProjects/Exoplanet_Transit_Research/kepler_llc_downloads,453,medium_confidence,0.06130339868104784,63.0,0.4778661142326989,moderate,low_priority,below review threshold or weak supporting signals,0.00035099317452763856,0.00034332393022817875,0.0019889452226212745,1.3865066949808806,strong,247.4954690303937,90fcd581-cda7-44e8-aa50-55d5073b700c,2026-08-12T23:00:36.850610+00:00,https://archive.stsci.edu/pub/kepler/lightcurves/0057/005791986/kplr005791986-2009166043257_llc.fits,/Users/adarsh/Documents/MyCodeProjects/Exoplanet_Transit_Research/kepler_llc_downloads/kplr005791986-2009166043257_llc.fits,15.233616808404202,0.096,0.0008761395645451493,3.838102682806819e-06,0.00037911270519657076,19.274576180633865,0.7973689104874714,0.9908480780964003,33.47155870370625,0.8558463,active,review_now
kplr004270253-2009166043257_llc.fits,131.63502083982166,1.0000144185699043,0.0004370244703708417,101,0.0002,/Users/adarsh/Documents/MyCodeProjects/Exoplanet_Transit_Research/kepler_llc_downloads,413,medium_confidence,0.06130371084873332,63.0,0.49731681782374487,moderate,low_priority,below review threshold or weak supporting signals,0.0003319809716303275,0.0003186552951642829,0.0011975462237521217,1.5521565278702383,strong,91.57739197612837,90fcd581-cda7-44e8-aa50-55d5073b700c,2026-08-12T23:00:36.850610+00:00,https://archive.stsci.edu/pub/kepler/lightcurves/0042/004270253/kplr004270253-2009166043257_llc.fits,/Users/adarsh/Documents/MyCodeProjects/Exoplanet_Transit_Research/kepler_llc_downloads/kplr004270253-2009166043257_llc.fits,5.675337668834417,0.068,0.0004936033168040215,2.3146202264193467e-06,0.0004370244703708417,14.818027973475157,0.7713211054868099,0.9908480780964003,33.47165357229824,0.78476465,active,review_now
kplr010676824-2009166043257_llc.fits,131.5322753900764,1.0000202451554017,0.0003961153458135362,101,0.0002,/Users/adarsh/Documents/MyCodeProjects/Exoplanet_Transit_Research/kepler_llc_downloads,415,medium_confidence,0.08173701468695072,63.0,0.43693582675167225,moderate,low_priority,below review threshold or weak supporting signals,0.0003107464633097309,0.0003179635253298674,0.001248031864956034,1.6514070846628783,strong,78.12857952672496,90fcd581-cda7-44e8-aa50-55d5073b700c,2026-08-12T23:00:36.850610+00:00,https://archive.stsci.edu/pub/kepler/lightcurves/0106/010676824/kplr010676824-2009166043257_llc.fits,/Users/adarsh/Documents/MyCodeProjects/Exoplanet_Transit_Research/kepler_llc_downloads/kplr010676824-2009166043257_llc.fits,6.467733866933466,0.128,0.0004829139119253406,3.3814847718000163e-06,0.0003961153458135362,16.352331555315086,0.85511311393769,0.9908480780964003,33.47142236617219,0.89117414,active,review_now
kplr011768142-2009166043257_llc.fits,131.63444056188746,1.000073963532081,0.001014196827916074,101,0.0002,/Users/adarsh/Documents/MyCodeProjects/Exoplanet_Transit_Research/kepler_llc_downloads,493,medium_confidence,0.06130278794080368,63.0,0.416279980158797,moderate,low_priority,below review threshold or weak supporting signals,0.000626429057373292,0.0006114933228729136,0.002365329238345093,1.4253246753248732,strong,43.10650831368263,90fcd581-cda7-44e8-aa50-55d5073b700c,2026-08-12T23:00:36.850610+00:00,https://archive.stsci.edu/pub/kepler/lightcurves/0117/011768142/kplr011768142-2009166043257_llc.fits,/Users/adarsh/Documents/MyCodeProjects/Exoplanet_Transit_Research/kepler_llc_downloads/kplr011768142-2009166043257_llc.fits,2.703851925962981,0.212,0.0003979297398773918,9.738406789551656e-06,0.0010141968279160742,13.387298002499444,0.8103972276120062,0.9908480780964003,33.4713072427694,0.5767191,active,review_with_caution
kplr008564587-2009166043257_llc.fits,131.5938896487496,1.0000275072803861,0.0009403150284241722,101,0.0002,/Users/adarsh/Documents/MyCodeProjects/Exoplanet_Transit_Research/kepler_llc_downloads,412,medium_confidence,0.08173710106348153,63.0,0.45872497250038263,moderate,low_priority,below review threshold or weak supporting signals,0.0002968820712401704,0.0002801848955487074,0.0010183292799327281,1.6153016080739775,moderate,5.117173150191276,90fcd581-cda7-44e8-aa50-55d5073b700c,2026-08-12T23:00:36.850610+00:00,https://archive.stsci.edu/pub/kepler/lightcurves/0085/008564587/kplr008564587-2009166043257_llc.fits,/Users/adarsh/Documents/MyCodeProjects/Exoplanet_Transit_Research/kepler_llc_downloads/kplr008564587-2009166043257_llc.fits,0.5,0.3,8.273044338138322e-05,3.3263425633710036e-06,0.0009403150284241725,6.048113743041868,0.6917243941103904,0.9908480780964003,33.47147728865093,0.6129091,active,review_with_caution
kplr009607164-2009166043257_llc.fits,131.57307718299853,1.0000110988782462,0.00028631128203159695,101,0.0002,/Users/adarsh/Documents/MyCodeProjects/Exoplanet_Transit_Research/kepler_llc_downloads,410,medium_confidence,0.08173724437801866,63.0,0.4855227531827194,moderate,low_priority,below review threshold or weak supporting signals,0.0002826058398885752,0.0002715166037980943,0.0009239299642086474,1.5544641010825089,strong,170.52841690165243,90fcd581-cda7-44e8-aa50-55d5073b700c,2026-08-12T23:00:36.850610+00:00,https://archive.stsci.edu/pub/kepler/lightcurves/0096/009607164/kplr009607164-2009166043257_llc.fits,/Users/adarsh/Documents/MyCodeProjects/Exoplanet_Transit_Research/kepler_llc_downloads/kplr009607164-2009166043257_llc.fits,14.020260130065031,0.128,0.0006059512620736931,2.38665005805656e-06,0.00028631128203159695,19.202150068375623,0.698081654304146,0.9908480780964003,33.47153677105962,0.87766427,active,review_now
kplr010006581-2009166043257_llc.fits,131.59398976778903,1.0000244131629588,0.00032810232132379937,101,0.0002,/Users/adarsh/Documents/MyCodeProjects/Exoplanet_Transit_Research/kepler_llc_downloads,421,medium_confidence,0.0817366081646469,63.0,0.44901114007305487,moderate,low_priority,below review threshold or weak supporting signals,0.00029283339017879833,0.0002827329439065718,0.000992346427870494,1.63264914185973,strong,246.87400217639762,90fcd581-cda7-44e8-aa50-55d5073b700c,2026-08-12T23:00:36.850610+00:00,https://archive.stsci.edu/pub/kepler/lightcurves/0100/010006581/kplr010006581-2009166043257_llc.fits,/Users/adarsh/Documents/MyCodeProjects/Exoplanet_Transit_Research/kepler_llc_downloads/kplr010006581-2009166043257_llc.fits,20.260380190095045,0.184,0.0005472584381515911,2.6954261831530697e-06,0.00032810232132379937,17.681054389682757,0.7348314071325496,0.9908480780964003,33.471294147209846,0.94615656,active,review_now
kplr003218908-2009166043257_llc.fits,131.55382269745314,1.0000243645188642,0.00033491435623775773,101,0.0002,/Users/adarsh/Documents/MyCodeProjects/Exoplanet_Transit_Research/kepler_llc_downloads,413,medium_confidence,0.08173678040111554,63.0,0.47716569018564,moderate,low_priority,below review threshold or weak supporting signals,0.0002903256234424596,0.00028292873118662687,0.0010954402850474887,1.7162911939276455,strong,220.21363915474078,90fcd581-cda7-44e8-aa50-55d5073b700c,2026-08-12T23:00:36.850610+00:00,https://archive.stsci.edu/pub/kepler/lightcurves/0032/003218908/kplr003218908-2009166043257_llc.fits,/Users/adarsh/Documents/MyCodeProjects/Exoplanet_Transit_Research/kepler_llc_downloads/kplr003218908-2009166043257_llc.fits,18.08129064532266,0.156,0.0006500778972743714,1.690405090098673e-06,0.0003349143562377577,17.16794501336431,0.7783862825208268,0.9908480780964003,33.47146576923842,0.9169911,active,review_now
kplr008689031-2009166043257_llc.fits,131.55312490215147,1.0000158409425848,0.00037789690175658,101,0.0002,/Users/adarsh/Documents/MyCodeProjects/Exoplanet_Transit_Research/kepler_llc_downloads,444,medium_confidence,0.06130318523355527,63.0,0.4406761512129498,moderate,low_priority,below review threshold or weak supporting signals,0.0003336451958852595,0.0003057789649456577,0.00174731685663565,1.5571893672316648,strong,295.16043146411755,90fcd581-cda7-44e8-aa50-55d5073b700c,2026-08-12T23:00:36.850610+00:00,https://archive.stsci.edu/pub/kepler/lightcurves/0086/008689031/kplr008689031-2009166043257_llc.fits,/Users/adarsh/Documents/MyCodeProjects/Exoplanet_Transit_Research/kepler_llc_downloads/kplr008689031-2009166043257_llc.fits,18.155577788894448,0.096,0.0013847447752547018,4.793795231487987e-06,0.00037789690175658,17.05005404700728,0.8153110524917351,0.9908480780964003,33.47141782556719,0.9039357,active,review_now
kplr011823054-2009166043257_llc.fits,131.59345757881238,1.0000363474579794,0.0004912581805889564,101,0.0002,/Users/adarsh/Documents/MyCodeProjects/Exoplanet_Transit_Research/kepler_llc_downloads,425,medium_confidence,0.06130300641962094,63.0,0.4564284361817798,moderate,low_priority,below review threshold or weak supporting signals,0.00032671680243928934,0.00031438698300489953,0.0011361848888826742,1.6130497089519054,strong,69.36207447684174,90fcd581-cda7-44e8-aa50-55d5073b700c,2026-08-12T23:00:36.850610+00:00,https://archive.stsci.edu/pub/kepler/lightcurves/0118/011823054/kplr011823054-2009166043257_llc.fits,/Users/adarsh/Documents/MyCodeProjects/Exoplanet_Transit_Research/kepler_llc_downloads/kplr011823054-2009166043257_llc.fits,4.313406703351676,0.096,0.00047853479930592393,4.2364177517150766e-06,0.0004912581805889564,13.19317203730251,0.7737725116961542,0.9908480780964003,33.4713417559542,0.9390276,active,review_now
kplr008570333-2009166043257_llc.fits,131.5528681643409,1.0000379917684727,0.0005675381319799719,101,0.0002,/Users/adarsh/Documents/MyCodeProjects/Exoplanet_Transit_Research/kepler_llc_downloads,456,medium_confidence,0.061303307593334466,63.0,0.4387347960867936,moderate,low_priority,below review threshold or weak supporting signals,0.0004337780389836907,0.00042948805501585863,0.001948305261528449,1.5297477711806948,strong,158.63074963898458,90fcd581-cda7-44e8-aa50-55d5073b700c,2026-08-12T23:00:36.850610+00:00,https://archive.stsci.edu/pub/kepler/lightcurves/0085/008570333/kplr008570333-2009166043257_llc.fits,/Users/adarsh/Documents/MyCodeProjects/Exoplanet_Transit_Research/kepler_llc_downloads/kplr008570333-2009166043257_llc.fits,9.785892946473236,0.272,0.0005045012194211676,4.96316886775018e-06,0.0005675381319799719,16.159892396019224,0.8410889938139441,0.9908480780964003,33.4715275681956,0.79629594,active,review_now
kplr009761882-2009166043257_llc.fits,131.5941403730103,1.0000306565107677,0.0005698505017920844,101,0.0002,/Users/adarsh/Documents/MyCodeProjects/Exoplanet_Transit_Research/kepler_llc_downloads,457,medium_confidence,0.0613028533916804,63.0,0.42098391424980486,moderate,low_priority,below review threshold or weak supporting signals,0.0004423720642271964,0.0004476223050138284,0.0021201678848977723,1.554179037808126,strong,7.560162409370204,90fcd581-cda7-44e8-aa50-55d5073b700c,2026-08-12T23:00:36.850610+00:00,https://archive.stsci.edu/pub/kepler/lightcurves/0097/009761882/kplr009761882-2009166043257_llc.fits,/Users/adarsh/Documents/MyCodeProjects/Exoplanet_Transit_Research/kepler_llc_downloads/kplr009761882-2009166043257_llc.fits,0.5247623811905953,0.3,0.0001228988012523419,7.008309522057863e-06,0.0005698505017920844,16.792249727870555,0.8073397842907108,0.9908480780964003,33.47124700692075,0.27117318,active,low_priority
kplr012406807-2009166043257_llc.fits,131.53241287418496,1.0000770900337044,0.0008222198628870809,101,0.0002,/Users/adarsh/Documents/MyCodeProjects/Exoplanet_Transit_Research/kepler_llc_downloads,488,medium_confidence,0.06130259850033326,63.0,0.38535144650569614,moderate,low_priority,below review threshold or weak supporting signals,0.0005490704636794838,0.0005083984798506247,0.0017638448541075213,1.48786781511199,strong,10.791693148397746,90fcd581-cda7-44e8-aa50-55d5073b700c,2026-08-12T23:00:36.850610+00:00,https://archive.stsci.edu/pub/kepler/lightcurves/0124/012406807/kplr012406807-2009166043257_llc.fits,/Users/adarsh/Documents/MyCodeProjects/Exoplanet_Transit_Research/kepler_llc_downloads/kplr012406807-2009166043257_llc.fits,0.7228614307153577,0.3,0.0001402828994884764,6.582723136835033e-06,0.000822219862887081,13.65922912837864,0.8210404820915176,0.9908480780964003,33.47117554025317,0.799442,active,review_now
kplr009278725-2009166043257_llc.fits,131.63486584481143,1.0000728425293772,0.0008755621822873897,101,0.0002,/Users/adarsh/Documents/MyCodeProjects/Exoplanet_Transit_Research/kepler_llc_downloads,467,medium_confidence,0.061302997688471805,63.0,0.44383234451765574,moderate,low_priority,below review threshold or weak supporting signals,0.0004692561621495141,0.0004698369226396881,0.0017071182979504496,1.53140234865009,strong,274.9646243620164,90fcd581-cda7-44e8-aa50-55d5073b700c,2026-08-12T23:00:36.850610+00:00,https://archive.stsci.edu/pub/kepler/lightcurves/0092/009278725/kplr009278725-2009166043257_llc.fits,/Users/adarsh/Documents/MyCodeProjects/Exoplanet_Transit_Research/kepler_llc_downloads/kplr009278725-2009166043257_llc.fits,16.917458729364682,0.3,0.0008007174347267539,9.6172261541309e-06,0.0008755621822873897,11.596277206546644,1.0340063360304816,0.9908480780964003,33.47136890645197,0.9255436,active,review_now
kplr011618601-2009166043257_llc.fits,131.57307764598227,1.0000305778640222,0.0005238323661148291,101,0.0002,/Users/adarsh/Documents/MyCodeProjects/Exoplanet_Transit_Research/kepler_llc_downloads,472,medium_confidence,0.06130292213492794,63.0,0.39496962554552484,moderate,low_priority,below review threshold or weak supporting signals,0.00045523405288170135,0.00044970435776259254,0.0015884251284971063,1.476845177149869,strong,7.156218049434876,90fcd581-cda7-44e8-aa50-55d5073b700c,2026-08-12T23:00:36.850610+00:00,https://archive.stsci.edu/pub/kepler/lightcurves/0116/011618601/kplr011618601-2009166043257_llc.fits,/Users/adarsh/Documents/MyCodeProjects/Exoplanet_Transit_Research/kepler_llc_downloads/kplr011618601-2009166043257_llc.fits,0.5,0.3,8.448164751345771e-05,3.472222874945118e-06,0.0005238323661148291,18.651156516130065,0.7519073286646278,0.9908480780964003,33.47134494462807,0.61610115,active,review_with_caution
kplr007288444-2009166043257_llc.fits,131.63484989358403,1.000015598774761,0.0003659097848119802,101,0.0002,/Users/adarsh/Documents/MyCodeProjects/Exoplanet_Transit_Research/kepler_llc_downloads,430,medium_confidence,0.06130345217388822,63.0,0.4701627374018173,moderate,low_priority,below review threshold or weak supporting signals,0.00034917957192577234,0.00033604834267636496,0.001121271795435863,1.6101683758338368,strong,60.07114368287828,90fcd581-cda7-44e8-aa50-55d5073b700c,2026-08-12T23:00:36.850610+00:00,https://archive.stsci.edu/pub/kepler/lightcurves/0072/007288444/kplr007288444-2009166043257_llc.fits,/Users/adarsh/Documents/MyCodeProjects/Exoplanet_Transit_Research/kepler_llc_downloads/kplr007288444-2009166043257_llc.fits,3.743871935967984,0.272,0.00019338213255759896,2.2437989515514868e-06,0.0003659097848119802,19.04416618257995,0.7091138932336881,0.9908480780964003,33.47154342768772,0.86674196,active,review_now
kplr010187017-2009131105131_llc.fits,121.17300057145621,1.0000167202459895,9.526968422754074e-05,101,0.0002,/Users/adarsh/Documents/MyCodeProjects/Exoplanet_Transit_Research/kepler_llc_downloads,12,medium_confidence,0.5721588846572558,50.0,0.6221498761363898,unstable,low_priority,below review threshold or weak supporting signals,0.000158745616771927,0.00013614419429186508,0.0003948215002970157,4.682841891564749,weak,10.477202518020132,90fcd581-cda7-44e8-aa50-55d5073b700c,2026-08-12T23:00:36.850610+00:00,https://archive.stsci.edu/pub/kepler/lightcurves/0101/010187017/kplr010187017-2009131105131_llc.fits,/Users/adarsh/Documents/MyCodeProjects/Exoplanet_Transit_Research/kepler_llc_downloads/kplr010187017-2009131105131_llc.fits,6.566783391695847,0.128,0.0002871883582390177,2.4743145932406706e-07,9.526968422754074e-05,4.950339944569083,0.4788951142388264,0.9852941176470589,9.70626548150176,0.64497006,active,review_with_caution
kplr003347485-2009131105131_llc.fits,122.03084720209154,1.0024756889247668,0.009311846149276359,101,0.0002,/Users/adarsh/Documents/MyCodeProjects/Exoplanet_Transit_Research/kepler_llc_downloads,6,medium_confidence,1.7573755979756243,50.0,0.8079974109126223,unstable,low_priority,below review threshold or weak supporting signals,0.005269619119513606,0.008116386194607528,0.012554065180375829,44.064493285037514,weak,1.1303766481568691,90fcd581-cda7-44e8-aa50-55d5073b700c,2026-08-12T23:00:36.850610+00:00,https://archive.stsci.edu/pub/kepler/lightcurves/0033/003347485/kplr003347485-2009131105131_llc.fits,/Users/adarsh/Documents/MyCodeProjects/Exoplanet_Transit_Research/kepler_llc_downloads/kplr003347485-2009131105131_llc.fits,3.743871935967984,0.3,0.011855072575727602,0.003162211779954795,0.00931184614927636,2.1350228959381075,1.4259275104098534,0.9852941176470589,9.706438291956147,0.07552875,active,low_priority
kplr006147122-2009131105131_llc.fits,120.84516104677459,1.0000074879240692,6.2750956176695e-05,101,0.0002,/Users/adarsh/Documents/MyCodeProjects/Exoplanet_Transit_Research/kepler_llc_downloads,14,medium_confidence,0.6947753945423756,50.0,0.51124136055733,unstable,low_priority,below review threshold or weak supporting signals,0.00011381304239031577,0.00010936224682023266,0.0001693273986416166,4.256820115296659,moderate,4.673734298102461,90fcd581-cda7-44e8-aa50-55d5073b700c,2026-08-12T23:00:36.850610+00:00,https://archive.stsci.edu/pub/kepler/lightcurves/0061/006147122/kplr006147122-2009131105131_llc.fits,/Users/adarsh/Documents/MyCodeProjects/Exoplanet_Transit_Research/kepler_llc_downloads/kplr006147122-2009131105131_llc.fits,3.941970985492746,0.156,8.985954538864933e-05,5.65231652821831e-08,6.2750956176695e-05,6.520953361999754,0.23039144124193553,0.9852941176470589,9.706420769878605,0.7320463,active,review_with_caution
kplr008801343-2009131105131_llc.fits,120.86648175783921,0.9995583241979381,0.005363911032544314,101,0.0002,/Users/adarsh/Documents/MyCodeProjects/Exoplanet_Transit_Research/kepler_llc_downloads,11,medium_confidence,1.0932364888903976,50.0,0.5355155434468479,unstable,low_priority,below review threshold or weak supporting signals,0.008692774036650353,0.002526346873462204,0.022575809270192093,6.458722953346536,weak,1.4959048978716754,90fcd581-cda7-44e8-aa50-55d5073b700c,2026-08-12T23:00:36.850610+00:00,https://archive.stsci.edu/pub/kepler/lightcurves/0088/008801343/kplr008801343-2009131105131_llc.fits,/Users/adarsh/Documents/MyCodeProjects/Exoplanet_Transit_Research/kepler_llc_downloads/kplr008801343-2009131105131_llc.fits,2.7286143071535767,0.128,0.020043676702374256,0.004820987708991606,0.005363911032544314,1.5620961307382346,1.1427324971339463,0.9852941176470589,9.706304579936841,0.022963502,active,low_priority
kplr009274431-2009350155506_llc.fits,260.2654751851733,1.0000289883512004,0.000646689248928461,101,0.0002,/Users/adarsh/Documents/MyCodeProjects/Exoplanet_Transit_Research/kepler_llc_downloads,1220,medium_confidence,0.06129865970433457,40.0,1.0506816437941464,unstable,low_priority,below review threshold or weak supporting signals,0.0004908967687577457,0.0004729388622921049,0.002017801989664836,1.4536431738108604,strong,767.4148662938809,90fcd581-cda7-44e8-aa50-55d5073b700c,2026-08-12T23:00:36.850610+00:00,https://archive.stsci.edu/pub/kepler/lightcurves/0092/009274431/kplr009274431-2009350155506_llc.fits,/Users/adarsh/Documents/MyCodeProjects/Exoplanet_Transit_Research/kepler_llc_downloads/kplr009274431-2009350155506_llc.fits,47.10280140070035,0.156,0.0008944740187028155,6.0006282760077345e-06,0.000646689248928461,25.544021829646127,0.7737411384367804,0.9459954233409611,89.27116318236949,0.07495703,active,low_priority
kplr003118797-2010078095331_llc.fits,352.43759088198567,1.0000405658805631,0.0008759048289675382,101,0.0002,/Users/adarsh/Documents/MyCodeProjects/Exoplanet_Transit_Research/kepler_llc_downloads,1276,medium_confidence,0.06130085424956633,40.0,1.6623299779263252,unstable,low_priority,below review threshold or weak supporting signals,0.0007064324631487252,0.0006593669366612986,0.0038969098745749164,1.4879311153784442,strong,492.29850587064016,90fcd581-cda7-44e8-aa50-55d5073b700c,2026-08-12T23:00:36.850610+00:00,https://archive.stsci.edu/pub/kepler/lightcurves/0031/003118797/kplr003118797-2010078095331_llc.fits,/Users/adarsh/Documents/MyCodeProjects/Exoplanet_Transit_Research/kepler_llc_downloads/kplr003118797-2010078095331_llc.fits,30.23961980990495,0.244,0.0011044295781995049,2.1345882131033882e-05,0.0008759048289675382,26.890295985180945,0.8635741668848566,0.9342733682055947,89.82633553844062,0.46726152,active,review_with_caution
kplr009658118-2011271113734_llc.fits,906.9682336041442,0.987922263522429,0.061312086634882364,101,0.0002,/Users/adarsh/Documents/MyCodeProjects/Exoplanet_Transit_Research/kepler_llc_downloads,914,medium_confidence,0.08173527858889429,40.0,0.7428399189420754,unstable,low_priority,below review threshold or weak supporting signals,0.004255158223490682,0.00021481343383145113,0.4736305485119119,1.7304689044510724,weak,293.533612768743,90fcd581-cda7-44e8-aa50-55d5073b700c,2026-08-12T23:00:36.850610+00:00,https://archive.stsci.edu/pub/kepler/lightcurves/0096/009658118/kplr009658118-2011271113734_llc.fits,/Users/adarsh/Documents/MyCodeProjects/Exoplanet_Transit_Research/kepler_llc_downloads/kplr009658118-2011271113734_llc.fits,24.073786893446723,0.3,0.383320701953448,4.334575436109481,0.061312086634882364,0.10592255269938088,10.157777455389516,0.9711349223704352,93.42308189081814,0.015837183,active,low_priority
kplr009468551-2010078095331_llc.fits,352.4995572080661,1.0000183190852343,0.0004969787941413988,101,0.0002,/Users/adarsh/Documents/MyCodeProjects/Exoplanet_Transit_Research/kepler_llc_downloads,1176,medium_confidence,0.06130148848023964,40.0,1.609485816875601,unstable,low_priority,below review threshold or weak supporting signals,0.0004433157432348761,0.00042563844980919585,0.001812886832763816,1.4945052403410273,strong,289.1094657231396,90fcd581-cda7-44e8-aa50-55d5073b700c,2026-08-12T23:00:36.850610+00:00,https://archive.stsci.edu/pub/kepler/lightcurves/0094/009468551/kplr009468551-2010078095331_llc.fits,/Users/adarsh/Documents/MyCodeProjects/Exoplanet_Transit_Research/kepler_llc_downloads/kplr009468551-2010078095331_llc.fits,17.784142071035518,0.068,0.000636782302202584,3.041187752988173e-06,0.0004969787941413988,29.370183213555187,0.752669792419957,0.9342733682055947,89.82584743844927,0.5021083,active,review_with_caution
kplr011449696-2009259160929_llc.fits,169.7853642506525,1.0000251943481957,0.0005310353750387675,101,0.0002,/Users/adarsh/Documents/MyCodeProjects/Exoplanet_Transit_Research/kepler_llc_downloads,1145,medium_confidence,0.06130158586165635,40.0,1.1283874039510087,unstable,low_priority,below review threshold or weak supporting signals,0.00044727273527655256,0.00043484896007228713,0.0016579796538298552,1.54079413981313,strong,133.994675545957,90fcd581-cda7-44e8-aa50-55d5073b700c,2026-08-12T23:00:36.850610+00:00,https://archive.stsci.edu/pub/kepler/lightcurves/0114/011449696/kplr011449696-2009259160929_llc.fits,/Users/adarsh/Documents/MyCodeProjects/Exoplanet_Transit_Research/kepler_llc_downloads/kplr011449696-2009259160929_llc.fits,8.275387693846923,0.3,0.000236719404995416,4.566940251162778e-06,0.0005310353750387675,27.708800543398198,0.7863548953823222,0.9347726228755168,88.94745812780457,0.08845685,active,low_priority
kplr003544694-2011271113734_llc.fits,907.0303416587267,0.9967092842260097,0.016979536758796807,101,0.0002,/Users/adarsh/Documents/MyCodeProjects/Exoplanet_Transit_Research/kepler_llc_downloads,1252,medium_confidence,0.06130141886387719,40.0,0.6549922003810739,unstable,low_priority,below review threshold or weak supporting signals,0.003719699043836076,0.0005349218012244417,0.11885061087327298,1.364158079097649,weak,61.68894802033475,90fcd581-cda7-44e8-aa50-55d5073b700c,2026-08-12T23:00:36.850610+00:00,https://archive.stsci.edu/pub/kepler/lightcurves/0035/003544694/kplr003544694-2011271113734_llc.fits,/Users/adarsh/Documents/MyCodeProjects/Exoplanet_Transit_Research/kepler_llc_downloads/kplr003544694-2011271113734_llc.fits,3.842921460730365,0.128,0.06725495828863143,0.35507350903083595,0.016979536758796807,1.114722135686044,4.608291512939657,0.9711349223704352,93.4224042623755,0.016761906,active,low_priority
kplr007183745-2010078095331_llc.fits,352.478654801409,1.000023115051497,0.0006700596044957459,101,0.0002,/Users/adarsh/Documents/MyCodeProjects/Exoplanet_Transit_Research/kepler_llc_downloads,1199,medium_confidence,0.06130209878756432,40.0,1.6172122575117809,unstable,low_priority,below review threshold or weak supporting signals,0.0005842187728855875,0.0005520965330981786,0.001911728819822489,1.4721024071241118,strong,463.6087378520621,90fcd581-cda7-44e8-aa50-55d5073b700c,2026-08-12T23:00:36.850610+00:00,https://archive.stsci.edu/pub/kepler/lightcurves/0071/007183745/kplr007183745-2010078095331_llc.fits,/Users/adarsh/Documents/MyCodeProjects/Exoplanet_Transit_Research/kepler_llc_downloads/kplr007183745-2010078095331_llc.fits,28.481490745372685,0.184,0.0006864980002175368,8.48303107744819e-06,0.0006700596044957459,28.53061773011337,0.7688443790116172,0.9342733682055947,89.82672605945845,0.5441051,active,review_with_caution
kplr009845362-2010078095331_llc.fits,352.4588935895954,1.0000320051639566,0.0008495889199382116,101,0.0002,/Users/adarsh/Documents/MyCodeProjects/Exoplanet_Transit_Research/kepler_llc_downloads,1223,medium_confidence,0.061300711931835394,40.0,1.6452409088374398,unstable,low_priority,below review threshold or weak supporting signals,0.000635115793046726,0.000621917795969873,0.0032523187174012813,1.4060793186870342,strong,192.97320150043188,90fcd581-cda7-44e8-aa50-55d5073b700c,2026-08-12T23:00:36.850610+00:00,https://archive.stsci.edu/pub/kepler/lightcurves/0098/009845362/kplr009845362-2010078095331_llc.fits,/Users/adarsh/Documents/MyCodeProjects/Exoplanet_Transit_Research/kepler_llc_downloads/kplr009845362-2010078095331_llc.fits,11.890695347673836,0.156,0.0007576806505406425,1.5213119157397814e-05,0.0008495889199382116,25.5998471849541,0.9094578151884096,0.9342733682055947,89.8254531279963,0.06709852,active,low_priority
kplr005609593-2009259160929_llc.fits,169.8883372743585,1.0000204213872987,0.0006141931318859358,101,0.0002,/Users/adarsh/Documents/MyCodeProjects/Exoplanet_Transit_Research/kepler_llc_downloads,1200,medium_confidence,0.06130086076882435,40.0,1.1306178833974616,unstable,low_priority,below review threshold or weak supporting signals,0.0005053029468188667,0.0004917153429087051,0.0025790763792283844,1.4516524837106317,strong,758.9043604194928,90fcd581-cda7-44e8-aa50-55d5073b700c,2026-08-12T23:00:36.850610+00:00,https://archive.stsci.edu/pub/kepler/lightcurves/0056/005609593/kplr005609593-2009259160929_llc.fits,/Users/adarsh/Documents/MyCodeProjects/Exoplanet_Transit_Research/kepler_llc_downloads/kplr005609593-2009259160929_llc.fits,46.582791395697846,0.272,0.0013289308121617657,1.236239972459051e-05,0.0006141931318859358,27.733164458022568,0.8397257866787399,0.9347726228755168,88.94701954378979,0.08601802,active,low_priority
kplr008258160-2011271113734_llc.fits,906.9069225623971,0.9999725504233913,0.0013168208144032794,101,0.0002,/Users/adarsh/Documents/MyCodeProjects/Exoplanet_Transit_Research/kepler_llc_downloads,1356,medium_confidence,0.06130197579477681,40.0,0.6277349274055276,unstable,low_priority,below review threshold or weak supporting signals,0.000850671565262617,0.0007315816335782821,0.034397424792292575,1.3871428444908247,strong,599.7377858405188,90fcd581-cda7-44e8-aa50-55d5073b700c,2026-08-12T23:00:36.850610+00:00,https://archive.stsci.edu/pub/kepler/lightcurves/0082/008258160/kplr008258160-2011271113734_llc.fits,/Users/adarsh/Documents/MyCodeProjects/Exoplanet_Transit_Research/kepler_llc_downloads/kplr008258160-2011271113734_llc.fits,36.8264132066033,0.04,0.034377716201092735,0.0005909136856014369,0.0013168208144032794,20.458131041149038,1.6377164529319792,0.9711349223704352,93.42339059654478,0.018948909,active,low_priority
kplr002437149-2010265121752_llc.fits,539.5118855684268,0.9947793895848309,0.03629237555503274,101,0.0002,/Users/adarsh/Documents/MyCodeProjects/Exoplanet_Transit_Research/kepler_llc_downloads,1343,medium_confidence,0.06130012292851461,40.0,0.7057275905014334,unstable,low_priority,below review threshold or weak supporting signals,0.004322526271687202,0.001955480279220656,0.38225365989246496,1.33306731827642,weak,305.67800979409,90fcd581-cda7-44e8-aa50-55d5073b700c,2026-08-12T23:00:36.850610+00:00,https://archive.stsci.edu/pub/kepler/lightcurves/0024/002437149/kplr002437149-2010265121752_llc.fits,/Users/adarsh/Documents/MyCodeProjects/Exoplanet_Transit_Research/kepler_llc_downloads/kplr002437149-2010265121752_llc.fits,18.799399699849925,0.156,0.2830912904691796,1.602813574790108,0.03629237555503274,1.9745859864121682,6.337318549389877,0.9713506139154161,89.846151290345,0.022053758,active,low_priority
kplr005649206-2011271113734_llc.fits,907.1319955503859,0.9824983254682174,0.083647645373488,101,0.0002,/Users/adarsh/Documents/MyCodeProjects/Exoplanet_Transit_Research/kepler_llc_downloads,1336,medium_confidence,0.06130125425988808,40.0,0.6744705087720372,unstable,low_priority,below review threshold or weak supporting signals,0.01616205829296277,0.003099273566053218,0.5021786420141545,1.3400740693664375,weak,78.65483789343077,90fcd581-cda7-44e8-aa50-55d5073b700c,2026-08-12T23:00:36.850610+00:00,https://archive.stsci.edu/pub/kepler/lightcurves/0056/005649206/kplr005649206-2011271113734_llc.fits,/Users/adarsh/Documents/MyCodeProjects/Exoplanet_Transit_Research/kepler_llc_downloads/kplr005649206-2011271113734_llc.fits,4.882941470735368,0.184,0.2092928581890012,3.723297541558316,0.083647645373488,1.3542829811410269,4.688722649446811,0.9711349223704352,93.42327318680327,0.017989006,active,low_priority
kplr005818068-2010078095331_llc.fits,352.4789299062977,0.9999116519119385,0.0013455034090671775,101,0.0002,/Users/adarsh/Documents/MyCodeProjects/Exoplanet_Transit_Research/kepler_llc_downloads,1180,medium_confidence,0.06130147078511072,40.0,1.6155839130841223,unstable,low_priority,below review threshold or weak supporting signals,0.0007064302910802927,0.0005702137201278878,0.014014779564201829,1.4953115808360664,strong,229.3257894793741,90fcd581-cda7-44e8-aa50-55d5073b700c,2026-08-12T23:00:36.850610+00:00,https://archive.stsci.edu/pub/kepler/lightcurves/0058/005818068/kplr005818068-2010078095331_llc.fits,/Users/adarsh/Documents/MyCodeProjects/Exoplanet_Transit_Research/kepler_llc_downloads/kplr005818068-2010078095331_llc.fits,14.119309654827413,0.156,0.0077448826143290805,0.0014395969610336843,0.0013455034090671773,14.55773682774028,1.638375979175431,0.9342733682055947,89.8255237749836,0.06890452,active,low_priority
kplr005385566-2010078095331_llc.fits,352.51971894226153,1.0000358725414331,0.0006568197778724327,101,0.0002,/Users/adarsh/Documents/MyCodeProjects/Exoplanet_Transit_Research/kepler_llc_downloads,1203,medium_confidence,0.06130151572142495,40.0,1.6203792952947473,unstable,low_priority,below review threshold or weak supporting signals,0.0005240727500314968,0.0005057396549137394,0.0022146501378706995,1.506241352218126,strong,39.471927423819224,90fcd581-cda7-44e8-aa50-55d5073b700c,2026-08-12T23:00:36.850610+00:00,https://archive.stsci.edu/pub/kepler/lightcurves/0053/005385566/kplr005385566-2010078095331_llc.fits,/Users/adarsh/Documents/MyCodeProjects/Exoplanet_Transit_Research/kepler_llc_downloads/kplr005385566-2010078095331_llc.fits,2.4809904952476236,0.272,0.0001407123916089382,4.405494916388349e-06,0.0006568197778724327,26.706292418024237,0.7579617052936349,0.9342733682055947,89.82564157960587,0.08907749,active,low_priority
kplr007747457-2011271113734_llc.fits,906.8869456328102,1.0000090179398935,0.00021540397651327023,101,0.0002,/Users/adarsh/Documents/MyCodeProjects/Exoplanet_Transit_Research/kepler_llc_downloads,941,medium_confidence,0.08173594704567222,40.0,0.6312374896991433,unstable,low_priority,below review threshold or weak supporting signals,0.00021714137398552873,0.00020495287039079546,0.0008502094344371436,1.7795526951110787,strong,17.538448303140292,90fcd581-cda7-44e8-aa50-55d5073b700c,2026-08-12T23:00:36.850610+00:00,https://archive.stsci.edu/pub/kepler/lightcurves/0077/007747457/kplr007747457-2011271113734_llc.fits,/Users/adarsh/Documents/MyCodeProjects/Exoplanet_Transit_Research/kepler_llc_downloads/kplr007747457-2011271113734_llc.fits,1.515257628814407,0.3,0.00010021550321222683,4.388855275742892e-06,0.0002154039765132702,29.18737919090566,0.6394477014243218,0.9711349223704352,93.42243971153948,0.34643736,active,low_priority
kplr005084171-2009259160929_llc.fits,169.78625717782415,1.0000327470858135,0.000620767903579727,101,0.0002,/Users/adarsh/Documents/MyCodeProjects/Exoplanet_Transit_Research/kepler_llc_downloads,1182,medium_confidence,0.0613009010485257,40.0,1.1052514509837834,unstable,low_priority,below review threshold or weak supporting signals,0.0005354052245906181,0.0005142422327428231,0.001959122442743655,1.5220980700296565,strong,536.7324179097562,90fcd581-cda7-44e8-aa50-55d5073b700c,2026-08-12T23:00:36.850610+00:00,https://archive.stsci.edu/pub/kepler/lightcurves/0050/005084171/kplr005084171-2009259160929_llc.fits,/Users/adarsh/Documents/MyCodeProjects/Exoplanet_Transit_Research/kepler_llc_downloads/kplr005084171-2009259160929_llc.fits,32.963481740870435,0.244,0.0005387276198647235,5.22409407129198e-06,0.000620767903579727,28.48047479360393,0.7539554354462674,0.9347726228755168,88.94681285513798,0.42800382,active,review_with_caution
kplr002716853-2009259160929_llc.fits,169.82716024631372,1.0000373215738634,0.0009530647706875844,101,0.0002,/Users/adarsh/Documents/MyCodeProjects/Exoplanet_Transit_Research/kepler_llc_downloads,1284,medium_confidence,0.06130045378085924,40.0,1.1210490327524645,unstable,low_priority,below review threshold or weak supporting signals,0.000744031618627785,0.0007306384674768407,0.002761032692932819,1.401396050813787,strong,306.48425663557805,90fcd581-cda7-44e8-aa50-55d5073b700c,2026-08-12T23:00:36.850610+00:00,https://archive.stsci.edu/pub/kepler/lightcurves/0027/002716853/kplr002716853-2009259160929_llc.fits,/Users/adarsh/Documents/MyCodeProjects/Exoplanet_Transit_Research/kepler_llc_downloads/kplr002716853-2009259160929_llc.fits,18.848924462231114,0.128,0.0008533550794421067,1.165143826575431e-05,0.0009530647706875844,27.470251090730457,0.8232324763693262,0.9347726228755168,88.94725593487965,0.31111163,active,low_priority
kplr009285568-2010078095331_llc.fits,352.45868245824386,1.000023252512379,0.000464771873922053,101,0.0002,/Users/adarsh/Documents/MyCodeProjects/Exoplanet_Transit_Research/kepler_llc_downloads,1173,medium_confidence,0.061301400877709966,40.0,1.612386123193026,unstable,low_priority,below review threshold or weak supporting signals,0.0004045292675754626,0.00039861731913326537,0.0014878331466509076,1.5174563038071938,strong,327.0806900819848,90fcd581-cda7-44e8-aa50-55d5073b700c,2026-08-12T23:00:36.850610+00:00,https://archive.stsci.edu/pub/kepler/lightcurves/0092/009285568/kplr009285568-2010078095331_llc.fits,/Users/adarsh/Documents/MyCodeProjects/Exoplanet_Transit_Research/kepler_llc_downloads/kplr009285568-2010078095331_llc.fits,20.111805902951474,0.184,0.000415526479793049,3.021589469661055e-06,0.000464771873922053,29.374151577480934,0.7651499435565475,0.9342733682055947,89.82581865121028,0.5728981,active,review_with_caution
kplr009777556-2010265121752_llc.fits,539.4905371040732,1.000022256748797,0.0009167167760380066,101,0.0002,/Users/adarsh/Documents/MyCodeProjects/Exoplanet_Transit_Research/kepler_llc_downloads,1221,medium_confidence,0.06130165588547243,40.0,0.6681305023773251,unstable,low_priority,below review threshold or weak supporting signals,0.0006142130387002697,0.0005741815395510219,0.0032403921594720275,1.3949426879409828,strong,150.96013173372592,90fcd581-cda7-44e8-aa50-55d5073b700c,2026-08-12T23:00:36.850610+00:00,https://archive.stsci.edu/pub/kepler/lightcurves/0097/009777556/kplr009777556-2010265121752_llc.fits,/Users/adarsh/Documents/MyCodeProjects/Exoplanet_Transit_Research/kepler_llc_downloads/kplr009777556-2010265121752_llc.fits,9.315407703851925,0.244,0.0008788102579506975,3.861537347396858e-05,0.0009167167760380066,21.886276336638574,1.2454804200104157,0.9713506139154161,89.84695211274084,0.01320783,active,low_priority
kplr008030339-2009259160929_llc.fits,169.82663534033782,1.0000211503301195,0.0005961930257804238,101,0.0002,/Users/adarsh/Documents/MyCodeProjects/Exoplanet_Transit_Research/kepler_llc_downloads,1171,medium_confidence,0.061301555648242356,40.0,1.0915458980243098,unstable,low_priority,below review threshold or weak supporting signals,0.0004890935696655175,0.0004700135646529269,0.002047498801201031,1.5309384940173913,strong,62.90063943531367,90fcd581-cda7-44e8-aa50-55d5073b700c,2026-08-12T23:00:36.850610+00:00,https://archive.stsci.edu/pub/kepler/lightcurves/0080/008030339/kplr008030339-2009259160929_llc.fits,/Users/adarsh/Documents/MyCodeProjects/Exoplanet_Transit_Research/kepler_llc_downloads/kplr008030339-2009259160929_llc.fits,3.917208604302151,0.096,0.0004063381361292923,8.255534043651364e-06,0.0005961930257804238,26.977515334126817,0.859471262269097,0.9347726228755168,88.94752308406169,0.01668008,active,low_priority
kplr002708221-2011271113734_llc.fits,906.9078414927935,1.0000199392923919,0.0011293305371432273,101,0.0002,/Users/adarsh/Documents/MyCodeProjects/Exoplanet_Transit_Research/kepler_llc_downloads,1361,medium_confidence,0.06130094435502542,40.0,0.6286311297800901,unstable,low_priority,below review threshold or weak supporting signals,0.0009546892560989562,0.0008903267919814217,0.003936040982296052,1.3806115161760317,strong,29.777557613901042,90fcd581-cda7-44e8-aa50-55d5073b700c,2026-08-12T23:00:36.850610+00:00,https://archive.stsci.edu/pub/kepler/lightcurves/0027/002708221/kplr002708221-2011271113734_llc.fits,/Users/adarsh/Documents/MyCodeProjects/Exoplanet_Transit_Research/kepler_llc_downloads/kplr002708221-2011271113734_llc.fits,1.8866933466733367,0.244,0.0005718200422280217,9.433319936011989e-05,0.0011293305371432273,29.08422082795432,0.8620385640204792,0.9711349223704352,93.4222533478387,0.02868091,active,low_priority
kplr009230021-2010078095331_llc.fits,352.43832340793597,1.0000244995521528,0.00047219443177840204,101,0.0002,/Users/adarsh/Documents/MyCodeProjects/Exoplanet_Transit_Research/kepler_llc_downloads,1170,medium_confidence,0.061301610359805636,40.0,1.6191442367765219,unstable,low_priority,below review threshold or weak supporting signals,0.00041837866580462016,0.0003961818229161751,0.0014107752226737436,1.5246709818208046,strong,453.10991115936275,90fcd581-cda7-44e8-aa50-55d5073b700c,2026-08-12T23:00:36.850610+00:00,https://archive.stsci.edu/pub/kepler/lightcurves/0092/009230021/kplr009230021-2010078095331_llc.fits,/Users/adarsh/Documents/MyCodeProjects/Exoplanet_Transit_Research/kepler_llc_downloads/kplr009230021-2010078095331_llc.fits,27.837668834417208,0.04,0.0009498638253294925,2.7067238600087295e-06,0.00047219443177840204,28.698990159120893,0.7418068770868489,0.9342733682055947,89.82558905959013,0.6744934,active,review_with_caution
kplr003114667-2011271113734_llc.fits,906.948652346262,0.9695801826594082,0.08672072473152391,101,0.0002,/Users/adarsh/Documents/MyCodeProjects/Exoplanet_Transit_Research/kepler_llc_downloads,752,medium_confidence,0.1021693514630897,40.0,0.6419737201525271,unstable,low_priority,below review threshold or weak supporting signals,0.08176055865196703,0.005236040912921736,0.39816139588490296,0.89375779854862,weak,59.88039089956079,90fcd581-cda7-44e8-aa50-55d5073b700c,2026-08-12T23:00:36.850610+00:00,https://archive.stsci.edu/pub/kepler/lightcurves/0031/003114667/kplr003114667-2011271113734_llc.fits,/Users/adarsh/Documents/MyCodeProjects/Exoplanet_Transit_Research/kepler_llc_downloads/kplr003114667-2011271113734_llc.fits,6.220110055027513,0.04,0.28028852803152393,1.1784248841911757,0.08672072473152391,1.6557282279958263,1.6969491215662316,0.9711349223704352,93.42234210660536,0.013395843,active,low_priority
kplr007630658-2009259160929_llc.fits,170.0104084823106,0.988869168488802,0.033116802297570816,101,0.0002,/Users/adarsh/Documents/MyCodeProjects/Exoplanet_Transit_Research/kepler_llc_downloads,743,medium_confidence,0.1021665101761755,40.0,0.9824824322951159,unstable,low_priority,below review threshold or weak supporting signals,0.014492537708753727,0.00011440732001255505,0.15518129878223774,1.344004442989899,weak,30.55497751079359,90fcd581-cda7-44e8-aa50-55d5073b700c,2026-08-12T23:00:36.850610+00:00,https://archive.stsci.edu/pub/kepler/lightcurves/0076/007630658/kplr007630658-2009259160929_llc.fits,/Users/adarsh/Documents/MyCodeProjects/Exoplanet_Transit_Research/kepler_llc_downloads/kplr007630658-2009259160929_llc.fits,3.223861930965483,0.128,0.07700106462811482,0.4980497721245017,0.03311680229757082,0.09416723615009882,2.9067204368025785,0.9347726228755168,88.94802258192794,0.022204464,active,low_priority
kplr004073089-2013011073258_llc.fits,1373.590857307856,0.9986545074015657,0.01806491831910634,101,0.0002,/Users/adarsh/Documents/MyCodeProjects/Exoplanet_Transit_Research/kepler_llc_downloads,986,medium_confidence,0.08173037836968433,40.0,1.9578449310699861,unstable,low_priority,below review threshold or weak supporting signals,0.0005883196943328201,0.00023749040094267482,0.3245817848679017,1.6639450005466188,weak,553.202103028412,90fcd581-cda7-44e8-aa50-55d5073b700c,2026-08-12T23:00:36.850610+00:00,https://archive.stsci.edu/pub/kepler/lightcurves/0040/004073089/kplr004073089-2013011073258_llc.fits,/Users/adarsh/Documents/MyCodeProjects/Exoplanet_Transit_Research/kepler_llc_downloads/kplr004073089-2013011073258_llc.fits,45.29514757378689,0.3,0.282184311000393,0.5972098903107489,0.018064918319106338,0.4128083905007114,17.551412504509674,0.9133891213389121,97.64767798654066,0.03299825,active,low_priority
kplr009775253-2011271113734_llc.fits,907.050015220455,0.9974974941562543,0.021707334645289064,101,0.0002,/Users/adarsh/Documents/MyCodeProjects/Exoplanet_Transit_Research/kepler_llc_downloads,1225,medium_confidence,0.061302105481445324,40.0,0.6478269433113834,unstable,low_priority,below review threshold or weak supporting signals,0.0038352568782957968,0.0008109654588248638,0.22225851555550213,1.414356358512805,weak,142.47627426127443,90fcd581-cda7-44e8-aa50-55d5073b700c,2026-08-12T23:00:36.850610+00:00,https://archive.stsci.edu/pub/kepler/lightcurves/0097/009775253/kplr009775253-2011271113734_llc.fits,/Users/adarsh/Documents/MyCodeProjects/Exoplanet_Transit_Research/kepler_llc_downloads/kplr009775253-2011271113734_llc.fits,8.795397698849424,0.096,0.1380415781203223,0.5049701481836497,0.021707334645289064,1.3075668442339188,6.085410896195049,0.9711349223704352,93.42293989090103,0.013132031,active,low_priority
kplr007282008-2010078095331_llc.fits,352.519699453871,1.0000344759037414,0.0007229963865774139,101,0.0002,/Users/adarsh/Documents/MyCodeProjects/Exoplanet_Transit_Research/kepler_llc_downloads,1191,medium_confidence,0.0613016248025815,40.0,1.6141336715911283,unstable,low_priority,below review threshold or weak supporting signals,0.000563671408921006,0.000553798188128507,0.0024000188181422244,1.5491923122954177,strong,181.25595698527192,90fcd581-cda7-44e8-aa50-55d5073b700c,2026-08-12T23:00:36.850610+00:00,https://archive.stsci.edu/pub/kepler/lightcurves/0072/007282008/kplr007282008-2010078095331_llc.fits,/Users/adarsh/Documents/MyCodeProjects/Exoplanet_Transit_Research/kepler_llc_downloads/kplr007282008-2010078095331_llc.fits,11.172586293146573,0.128,0.0005477276916277068,6.3001181076921426e-06,0.0007229963865774139,26.4345112130796,0.78338962223245,0.9342733682055947,89.8261407839891,0.074482955,active,low_priority
kplr009100953-2010078095331_llc.fits,352.4587275656886,1.000017150272352,0.0006228240001561187,101,0.0002,/Users/adarsh/Documents/MyCodeProjects/Exoplanet_Transit_Research/kepler_llc_downloads,1198,medium_confidence,0.061301238885789644,40.0,1.6200609361708875,unstable,low_priority,below review threshold or weak supporting signals,0.0005582630494089464,0.0005560697221750344,0.0020009906280836764,1.489824735227785,strong,746.7812976240881,90fcd581-cda7-44e8-aa50-55d5073b700c,2026-08-12T23:00:36.850610+00:00,https://archive.stsci.edu/pub/kepler/lightcurves/0091/009100953/kplr009100953-2010078095331_llc.fits,/Users/adarsh/Documents/MyCodeProjects/Exoplanet_Transit_Research/kepler_llc_downloads/kplr009100953-2010078095331_llc.fits,45.83991995997999,0.096,0.0010903866376291253,5.3502435878406724e-06,0.0006228240001561187,30.90240770761059,0.7657744035421805,0.9342733682055947,89.82562608327135,0.20665786,active,low_priority
kplr008668810-2009259160929_llc.fits,169.78597083175555,1.000050806433586,0.0009238069617406786,101,0.0002,/Users/adarsh/Documents/MyCodeProjects/Exoplanet_Transit_Research/kepler_llc_downloads,1231,medium_confidence,0.06130058916824055,40.0,1.1081287209257844,unstable,low_priority,below review threshold or weak supporting signals,0.000656771020803446,0.0006212967546335157,0.0030340651199368684,1.4988311768504445,strong,757.2919267441299,90fcd581-cda7-44e8-aa50-55d5073b700c,2026-08-12T23:00:36.850610+00:00,https://archive.stsci.edu/pub/kepler/lightcurves/0086/008668810/kplr008668810-2009259160929_llc.fits,/Users/adarsh/Documents/MyCodeProjects/Exoplanet_Transit_Research/kepler_llc_downloads/kplr008668810-2009259160929_llc.fits,46.48374187093547,0.244,0.0013635189960947381,1.5803064448045222e-05,0.0009238069617406787,23.596461460799855,0.8388899704651863,0.9347726228755168,88.94661139283562,0.14712942,active,low_priority
kplr005351250-2009166043257_llc.fits,131.61489764672297,0.9999994574380319,0.0003656670288980754,101,0.0002,/Users/adarsh/Documents/MyCodeProjects/Exoplanet_Transit_Research/kepler_llc_downloads,408,medium_confidence,0.061303431684791576,40.0,0.5088055066518129,unstable,low_priority,below review threshold or weak supporting signals,0.0003095822366273536,0.0002778561091873466,0.0017194346458353493,1.5572614372708244,strong,119.44908038675644,90fcd581-cda7-44e8-aa50-55d5073b700c,2026-08-12T23:00:36.850610+00:00,https://archive.stsci.edu/pub/kepler/lightcurves/0053/005351250/kplr005351250-2009166043257_llc.fits,/Users/adarsh/Documents/MyCodeProjects/Exoplanet_Transit_Research/kepler_llc_downloads/kplr005351250-2009166043257_llc.fits,7.383941970985492,0.128,0.0010958980227331438,1.3811413476649763e-05,0.0003656670288980754,15.348439564530011,0.9373031709336559,0.9908480780964003,33.47145730351622,0.39374232,active,low_priority
kplr009094763-2010078095331_llc.fits,352.4995338190638,1.0000341914440471,0.000653210672696228,101,0.0002,/Users/adarsh/Documents/MyCodeProjects/Exoplanet_Transit_Research/kepler_llc_downloads,1194,medium_confidence,0.06130156554718269,40.0,1.6230560097880653,unstable,low_priority,below review threshold or weak supporting signals,0.000544674175970344,0.0005487314636116181,0.001954532281710608,1.5117430919245294,strong,89.56091330340548,90fcd581-cda7-44e8-aa50-55d5073b700c,2026-08-12T23:00:36.850610+00:00,https://archive.stsci.edu/pub/kepler/lightcurves/0090/009094763/kplr009094763-2010078095331_llc.fits,/Users/adarsh/Documents/MyCodeProjects/Exoplanet_Transit_Research/kepler_llc_downloads/kplr009094763-2010078095331_llc.fits,5.5515257628814405,0.156,0.0003050801186485682,5.212137212498969e-06,0.000653210672696228,29.027441217159264,0.7807352713055336,0.9342733682055947,89.8258070583397,0.17416508,active,low_priority
kplr002437505-2010265121752_llc.fits,539.5323181224376,0.9987598360492301,0.04896539093940439,101,0.0002,/Users/adarsh/Documents/MyCodeProjects/Exoplanet_Transit_Research/kepler_llc_downloads,1415,medium_confidence,0.06129971710470272,40.0,0.666494308771117,unstable,low_priority,below review threshold or weak supporting signals,0.027799014147750573,0.02451884134667026,0.5393671588703006,1.3274174721705094,strong,349.30727518295214,90fcd581-cda7-44e8-aa50-55d5073b700c,2026-08-12T23:00:36.850610+00:00,https://archive.stsci.edu/pub/kepler/lightcurves/0024/002437505/kplr002437505-2010265121752_llc.fits,/Users/adarsh/Documents/MyCodeProjects/Exoplanet_Transit_Research/kepler_llc_downloads/kplr002437505-2010265121752_llc.fits,21.473736868434216,0.156,0.43403269303389724,2.637381300711602,0.04896539093940439,18.83601107578748,1.4682722766286722,0.9713506139154161,89.84615418373141,0.018994628,active,low_priority
kplr012505076-2009259160929_llc.fits,169.82604533794074,1.0000338122417105,0.0008893273186338769,101,0.0002,/Users/adarsh/Documents/MyCodeProjects/Exoplanet_Transit_Research/kepler_llc_downloads,1246,medium_confidence,0.06130101840244606,40.0,1.109779182790363,unstable,low_priority,below review threshold or weak supporting signals,0.0007293161790994691,0.0007040795032321467,0.004168440704590881,1.4332539361010959,strong,193.78012635396254,90fcd581-cda7-44e8-aa50-55d5073b700c,2026-08-12T23:00:36.850610+00:00,https://archive.stsci.edu/pub/kepler/lightcurves/0125/012505076/kplr012505076-2009259160929_llc.fits,/Users/adarsh/Documents/MyCodeProjects/Exoplanet_Transit_Research/kepler_llc_downloads/kplr012505076-2009259160929_llc.fits,11.940220110055026,0.3,0.0005934525744497961,1.8137576843236175e-05,0.0008893273186338769,27.945963623708916,0.8549957894173427,0.9347726228755168,88.94752149033593,0.052785106,active,low_priority
kplr007451315-2010078095331_llc.fits,352.4584854666391,1.000022168041749,0.000552802162944401,101,0.0002,/Users/adarsh/Documents/MyCodeProjects/Exoplanet_Transit_Research/kepler_llc_downloads,1165,medium_confidence,0.06130189436225919,40.0,1.603990293814687,unstable,low_priority,below review threshold or weak supporting signals,0.000466466381549563,0.0004545560995224962,0.002030340554022403,1.5322980195975333,strong,468.45758559424775,90fcd581-cda7-44e8-aa50-55d5073b700c,2026-08-12T23:00:36.850610+00:00,https://archive.stsci.edu/pub/kepler/lightcurves/0074/007451315/kplr007451315-2010078095331_llc.fits,/Users/adarsh/Documents/MyCodeProjects/Exoplanet_Transit_Research/kepler_llc_downloads/kplr007451315-2010078095331_llc.fits,28.778639319659828,0.096,0.000910241798924477,5.799780927564877e-06,0.000552802162944401,28.066012792804035,0.8250393945411774,0.9342733682055947,89.82593768709921,0.07774923,active,low_priority
kplr009837544-2010078095331_llc.fits,352.5405137392445,0.9990575264653537,0.014496761580419957,101,0.0002,/Users/adarsh/Documents/MyCodeProjects/Exoplanet_Transit_Research/kepler_llc_downloads,1108,medium_confidence,0.0613018440126325,40.0,1.5594898461739695,unstable,low_priority,below review threshold or weak supporting signals,0.0008943480740252481,0.000359962915783163,0.323870944348305,1.5313064629032453,weak,735.0596019942639,90fcd581-cda7-44e8-aa50-55d5073b700c,2026-08-12T23:00:36.850610+00:00,https://archive.stsci.edu/pub/kepler/lightcurves/0098/009837544/kplr009837544-2010078095331_llc.fits,/Users/adarsh/Documents/MyCodeProjects/Exoplanet_Transit_Research/kepler_llc_downloads/kplr009837544-2010078095331_llc.fits,45.121810905452726,0.128,0.14917575359161814,0.133520432757763,0.014496761580419957,0.8265262381730288,13.906423171599638,0.9342733682055947,89.82570955247502,0.038073268,active,low_priority
kplr008892303-2010265121752_llc.fits,539.5111051717977,1.000033879085887,0.0015494486003522897,101,0.0002,/Users/adarsh/Documents/MyCodeProjects/Exoplanet_Transit_Research/kepler_llc_downloads,1332,medium_confidence,0.061301126894250046,40.0,0.6562057889605332,unstable,low_priority,below review threshold or weak supporting signals,0.0011994887025060324,0.0010961364308480492,0.009731908720948201,1.4077259223565761,strong,87.54182837930138,90fcd581-cda7-44e8-aa50-55d5073b700c,2026-08-12T23:00:36.850610+00:00,https://archive.stsci.edu/pub/kepler/lightcurves/0088/008892303/kplr008892303-2010265121752_llc.fits,/Users/adarsh/Documents/MyCodeProjects/Exoplanet_Transit_Research/kepler_llc_downloads/kplr008892303-2010265121752_llc.fits,5.427713856928464,0.068,0.004208063661796097,0.0005135261936701344,0.0015494486003522897,25.819007903100665,1.0110751517314118,0.9713506139154161,89.84686224593315,0.019981548,active,low_priority
kplr006364215-2009259160929_llc.fits,169.90856684137543,1.0000322807009052,0.0005816856935893153,101,0.0002,/Users/adarsh/Documents/MyCodeProjects/Exoplanet_Transit_Research/kepler_llc_downloads,1168,medium_confidence,0.06130158510495676,40.0,1.1058743409581666,unstable,low_priority,below review threshold or weak supporting signals,0.00044487398855781675,0.0004392792353993813,0.0016406778234383523,1.5688406146903162,strong,10.387944509583571,90fcd581-cda7-44e8-aa50-55d5073b700c,2026-08-12T23:00:36.850610+00:00,https://archive.stsci.edu/pub/kepler/lightcurves/0063/006364215/kplr006364215-2009259160929_llc.fits,/Users/adarsh/Documents/MyCodeProjects/Exoplanet_Transit_Research/kepler_llc_downloads/kplr006364215-2009259160929_llc.fits,0.6980990495247623,0.3,6.938883138754165e-05,4.224995705965922e-06,0.0005816856935893153,25.80915070703039,0.7252152946449019,0.9347726228755168,88.94738284061896,0.05567167,active,low_priority
kplr004180401-2010078095331_llc.fits,352.4787263539911,1.0000474090943636,0.0007745454220904289,101,0.0002,/Users/adarsh/Documents/MyCodeProjects/Exoplanet_Transit_Research/kepler_llc_downloads,946,medium_confidence,0.08173323305527447,40.0,1.5084111393980923,unstable,low_priority,below review threshold or weak supporting signals,0.00027752980270058064,0.00027893713535370734,0.002615439021084409,1.536547931539971,strong,114.7911125893577,90fcd581-cda7-44e8-aa50-55d5073b700c,2026-08-12T23:00:36.850610+00:00,https://archive.stsci.edu/pub/kepler/lightcurves/0041/004180401/kplr004180401-2010078095331_llc.fits,/Users/adarsh/Documents/MyCodeProjects/Exoplanet_Transit_Research/kepler_llc_downloads/kplr004180401-2010078095331_llc.fits,9.463981990995498,0.3,0.0010188837537223202,7.422587340734891e-05,0.000774545422090429,11.076562777152272,2.47013924860821,0.9342733682055947,89.82580399574363,0.06842381,active,low_priority
kplr008043882-2010078095331_llc.fits,352.4382075361573,1.0000020431524896,0.0004373992204077297,101,0.0002,/Users/adarsh/Documents/MyCodeProjects/Exoplanet_Transit_Research/kepler_llc_downloads,1074,medium_confidence,0.08173165399784921,40.0,1.5490135871403197,unstable,low_priority,below review threshold or weak supporting signals,0.00038214165106954676,0.0003457256596838265,0.002202934071876106,1.5893705457975784,strong,394.43626305134427,90fcd581-cda7-44e8-aa50-55d5073b700c,2026-08-12T23:00:36.850610+00:00,https://archive.stsci.edu/pub/kepler/lightcurves/0080/008043882/kplr008043882-2010078095331_llc.fits,/Users/adarsh/Documents/MyCodeProjects/Exoplanet_Transit_Research/kepler_llc_downloads/kplr008043882-2010078095331_llc.fits,32.319659829914954,0.3,0.0010520590802970636,1.60490104723148e-05,0.0004373992204077297,25.90333904602888,0.7947117208067621,0.9342733682055947,89.82560731880949,0.04064305,active,low_priority
kplr010920086-2009131105131_llc.fits,120.57969690583559,1.0001802514882334,0.0007415105294418635,101,0.0002,/Users/adarsh/Documents/MyCodeProjects/Exoplanet_Transit_Research/kepler_llc_downloads,19,medium_confidence,0.31673206806954113,40.0,0.8464686853852871,unstable,low_priority,below review threshold or weak supporting signals,0.0003646264100969471,0.00045292143292985365,0.0011022160401229497,2.136753472939972,weak,4.096759426400594,90fcd581-cda7-44e8-aa50-55d5073b700c,2026-08-12T23:00:36.850610+00:00,https://archive.stsci.edu/pub/kepler/lightcurves/0109/010920086/kplr010920086-2009131105131_llc.fits,/Users/adarsh/Documents/MyCodeProjects/Exoplanet_Transit_Research/kepler_llc_downloads/kplr010920086-2009131105131_llc.fits,1.6143071535767883,0.3,0.0010075521607023688,4.517468036585254e-05,0.0007415105294418635,2.662455456958758,1.822765014113548,0.9852941176470589,9.706303264269081,0.050210454,active,low_priority
kplr004384793-2010078095331_llc.fits,352.49915961697116,1.000035268222303,0.000759441915328932,101,0.0002,/Users/adarsh/Documents/MyCodeProjects/Exoplanet_Transit_Research/kepler_llc_downloads,1220,medium_confidence,0.06130112573009683,40.0,1.6636390468142217,unstable,low_priority,below review threshold or weak supporting signals,0.0005009053606938352,0.0005016159207368309,0.0026008993874794273,1.4339627857282267,strong,196.6074115135187,90fcd581-cda7-44e8-aa50-55d5073b700c,2026-08-12T23:00:36.850610+00:00,https://archive.stsci.edu/pub/kepler/lightcurves/0043/004384793/kplr004384793-2010078095331_llc.fits,/Users/adarsh/Documents/MyCodeProjects/Exoplanet_Transit_Research/kepler_llc_downloads/kplr004384793-2010078095331_llc.fits,12.113556778389194,0.3,0.000581254815677611,1.9933572484156398e-05,0.000759441915328932,23.070481794311036,1.0096977467206836,0.9342733682055947,89.82583353985683,0.041802198,active,low_priority
kplr010491554-2011073133259_llc.fits,735.4660333606371,0.9948783486421514,0.03174118522442458,101,0.0002,/Users/adarsh/Documents/MyCodeProjects/Exoplanet_Transit_Research/kepler_llc_downloads,832,medium_confidence,0.06130101291637402,40.0,1.2580563293289462,unstable,low_priority,below review threshold or weak supporting signals,0.0025503804071747797,0.0005692893574599789,0.30780228690804967,1.4405712969858087,weak,370.3051319624347,90fcd581-cda7-44e8-aa50-55d5073b700c,2026-08-12T23:00:36.850610+00:00,https://archive.stsci.edu/pub/kepler/lightcurves/0104/010491554/kplr010491554-2011073133259_llc.fits,/Users/adarsh/Documents/MyCodeProjects/Exoplanet_Transit_Research/kepler_llc_downloads/kplr010491554-2011073133259_llc.fits,22.76138069034517,0.212,0.22695179473667992,0.7726067570130015,0.03174118522442458,0.5173346752832509,8.969086348617827,0.9472400121988411,66.98068596509256,0.049557503,active,low_priority
kplr003763724-2010078095331_llc.fits,352.4377929692055,1.0000240251600323,0.0005133902486256916,101,0.0002,/Users/adarsh/Documents/MyCodeProjects/Exoplanet_Transit_Research/kepler_llc_downloads,1179,medium_confidence,0.06130184866924537,40.0,1.603685683242594,unstable,low_priority,below review threshold or weak supporting signals,0.0004121627309387369,0.00041030914772233196,0.0014797835726753084,1.5628378725159564,strong,632.4583201978262,90fcd581-cda7-44e8-aa50-55d5073b700c,2026-08-12T23:00:36.850610+00:00,https://archive.stsci.edu/pub/kepler/lightcurves/0037/003763724/kplr003763724-2010078095331_llc.fits,/Users/adarsh/Documents/MyCodeProjects/Exoplanet_Transit_Research/kepler_llc_downloads/kplr003763724-2010078095331_llc.fits,38.83216608304152,0.272,0.000499270532873489,3.365159377442999e-06,0.0005133902486256916,27.442298670308734,0.7807720068799198,0.9342733682055947,89.82592465510243,0.1298666,active,low_priority
kplr004574319-2010078095331_llc.fits,352.45826498870883,1.000020658310604,0.0007071591657531747,101,0.0002,/Users/adarsh/Documents/MyCodeProjects/Exoplanet_Transit_Research/kepler_llc_downloads,1198,medium_confidence,0.061301379049837124,40.0,1.6141912461779675,unstable,low_priority,below review threshold or weak supporting signals,0.0005346941451398601,0.0005206470886413572,0.0020773149181719797,1.469371315587182,strong,288.7060386750322,90fcd581-cda7-44e8-aa50-55d5073b700c,2026-08-12T23:00:36.850610+00:00,https://archive.stsci.edu/pub/kepler/lightcurves/0045/004574319/kplr004574319-2010078095331_llc.fits,/Users/adarsh/Documents/MyCodeProjects/Exoplanet_Transit_Research/kepler_llc_downloads/kplr004574319-2010078095331_llc.fits,17.75937968984492,0.272,0.0006247735433930447,1.0344062483883367e-05,0.0007071591657531747,25.483241998462006,0.867117191742573,0.9342733682055947,89.82595216008485,0.05592747,active,low_priority
kplr004544623-2010078095331_llc.fits,352.4579548114925,1.0014622082073257,0.006624719596109541,101,0.0002,/Users/adarsh/Documents/MyCodeProjects/Exoplanet_Transit_Research/kepler_llc_downloads,985,medium_confidence,0.06130311023298418,40.0,1.5506579170604358,unstable,low_priority,below review threshold or weak supporting signals,-0.00033222327591489155,0.0009060053145891755,0.01989487626843922,1.3114839565805596,weak,56.43608263709505,90fcd581-cda7-44e8-aa50-55d5073b700c,2026-08-12T23:00:36.850610+00:00,https://archive.stsci.edu/pub/kepler/lightcurves/0045/004544623/kplr004544623-2010078095331_llc.fits,/Users/adarsh/Documents/MyCodeProjects/Exoplanet_Transit_Research/kepler_llc_downloads/kplr004544623-2010078095331_llc.fits,3.5210105052526264,0.3,0.008361404727808374,0.012479486390465597,0.006624719596109541,4.292213931456053,,0.9342733682055947,89.82689170973026,0.043550964,active,low_priority
kplr008935352-2012277125453_llc.fits,1274.2012133433018,0.9792968110389858,0.08137421289142834,101,0.0002,/Users/adarsh/Documents/MyCodeProjects/Exoplanet_Transit_Research/kepler_llc_downloads,438,medium_confidence,0.12260007193253841,40.0,1.8776340188808098,unstable,low_priority,below review threshold or weak supporting signals,0.011603250624396384,0.0002505732201772415,0.5050072920232673,1.5310764334074207,weak,87.90859465439743,90fcd581-cda7-44e8-aa50-55d5073b700c,2026-08-12T23:00:36.850610+00:00,https://archive.stsci.edu/pub/kepler/lightcurves/0089/008935352/kplr008935352-2012277125453_llc.fits,/Users/adarsh/Documents/MyCodeProjects/Exoplanet_Transit_Research/kepler_llc_downloads/kplr008935352-2012277125453_llc.fits,10.900200100050025,0.3,0.4244916913344195,10.631398564705409,0.08137421289142834,0.06444435905836159,6.088466528933713,0.8974143367668699,97.18189750588499,0.015358779,active,low_priority
kplr008108450-2010078095331_llc.fits,352.4586001875359,1.0000360710023333,0.0007398463561098658,101,0.0002,/Users/adarsh/Documents/MyCodeProjects/Exoplanet_Transit_Research/kepler_llc_downloads,1208,medium_confidence,0.061301138885028195,40.0,1.6448130671186982,unstable,low_priority,below review threshold or weak supporting signals,0.0006051339894800212,0.0005978762621889899,0.002819685812933126,1.5295299294331812,strong,263.2585434704517,90fcd581-cda7-44e8-aa50-55d5073b700c,2026-08-12T23:00:36.850610+00:00,https://archive.stsci.edu/pub/kepler/lightcurves/0081/008108450/kplr008108450-2010078095331_llc.fits,/Users/adarsh/Documents/MyCodeProjects/Exoplanet_Transit_Research/kepler_llc_downloads/kplr008108450-2010078095331_llc.fits,16.199349674837418,0.3,0.0005711937044098577,1.0114129686681133e-05,0.0007398463561098658,28.0868631820611,0.8445157580528395,0.9342733682055947,89.82572560900007,0.10904278,active,low_priority
kplr010711913-2009259160929_llc.fits,169.90824218349007,0.9988975318576382,0.011167354001129063,101,0.0002,/Users/adarsh/Documents/MyCodeProjects/Exoplanet_Transit_Research/kepler_llc_downloads,1148,medium_confidence,0.061300982772081625,40.0,1.1411717626294495,unstable,low_priority,below review threshold or weak supporting signals,0.0010793291614845208,0.00045917228663167053,0.1443855882155194,1.4861803787965755,weak,315.7723966484038,90fcd581-cda7-44e8-aa50-55d5073b700c,2026-08-12T23:00:36.850610+00:00,https://archive.stsci.edu/pub/kepler/lightcurves/0107/010711913/kplr010711913-2009259160929_llc.fits,/Users/adarsh/Documents/MyCodeProjects/Exoplanet_Transit_Research/kepler_llc_downloads/kplr010711913-2009259160929_llc.fits,19.418459229614808,0.156,0.10851646570707518,0.22374064326154164,0.011167354001129061,1.3931450269613035,8.586474957158226,0.9347726228755168,88.94687319541117,0.048729718,active,low_priority
kplr005022900-2010078095331_llc.fits,352.43787345864257,1.00002053186791,0.0006488378006005202,101,0.0002,/Users/adarsh/Documents/MyCodeProjects/Exoplanet_Transit_Research/kepler_llc_downloads,1193,medium_confidence,0.06130165733702597,40.0,1.6052705237866263,unstable,low_priority,below review threshold or weak supporting signals,0.0005702386610684844,0.0005497032085216569,0.0022319118380559333,1.5277020016554843,strong,449.47407530730186,90fcd581-cda7-44e8-aa50-55d5073b700c,2026-08-12T23:00:36.850610+00:00,https://archive.stsci.edu/pub/kepler/lightcurves/0050/005022900/kplr005022900-2010078095331_llc.fits,/Users/adarsh/Documents/MyCodeProjects/Exoplanet_Transit_Research/kepler_llc_downloads/kplr005022900-2010078095331_llc.fits,27.61480740370185,0.3,0.0006350574621213446,8.065959603920061e-06,0.0006488378006005202,29.26256222693959,0.8082017736928523,0.9342733682055947,89.82592899005977,0.075826496,active,low_priority
kplr002437783-2010265121752_llc.fits,539.5118844953104,0.9988447300369144,0.010005533216597189,101,0.0002,/Users/adarsh/Documents/MyCodeProjects/Exoplanet_Transit_Research/kepler_llc_downloads,1374,medium_confidence,0.06130001442943467,40.0,0.6452183052015612,unstable,low_priority,below review threshold or weak supporting signals,0.0038495176619613787,0.0028929759398664823,0.11119739985812593,1.3026888492603348,strong,120.66765675304688,90fcd581-cda7-44e8-aa50-55d5073b700c,2026-08-12T23:00:36.850610+00:00,https://archive.stsci.edu/pub/kepler/lightcurves/0024/002437783/kplr002437783-2010265121752_llc.fits,/Users/adarsh/Documents/MyCodeProjects/Exoplanet_Transit_Research/kepler_llc_downloads/kplr002437783-2010265121752_llc.fits,7.4582291145572785,0.128,0.06244193091920551,0.14621230263445625,0.010005533216597189,10.71761001098956,2.295393816216608,0.9713506139154161,89.84615575696807,0.0201164,active,low_priority
kplr006862332-2009259160929_llc.fits,169.82678717618546,1.0000041988558772,0.0006190248876644488,101,0.0002,/Users/adarsh/Documents/MyCodeProjects/Exoplanet_Transit_Research/kepler_llc_downloads,1126,medium_confidence,0.06130187288363231,40.0,1.091443988726055,unstable,low_priority,below review threshold or weak supporting signals,0.0004694556767640258,0.0004522203917087797,0.00454629829914599,1.5253723975511093,strong,776.6652478233274,90fcd581-cda7-44e8-aa50-55d5073b700c,2026-08-12T23:00:36.850610+00:00,https://archive.stsci.edu/pub/kepler/lightcurves/0068/006862332/kplr006862332-2009259160929_llc.fits,/Users/adarsh/Documents/MyCodeProjects/Exoplanet_Transit_Research/kepler_llc_downloads/kplr006862332-2009259160929_llc.fits,47.67233616808404,0.3,0.0022343115265221866,7.488221996324855e-05,0.0006190248876644488,24.513833221658192,1.0277243944635086,0.9347726228755168,88.94738104293356,0.024323268,active,low_priority
kplr010854555-2009259160929_llc.fits,169.7854854336474,1.0000425607648613,0.001082306431964533,101,0.0002,/Users/adarsh/Documents/MyCodeProjects/Exoplanet_Transit_Research/kepler_llc_downloads,1148,medium_confidence,0.06130149173986865,40.0,1.099450913022756,unstable,low_priority,below review threshold or weak supporting signals,0.0004220040278482049,0.00040836583229370005,0.0019436303195851101,1.4505728805224862,strong,122.68444560345215,90fcd581-cda7-44e8-aa50-55d5073b700c,2026-08-12T23:00:36.850610+00:00,https://archive.stsci.edu/pub/kepler/lightcurves/0108/010854555/kplr010854555-2009259160929_llc.fits,/Users/adarsh/Documents/MyCodeProjects/Exoplanet_Transit_Research/kepler_llc_downloads/kplr010854555-2009259160929_llc.fits,7.582041020510255,0.068,0.0006710560321112935,8.330849667309638e-06,0.001082306431964533,12.784098331072705,0.8745679188746223,0.9347726228755168,88.9473980316543,0.07913369,active,low_priority
kplr005385509-2009259160929_llc.fits,169.8880374380824,1.0000251890949166,0.0006703550016213821,101,0.0002,/Users/adarsh/Documents/MyCodeProjects/Exoplanet_Transit_Research/kepler_llc_downloads,1189,medium_confidence,0.06130192003183765,40.0,1.098326115803956,unstable,low_priority,below review threshold or weak supporting signals,0.0005681783909207241,0.000554739795173731,0.0020486295482985417,1.494166798959668,strong,500.36875676576614,90fcd581-cda7-44e8-aa50-55d5073b700c,2026-08-12T23:00:36.850610+00:00,https://archive.stsci.edu/pub/kepler/lightcurves/0053/005385509/kplr005385509-2009259160929_llc.fits,/Users/adarsh/Documents/MyCodeProjects/Exoplanet_Transit_Research/kepler_llc_downloads/kplr005385509-2009259160929_llc.fits,30.734867433716857,0.184,0.0011109432754255065,1.0490657170311798e-05,0.0006703550016213821,28.534836934669933,0.8179949211397162,0.9347726228755168,88.94789726991439,0.12775366,active,low_priority
kplr009716391-2009350155506_llc.fits,260.286174922825,1.0000391764552987,0.0008648145598295747,101,0.0002,/Users/adarsh/Documents/MyCodeProjects/Exoplanet_Transit_Research/kepler_llc_downloads,1259,medium_confidence,0.06129847086413065,40.0,1.050817512369944,unstable,low_priority,below review threshold or weak supporting signals,0.0006425053517428384,0.0006322687051900644,0.002255314809565201,1.4045462529059023,strong,466.8679482636094,90fcd581-cda7-44e8-aa50-55d5073b700c,2026-08-12T23:00:36.850610+00:00,https://archive.stsci.edu/pub/kepler/lightcurves/0097/009716391/kplr009716391-2009350155506_llc.fits,/Users/adarsh/Documents/MyCodeProjects/Exoplanet_Transit_Research/kepler_llc_downloads/kplr009716391-2009350155506_llc.fits,28.679589794897446,0.04,0.0015781053378984544,7.471249372510785e-06,0.0008648145598295747,25.941289408646373,0.8049504263032287,0.9459954233409611,89.27112047133414,0.104254045,active,low_priority
kplr004157325-2010078095331_llc.fits,352.5398186987368,1.0000057531560658,0.0003081060358276793,101,0.0002,/Users/adarsh/Documents/MyCodeProjects/Exoplanet_Transit_Research/kepler_llc_downloads,853,medium_confidence,0.08173654326310498,40.0,1.4017606357387071,unstable,low_priority,below review threshold or weak supporting signals,0.00024191578445781394,0.00023152504088364,0.0013282837195403019,1.7716012519244941,strong,76.3113142239072,90fcd581-cda7-44e8-aa50-55d5073b700c,2026-08-12T23:00:36.850610+00:00,https://archive.stsci.edu/pub/kepler/lightcurves/0041/004157325/kplr004157325-2010078095331_llc.fits,/Users/adarsh/Documents/MyCodeProjects/Exoplanet_Transit_Research/kepler_llc_downloads/kplr004157325-2010078095331_llc.fits,6.319159579789894,0.128,0.0003908129307942012,6.720328862541936e-06,0.0003081060358276793,21.946854219122617,0.9190866007374848,0.9342733682055947,89.82633194469963,0.024873126,active,low_priority
kplr003448456-2010078095331_llc.fits,352.4580761224279,1.0000525635003983,0.0008066228828270259,101,0.0002,/Users/adarsh/Documents/MyCodeProjects/Exoplanet_Transit_Research/kepler_llc_downloads,1253,medium_confidence,0.061301430912863,40.0,1.6324802797426612,unstable,low_priority,below review threshold or weak supporting signals,0.0006517164906326635,0.0006311899489949147,0.0028742281558128413,1.483132383925522,strong,379.18938105485387,90fcd581-cda7-44e8-aa50-55d5073b700c,2026-08-12T23:00:36.850610+00:00,https://archive.stsci.edu/pub/kepler/lightcurves/0034/003448456/kplr003448456-2010078095331_llc.fits,/Users/adarsh/Documents/MyCodeProjects/Exoplanet_Transit_Research/kepler_llc_downloads/kplr003448456-2010078095331_llc.fits,23.30615307653827,0.184,0.0009497335502906906,1.1725919615120879e-05,0.0008066228828270259,27.69906260608055,0.8356692085895188,0.9342733682055947,89.82624333541025,0.42614642,active,review_with_caution
kplr009945370-2009259160929_llc.fits,169.82647383340372,1.0000415823287878,0.0008805693169977231,101,0.0002,/Users/adarsh/Documents/MyCodeProjects/Exoplanet_Transit_Research/kepler_llc_downloads,1184,medium_confidence,0.0613014388945885,40.0,1.0933933543137009,unstable,low_priority,below review threshold or weak supporting signals,0.0005449106399417882,0.000504314678252904,0.002967743341220852,1.5182903677830382,strong,617.9205513661992,90fcd581-cda7-44e8-aa50-55d5073b700c,2026-08-12T23:00:36.850610+00:00,https://archive.stsci.edu/pub/kepler/lightcurves/0099/009945370/kplr009945370-2009259160929_llc.fits,/Users/adarsh/Documents/MyCodeProjects/Exoplanet_Transit_Research/kepler_llc_downloads/kplr009945370-2009259160929_llc.fits,37.94072036018009,0.156,0.0009789648269572558,1.054209345661395e-05,0.0008805693169977231,19.706700270078326,0.813000823669748,0.9347726228755168,88.9473628923879,0.13606414,active,low_priority
kplr007697568-2009259160929_llc.fits,169.80610885313945,1.0000477109290506,0.0008643678459206082,101,0.0002,/Users/adarsh/Documents/MyCodeProjects/Exoplanet_Transit_Research/kepler_llc_downloads,1180,medium_confidence,0.06130169150856091,40.0,1.1116410875781666,unstable,low_priority,below review threshold or weak supporting signals,0.0005208779720133989,0.0005334086846361386,0.003492213085678153,1.497482942989791,strong,814.638178483499,90fcd581-cda7-44e8-aa50-55d5073b700c,2026-08-12T23:00:36.850610+00:00,https://archive.stsci.edu/pub/kepler/lightcurves/0076/007697568/kplr007697568-2009259160929_llc.fits,/Users/adarsh/Documents/MyCodeProjects/Exoplanet_Transit_Research/kepler_llc_downloads/kplr007697568-2009259160929_llc.fits,50.0,0.3,0.00261914721593643,6.173938924872796e-05,0.0008643678459206082,21.19837072669376,1.3686147923932195,0.9347726228755168,88.94789303076686,0.10087845,active,low_priority
kplr006612284-2010078095331_llc.fits,352.4992649766791,1.0000123918689134,0.000612234885273947,101,0.0002,/Users/adarsh/Documents/MyCodeProjects/Exoplanet_Transit_Research/kepler_llc_downloads,1195,medium_confidence,0.06130163498892216,40.0,1.6031748967965838,unstable,low_priority,below review threshold or weak supporting signals,0.0005392692238565443,0.0005261687461539655,0.002161106032854687,1.5138917316644438,strong,19.274686571450477,90fcd581-cda7-44e8-aa50-55d5073b700c,2026-08-12T23:00:36.850610+00:00,https://archive.stsci.edu/pub/kepler/lightcurves/0066/006612284/kplr006612284-2010078095331_llc.fits,/Users/adarsh/Documents/MyCodeProjects/Exoplanet_Transit_Research/kepler_llc_downloads/kplr006612284-2010078095331_llc.fits,1.2428714357178587,0.184,0.00025241554835046614,1.930522354186715e-05,0.000612234885273947,29.709198013994452,0.7869222094788039,0.9342733682055947,89.82599255620153,0.02295197,active,low_priority
kplr007685981-2009259160929_llc.fits,169.80622126261005,1.0000285751994096,0.0006519542080285792,101,0.0002,/Users/adarsh/Documents/MyCodeProjects/Exoplanet_Transit_Research/kepler_llc_downloads,1184,medium_confidence,0.06130145798670128,40.0,1.0965803619926553,unstable,low_priority,below review threshold or weak supporting signals,0.00046620518937127796,0.00044312149070707685,0.002187069343977166,1.470727714105692,strong,70.9796294089986,90fcd581-cda7-44e8-aa50-55d5073b700c,2026-08-12T23:00:36.850610+00:00,https://archive.stsci.edu/pub/kepler/lightcurves/0076/007685981/kplr007685981-2009259160929_llc.fits,/Users/adarsh/Documents/MyCodeProjects/Exoplanet_Transit_Research/kepler_llc_downloads/kplr007685981-2009259160929_llc.fits,4.412456228114056,0.184,0.000503995081157232,2.146393303469287e-05,0.0006519542080285791,23.387379965876278,0.8518790366907141,0.9347726228755168,88.94755441654706,0.02420471,active,low_priority
kplr006694186-2009131105131_llc.fits,120.9477145406272,0.9989895917971363,0.02779620772988333,101,0.0002,/Users/adarsh/Documents/MyCodeProjects/Exoplanet_Transit_Research/kepler_llc_downloads,16,medium_confidence,0.4699934625532478,40.0,0.6265513444224392,unstable,low_priority,below review threshold or weak supporting signals,0.018216550937091874,0.0007154790429974578,0.14509136876090045,4.682902150086534,weak,10.811921239760823,90fcd581-cda7-44e8-aa50-55d5073b700c,2026-08-12T23:00:36.850610+00:00,https://archive.stsci.edu/pub/kepler/lightcurves/0066/006694186/kplr006694186-2009131105131_llc.fits,/Users/adarsh/Documents/MyCodeProjects/Exoplanet_Transit_Research/kepler_llc_downloads/kplr006694186-2009131105131_llc.fits,5.5515257628814405,0.156,0.12241929514691413,0.10490538676987092,0.027796207729883327,0.10296067002381133,2.623397559588314,0.9852941176470589,9.7063894744133,0.056944024,active,low_priority
kplr009730163-2010265121752_llc.fits,539.510805513637,1.0000323283190564,0.0023059219531345616,101,0.0002,/Users/adarsh/Documents/MyCodeProjects/Exoplanet_Transit_Research/kepler_llc_downloads,1369,medium_confidence,0.061301017754885834,40.0,0.6364284799047598,unstable,low_priority,below review threshold or weak supporting signals,0.0017989770350267486,0.0016628708839481199,0.013689873341843573,1.365517228109013,strong,157.82881786764517,90fcd581-cda7-44e8-aa50-55d5073b700c,2026-08-12T23:00:36.850610+00:00,https://archive.stsci.edu/pub/kepler/lightcurves/0097/009730163/kplr009730163-2010265121752_llc.fits,/Users/adarsh/Documents/MyCodeProjects/Exoplanet_Transit_Research/kepler_llc_downloads/kplr009730163-2010265121752_llc.fits,9.736368184092045,0.068,0.005056872291698547,0.00037079338193095346,0.0023059219531345616,26.68183223740274,0.9392738346955962,0.9713506139154161,89.84732346388046,0.022261191,active,low_priority
kplr011494130-2009131105131_llc.fits,121.05013931418216,1.0000096582139115,0.00012323573693177956,101,0.0002,/Users/adarsh/Documents/MyCodeProjects/Exoplanet_Transit_Research/kepler_llc_downloads,17,medium_confidence,0.42911856103819446,40.0,0.6199433671626087,unstable,low_priority,below review threshold or weak supporting signals,0.0001543549794264096,0.00012311139827891893,0.00048343674792794555,3.477305294751403,weak,20.592827210860285,90fcd581-cda7-44e8-aa50-55d5073b700c,2026-08-12T23:00:36.850610+00:00,https://archive.stsci.edu/pub/kepler/lightcurves/0114/011494130/kplr011494130-2009131105131_llc.fits,/Users/adarsh/Documents/MyCodeProjects/Exoplanet_Transit_Research/kepler_llc_downloads/kplr011494130-2009131105131_llc.fits,9.265882941470736,0.3,0.00035723305349241323,9.571159088063504e-07,0.00012323573693177956,4.118945619666016,0.5771083646869123,0.9852941176470589,9.706251247866021,0.7396488,active,review_with_caution
kplr006211812-2009259160929_llc.fits,169.82677525618783,1.000042942052105,0.0006329820546455724,101,0.0002,/Users/adarsh/Documents/MyCodeProjects/Exoplanet_Transit_Research/kepler_llc_downloads,1101,medium_confidence,0.06130210920673562,40.0,1.082306472845544,unstable,low_priority,below review threshold or weak supporting signals,0.00040643181501436016,0.0003896653281929563,0.0018010930196332708,1.648150779741627,strong,10.791787265876533,90fcd581-cda7-44e8-aa50-55d5073b700c,2026-08-12T23:00:36.850610+00:00,https://archive.stsci.edu/pub/kepler/lightcurves/0062/006211812/kplr006211812-2009259160929_llc.fits,/Users/adarsh/Documents/MyCodeProjects/Exoplanet_Transit_Research/kepler_llc_downloads/kplr006211812-2009259160929_llc.fits,0.7228614307153577,0.272,7.576029115623003e-05,4.356372882502251e-06,0.0006329820546455723,20.426503201372284,0.7534990362985905,0.9347726228755168,88.94757539062994,0.050685562,active,low_priority
kplr009872831-2009259160929_llc.fits,169.8266458216749,1.0000145631068764,0.00022922355978721875,101,0.0002,/Users/adarsh/Documents/MyCodeProjects/Exoplanet_Transit_Research/kepler_llc_downloads,816,medium_confidence,0.10216501149989199,40.0,0.976157128550268,unstable,low_priority,below review threshold or weak supporting signals,0.00020258923742265102,0.00020019278350263958,0.0006339145050510142,1.8122978621941002,strong,4.863548743035325,90fcd581-cda7-44e8-aa50-55d5073b700c,2026-08-12T23:00:36.850610+00:00,https://archive.stsci.edu/pub/kepler/lightcurves/0098/009872831/kplr009872831-2009259160929_llc.fits,/Users/adarsh/Documents/MyCodeProjects/Exoplanet_Transit_Research/kepler_llc_downloads/kplr009872831-2009259160929_llc.fits,0.5990495247623812,0.3,2.9899411254972232e-05,9.020205665345058e-07,0.00022922355978721875,24.94791437009331,0.5602750604653147,0.9347726228755168,88.946736907179,0.024923388,active,low_priority
kplr009775475-2010174085026_llc.fits,443.531031890343,0.999982267898646,0.0030320980332824462,101,0.0002,/Users/adarsh/Documents/MyCodeProjects/Exoplanet_Transit_Research/kepler_llc_downloads,1438,medium_confidence,0.061302949288801756,40.0,0.6930030030483976,unstable,low_priority,below review threshold or weak supporting signals,0.0015937681850520767,0.0014987484659141903,0.08860363205232069,1.3521653294328644,strong,776.2476583862704,90fcd581-cda7-44e8-aa50-55d5073b700c,2026-08-12T23:00:36.850610+00:00,https://archive.stsci.edu/pub/kepler/lightcurves/0097/009775475/kplr009775475-2010174085026_llc.fits,/Users/adarsh/Documents/MyCodeProjects/Exoplanet_Transit_Research/kepler_llc_downloads/kplr009775475-2010174085026_llc.fits,47.647573786893446,0.096,0.042644319907139766,0.007274152081369908,0.0030320980332824467,18.744115680508443,1.6969756572831405,0.9680621493310315,94.6721840063401,0.013869732,active,low_priority
kplr010614158-2011271113734_llc.fits,906.9271510259059,0.9989510878507544,0.0080207084619715,101,0.0002,/Users/adarsh/Documents/MyCodeProjects/Exoplanet_Transit_Research/kepler_llc_downloads,671,medium_confidence,0.10216768503960338,40.0,1.0677427490981346,unstable,low_priority,below review threshold or weak supporting signals,0.0022635857729317874,0.0002840911359572873,0.035170463262392704,1.5000106347215478,weak,42.67311433909503,90fcd581-cda7-44e8-aa50-55d5073b700c,2026-08-12T23:00:36.850610+00:00,https://archive.stsci.edu/pub/kepler/lightcurves/0106/010614158/kplr010614158-2011271113734_llc.fits,/Users/adarsh/Documents/MyCodeProjects/Exoplanet_Transit_Research/kepler_llc_downloads/kplr010614158-2011271113734_llc.fits,4.461980990495247,0.3,0.019668130494590638,0.05763846821568468,0.0080207084619715,0.9175002950840611,3.491338710438166,0.9711349223704352,93.42327972375642,0.013427642,active,low_priority
kplr010340212-2009259160929_llc.fits,169.78544005309232,1.00008016721382,0.002395398643003198,101,0.0002,/Users/adarsh/Documents/MyCodeProjects/Exoplanet_Transit_Research/kepler_llc_downloads,1312,medium_confidence,0.06130065750767244,40.0,1.1588360653487921,unstable,low_priority,below review threshold or weak supporting signals,0.0019019457428183224,0.0018287748283459804,0.009438441990394009,1.3827351565785193,strong,736.6896475303748,90fcd581-cda7-44e8-aa50-55d5073b700c,2026-08-12T23:00:36.850610+00:00,https://archive.stsci.edu/pub/kepler/lightcurves/0103/010340212/kplr010340212-2009259160929_llc.fits,/Users/adarsh/Documents/MyCodeProjects/Exoplanet_Transit_Research/kepler_llc_downloads/kplr010340212-2009259160929_llc.fits,45.220860430215104,0.212,0.0030711008856344896,0.0001037482671471944,0.002395398643003198,27.65345208819489,0.9083174653386962,0.9347726228755168,88.94765195046784,0.19670387,active,low_priority
kplr005164255-2009259160929_llc.fits,169.80678057397017,0.9999828079851782,0.0020206448171004566,101,0.0002,/Users/adarsh/Documents/MyCodeProjects/Exoplanet_Transit_Research/kepler_llc_downloads,1296,medium_confidence,0.06129991873604013,40.0,1.1372341328380209,unstable,low_priority,below review threshold or weak supporting signals,0.0011436692230602703,0.001009526121661497,0.018796215014254214,1.422318599896471,strong,249.93330321992914,90fcd581-cda7-44e8-aa50-55d5073b700c,2026-08-12T23:00:36.850610+00:00,https://archive.stsci.edu/pub/kepler/lightcurves/0051/005164255/kplr005164255-2009259160929_llc.fits,/Users/adarsh/Documents/MyCodeProjects/Exoplanet_Transit_Research/kepler_llc_downloads/kplr005164255-2009259160929_llc.fits,15.382191095547773,0.128,0.013196309143330247,0.003308708925120488,0.002020644817100457,17.985813277152058,1.3567872767027909,0.9347726228755168,88.946488972113,0.035342596,active,low_priority
kplr003967326-2010078095331_llc.fits,352.4377838768196,1.0000832029150837,0.0011206122422217587,101,0.0002,/Users/adarsh/Documents/MyCodeProjects/Exoplanet_Transit_Research/kepler_llc_downloads,1074,medium_confidence,0.06130270758148981,40.0,1.540809048644331,unstable,low_priority,below review threshold or weak supporting signals,0.0003809597589758632,0.00040931177331665625,0.003787496267705137,1.5000241404688381,strong,77.44114096871542,90fcd581-cda7-44e8-aa50-55d5073b700c,2026-08-12T23:00:36.850610+00:00,https://archive.stsci.edu/pub/kepler/lightcurves/0039/003967326/kplr003967326-2010078095331_llc.fits,/Users/adarsh/Documents/MyCodeProjects/Exoplanet_Transit_Research/kepler_llc_downloads/kplr003967326-2010078095331_llc.fits,4.808654327163581,0.3,0.0011234596666362105,0.00016344993012130569,0.0011206122422217587,11.970189196821684,2.5242717035392204,0.9342733682055947,89.8259913836664,0.08506684,active,low_priority
kplr002309585-2010078095331_llc.fits,352.5806084330761,0.9999963760456609,0.000733543694319547,101,0.0002,/Users/adarsh/Documents/MyCodeProjects/Exoplanet_Transit_Research/kepler_llc_downloads,1202,medium_confidence,0.06130174297140911,40.0,1.6145893795709318,unstable,low_priority,below review threshold or weak supporting signals,0.000570769797913468,0.0005196753706439572,0.004083864058957443,1.417269537715697,strong,28.969271593941365,90fcd581-cda7-44e8-aa50-55d5073b700c,2026-08-12T23:00:36.850610+00:00,https://archive.stsci.edu/pub/kepler/lightcurves/0023/002309585/kplr002309585-2010078095331_llc.fits,/Users/adarsh/Documents/MyCodeProjects/Exoplanet_Transit_Research/kepler_llc_downloads/kplr002309585-2010078095331_llc.fits,1.837168584292146,0.096,0.0011812819534590764,0.00014861298120500172,0.0007335436943195471,24.561697602622598,1.0336984359962247,0.9342733682055947,89.826260951726,0.03726918,active,low_priority
kplr007889486-2009259160929_llc.fits,169.7858256797772,1.0000384600151604,0.000759716374132635,101,0.0002,/Users/adarsh/Documents/MyCodeProjects/Exoplanet_Transit_Research/kepler_llc_downloads,1194,medium_confidence,0.06130138067237567,40.0,1.0968540918607752,unstable,low_priority,below review threshold or weak supporting signals,0.0004442254115779656,0.00044170491208012086,0.001618074424885374,1.5516767617509686,strong,744.3558985405753,90fcd581-cda7-44e8-aa50-55d5073b700c,2026-08-12T23:00:36.850610+00:00,https://archive.stsci.edu/pub/kepler/lightcurves/0078/007889486/kplr007889486-2009259160929_llc.fits,/Users/adarsh/Documents/MyCodeProjects/Exoplanet_Transit_Research/kepler_llc_downloads/kplr007889486-2009259160929_llc.fits,45.69134567283642,0.212,0.00088109898953046,8.539689722867576e-06,0.0007597163741326349,20.090137332603692,0.8022696658040595,0.9347726228755168,88.94740769715281,0.21967936,active,low_priority
kplr009656543-2010265121752_llc.fits,539.633587881719,0.9826594710653631,0.0774304904749332,101,0.0002,/Users/adarsh/Documents/MyCodeProjects/Exoplanet_Transit_Research/kepler_llc_downloads,934,medium_confidence,0.08173431699106004,40.0,0.779497129470026,unstable,low_priority,below review threshold or weak supporting signals,0.027262276104591313,0.0007435095105150502,0.42464513757516287,1.054462353449935,weak,45.7142715581436,90fcd581-cda7-44e8-aa50-55d5073b700c,2026-08-12T23:00:36.850610+00:00,https://archive.stsci.edu/pub/kepler/lightcurves/0096/009656543/kplr009656543-2010265121752_llc.fits,/Users/adarsh/Documents/MyCodeProjects/Exoplanet_Transit_Research/kepler_llc_downloads/kplr009656543-2010265121752_llc.fits,3.8181590795397695,0.068,0.28259627334317605,3.274286802005494,0.0774304904749332,0.2934593531830321,3.701786881759981,0.9713506139154161,89.8469567898428,0.014024077,active,low_priority
kplr002716853-2009259160929_llc.fits,169.82716024631372,1.0000373215738634,0.0009530647706875844,101,0.0002,/Users/adarsh/Documents/MyCodeProjects/Exoplanet_Transit_Research/kepler_llc_downloads,1284,medium_confidence,0.06130045378085924,40.0,1.1210490327524645,unstable,low_priority,below review threshold or weak supporting signals,0.000744031618627785,0.0007306384674768407,0.002761032692932819,1.401396050813787,strong,306.48425663557805,90fcd581-cda7-44e8-aa50-55d5073b700c,2026-08-12T23:00:36.850610+00:00,https://archive.stsci.edu/pub/kepler/lightcurves/0027/002716853/kplr002716853-2009259160929_llc.fits,/Users/adarsh/Documents/MyCodeProjects/Exoplanet_Transit_Research/kepler_llc_downloads/kplr002716853-2009259160929_llc.fits,18.848924462231114,0.128,0.0008533550794421067,1.165143826575431e-05,0.0009530647706875844,27.470251090730457,0.8232324763693262,0.9347726228755168,88.94725593487965,0.31111163,active,low_priority
kplr011966557-2009259160929_llc.fits,169.78515006392263,0.9984596565758054,0.022259755521743647,101,0.0002,/Users/adarsh/Documents/MyCodeProjects/Exoplanet_Transit_Research/kepler_llc_downloads,1144,medium_confidence,0.0613015431954409,40.0,1.1376701293993907,unstable,low_priority,below review threshold or weak supporting signals,0.0012391672130147812,0.0004978709819936644,0.3181041128488895,1.411254435093241,weak,629.6338698759295,90fcd581-cda7-44e8-aa50-55d5073b700c,2026-08-12T23:00:36.850610+00:00,https://archive.stsci.edu/pub/kepler/lightcurves/0119/011966557/kplr011966557-2009259160929_llc.fits,/Users/adarsh/Documents/MyCodeProjects/Exoplanet_Transit_Research/kepler_llc_downloads/kplr011966557-2009259160929_llc.fits,38.65882941470735,0.3,0.2589442798403348,0.5028910504652221,0.022259755521743647,0.7565008782688771,10.326663843408829,0.9347726228755168,88.94789038278395,0.044415057,active,low_priority
kplr004076098-2010078095331_llc.fits,352.4378377214671,0.9999542130045427,0.0014951917134470292,101,0.0002,/Users/adarsh/Documents/MyCodeProjects/Exoplanet_Transit_Research/kepler_llc_downloads,1178,medium_confidence,0.06130194145225687,40.0,1.612532394675515,unstable,low_priority,below review threshold or weak supporting signals,0.000631387115631971,0.0004985328476312945,0.00760188173711196,1.541692489509387,strong,64.11206094480043,90fcd581-cda7-44e8-aa50-55d5073b700c,2026-08-12T23:00:36.850610+00:00,https://archive.stsci.edu/pub/kepler/lightcurves/0040/004076098/kplr004076098-2010078095331_llc.fits,/Users/adarsh/Documents/MyCodeProjects/Exoplanet_Transit_Research/kepler_llc_downloads/kplr004076098-2010078095331_llc.fits,3.991495747873937,0.096,0.0049116894340925565,0.0011338605755578937,0.0014951917134470292,11.443781113480608,1.4714244919830504,0.9342733682055947,89.82585604957421,0.06957039,active,low_priority
kplr008227661-2010265121752_llc.fits,539.5521928713861,1.0000229265695109,0.0008315374653038452,101,0.0002,/Users/adarsh/Documents/MyCodeProjects/Exoplanet_Transit_Research/kepler_llc_downloads,1289,medium_confidence,0.06130103283067001,40.0,0.6562062880493952,unstable,low_priority,below review threshold or weak supporting signals,0.0007228559362873539,0.0006899529150737882,0.0029900607385534572,1.4359856233886603,strong,296.3826718845347,90fcd581-cda7-44e8-aa50-55d5073b700c,2026-08-12T23:00:36.850610+00:00,https://archive.stsci.edu/pub/kepler/lightcurves/0082/008227661/kplr008227661-2010265121752_llc.fits,/Users/adarsh/Documents/MyCodeProjects/Exoplanet_Transit_Research/kepler_llc_downloads/kplr008227661-2010265121752_llc.fits,18.22986493246623,0.04,0.001564055272095283,1.2231344470845246e-05,0.0008315374653038452,29.789560179957245,0.8261979277550986,0.9713506139154161,89.8464113358641,0.028427945,active,low_priority
kplr003632418-2009131105131_llc.fits,122.6034207577759,1.0000037365034338,4.333238233703497e-05,101,0.0002,/Users/adarsh/Documents/MyCodeProjects/Exoplanet_Transit_Research/kepler_llc_downloads,2,medium_confidence,,30.0,,unknown,low_priority,below review threshold or weak supporting signals,0.00011709892643835262,0.00011709892643835262,0.0001289388784315726,12.469228148469142,weak,,90fcd581-cda7-44e8-aa50-55d5073b700c,2026-08-12T23:00:36.850610+00:00,https://archive.stsci.edu/pub/kepler/lightcurves/0036/003632418/kplr003632418-2009131105131_llc.fits,/Users/adarsh/Documents/MyCodeProjects/Exoplanet_Transit_Research/kepler_llc_downloads/kplr003632418-2009131105131_llc.fits,1.6885942971485743,0.3,3.9109871393517654e-05,6.653681875816083e-08,4.333238233703497e-05,3.8216890227821962,0.10111067926359832,0.9852941176470589,9.70640654264571,0.73845357,active,review_with_caution
kplr006049470-2009131105131_llc.fits,123.23631801981537,1.0000065208455506,4.2789574433074356e-05,101,0.0002,/Users/adarsh/Documents/MyCodeProjects/Exoplanet_Transit_Research/kepler_llc_downloads,2,medium_confidence,,30.0,,unknown,low_priority,below review threshold or weak supporting signals,7.847401540983512e-05,7.847401540983512e-05,8.446139666984376e-05,37.938017432296455,weak,,90fcd581-cda7-44e8-aa50-55d5073b700c,2026-08-12T23:00:36.850610+00:00,https://archive.stsci.edu/pub/kepler/lightcurves/0060/006049470/kplr006049470-2009131105131_llc.fits,/Users/adarsh/Documents/MyCodeProjects/Exoplanet_Transit_Research/kepler_llc_downloads/kplr006049470-2009131105131_llc.fits,1.5400200100050025,0.3,3.726451249386635e-05,5.901736538473466e-08,4.2789574433074356e-05,2.5935994539988334,0.07629762831351489,0.9852941176470589,9.706406676115876,0.7040302,active,review_with_caution
